06:13:14 **** Build of configuration Debug for project MFM383 ****
make -j8 all 
arm-none-eabi-gcc "../Drivers/STM32F4xx_HAL_Driver/Src/stm32f4xx_hal.c" -mcpu=cortex-m4 -std=gnu11 -g3 -DDEBUG -DUSE_HAL_DRIVER -DSTM32F407xx -c -I../Core/Inc -I../Drivers/STM32F4xx_HAL_Driver/Inc -I../Drivers/STM32F4xx_HAL_Driver/Inc/Legacy -I../Drivers/CMSIS/Device/ST/STM32F4xx/Include -I../Drivers/CMSIS/Include -O0 -ffunction-sections -fdata-sections -Wall -fstack-usage -fcyclomatic-complexity -MMD -MP -MF"Drivers/STM32F4xx_HAL_Driver/Src/stm32f4xx_hal.d" -MT"Drivers/STM32F4xx_HAL_Driver/Src/stm32f4xx_hal.o" --specs=nano.specs -mfpu=fpv4-sp-d16 -mfloat-abi=hard -mthumb -o "Drivers/STM32F4xx_HAL_Driver/Src/stm32f4xx_hal.o"
arm-none-eabi-gcc "../Drivers/STM32F4xx_HAL_Driver/Src/stm32f4xx_hal_cortex.c" -mcpu=cortex-m4 -std=gnu11 -g3 -DDEBUG -DUSE_HAL_DRIVER -DSTM32F407xx -c -I../Core/Inc -I../Drivers/STM32F4xx_HAL_Driver/Inc -I../Drivers/STM32F4xx_HAL_Driver/Inc/Legacy -I../Drivers/CMSIS/Device/ST/STM32F4xx/Include -I../Drivers/CMSIS/Include -O0 -ffunction-sections -fdata-sections -Wall -fstack-usage -fcyclomatic-complexity -MMD -MP -MF"Drivers/STM32F4xx_HAL_Driver/Src/stm32f4xx_hal_cortex.d" -MT"Drivers/STM32F4xx_HAL_Driver/Src/stm32f4xx_hal_cortex.o" --specs=nano.specs -mfpu=fpv4-sp-d16 -mfloat-abi=hard -mthumb -o "Drivers/STM32F4xx_HAL_Driver/Src/stm32f4xx_hal_cortex.o"
arm-none-eabi-gcc "../Drivers/STM32F4xx_HAL_Driver/Src/stm32f4xx_hal_dma.c" -mcpu=cortex-m4 -std=gnu11 -g3 -DDEBUG -DUSE_HAL_DRIVER -DSTM32F407xx -c -I../Core/Inc -I../Drivers/STM32F4xx_HAL_Driver/Inc -I../Drivers/STM32F4xx_HAL_Driver/Inc/Legacy -I../Drivers/CMSIS/Device/ST/STM32F4xx/Include -I../Drivers/CMSIS/Include -O0 -ffunction-sections -fdata-sections -Wall -fstack-usage -fcyclomatic-complexity -MMD -MP -MF"Drivers/STM32F4xx_HAL_Driver/Src/stm32f4xx_hal_dma.d" -MT"Drivers/STM32F4xx_HAL_Driver/Src/stm32f4xx_hal_dma.o" --specs=nano.specs -mfpu=fpv4-sp-d16 -mfloat-abi=hard -mthumb -o "Drivers/STM32F4xx_HAL_Driver/Src/stm32f4xx_hal_dma.o"
arm-none-eabi-gcc "../Drivers/STM32F4xx_HAL_Driver/Src/stm32f4xx_hal_dma_ex.c" -mcpu=cortex-m4 -std=gnu11 -g3 -DDEBUG -DUSE_HAL_DRIVER -DSTM32F407xx -c -I../Core/Inc -I../Drivers/STM32F4xx_HAL_Driver/Inc -I../Drivers/STM32F4xx_HAL_Driver/Inc/Legacy -I../Drivers/CMSIS/Device/ST/STM32F4xx/Include -I../Drivers/CMSIS/Include -O0 -ffunction-sections -fdata-sections -Wall -fstack-usage -fcyclomatic-complexity -MMD -MP -MF"Drivers/STM32F4xx_HAL_Driver/Src/stm32f4xx_hal_dma_ex.d" -MT"Drivers/STM32F4xx_HAL_Driver/Src/stm32f4xx_hal_dma_ex.o" --specs=nano.specs -mfpu=fpv4-sp-d16 -mfloat-abi=hard -mthumb -o "Drivers/STM32F4xx_HAL_Driver/Src/stm32f4xx_hal_dma_ex.o"
arm-none-eabi-gcc "../Drivers/STM32F4xx_HAL_Driver/Src/stm32f4xx_hal_exti.c" -mcpu=cortex-m4 -std=gnu11 -g3 -DDEBUG -DUSE_HAL_DRIVER -DSTM32F407xx -c -I../Core/Inc -I../Drivers/STM32F4xx_HAL_Driver/Inc -I../Drivers/STM32F4xx_HAL_Driver/Inc/Legacy -I../Drivers/CMSIS/Device/ST/STM32F4xx/Include -I../Drivers/CMSIS/Include -O0 -ffunction-sections -fdata-sections -Wall -fstack-usage -fcyclomatic-complexity -MMD -MP -MF"Drivers/STM32F4xx_HAL_Driver/Src/stm32f4xx_hal_exti.d" -MT"Drivers/STM32F4xx_HAL_Driver/Src/stm32f4xx_hal_exti.o" --specs=nano.specs -mfpu=fpv4-sp-d16 -mfloat-abi=hard -mthumb -o "Drivers/STM32F4xx_HAL_Driver/Src/stm32f4xx_hal_exti.o"
arm-none-eabi-gcc "../Drivers/STM32F4xx_HAL_Driver/Src/stm32f4xx_hal_flash.c" -mcpu=cortex-m4 -std=gnu11 -g3 -DDEBUG -DUSE_HAL_DRIVER -DSTM32F407xx -c -I../Core/Inc -I../Drivers/STM32F4xx_HAL_Driver/Inc -I../Drivers/STM32F4xx_HAL_Driver/Inc/Legacy -I../Drivers/CMSIS/Device/ST/STM32F4xx/Include -I../Drivers/CMSIS/Include -O0 -ffunction-sections -fdata-sections -Wall -fstack-usage -fcyclomatic-complexity -MMD -MP -MF"Drivers/STM32F4xx_HAL_Driver/Src/stm32f4xx_hal_flash.d" -MT"Drivers/STM32F4xx_HAL_Driver/Src/stm32f4xx_hal_flash.o" --specs=nano.specs -mfpu=fpv4-sp-d16 -mfloat-abi=hard -mthumb -o "Drivers/STM32F4xx_HAL_Driver/Src/stm32f4xx_hal_flash.o"
arm-none-eabi-gcc "../Drivers/STM32F4xx_HAL_Driver/Src/stm32f4xx_hal_flash_ex.c" -mcpu=cortex-m4 -std=gnu11 -g3 -DDEBUG -DUSE_HAL_DRIVER -DSTM32F407xx -c -I../Core/Inc -I../Drivers/STM32F4xx_HAL_Driver/Inc -I../Drivers/STM32F4xx_HAL_Driver/Inc/Legacy -I../Drivers/CMSIS/Device/ST/STM32F4xx/Include -I../Drivers/CMSIS/Include -O0 -ffunction-sections -fdata-sections -Wall -fstack-usage -fcyclomatic-complexity -MMD -MP -MF"Drivers/STM32F4xx_HAL_Driver/Src/stm32f4xx_hal_flash_ex.d" -MT"Drivers/STM32F4xx_HAL_Driver/Src/stm32f4xx_hal_flash_ex.o" --specs=nano.specs -mfpu=fpv4-sp-d16 -mfloat-abi=hard -mthumb -o "Drivers/STM32F4xx_HAL_Driver/Src/stm32f4xx_hal_flash_ex.o"
arm-none-eabi-gcc "../Drivers/STM32F4xx_HAL_Driver/Src/stm32f4xx_hal_flash_ramfunc.c" -mcpu=cortex-m4 -std=gnu11 -g3 -DDEBUG -DUSE_HAL_DRIVER -DSTM32F407xx -c -I../Core/Inc -I../Drivers/STM32F4xx_HAL_Driver/Inc -I../Drivers/STM32F4xx_HAL_Driver/Inc/Legacy -I../Drivers/CMSIS/Device/ST/STM32F4xx/Include -I../Drivers/CMSIS/Include -O0 -ffunction-sections -fdata-sections -Wall -fstack-usage -fcyclomatic-complexity -MMD -MP -MF"Drivers/STM32F4xx_HAL_Driver/Src/stm32f4xx_hal_flash_ramfunc.d" -MT"Drivers/STM32F4xx_HAL_Driver/Src/stm32f4xx_hal_flash_ramfunc.o" --specs=nano.specs -mfpu=fpv4-sp-d16 -mfloat-abi=hard -mthumb -o "Drivers/STM32F4xx_HAL_Driver/Src/stm32f4xx_hal_flash_ramfunc.o"
arm-none-eabi-gcc "../Drivers/STM32F4xx_HAL_Driver/Src/stm32f4xx_hal_gpio.c" -mcpu=cortex-m4 -std=gnu11 -g3 -DDEBUG -DUSE_HAL_DRIVER -DSTM32F407xx -c -I../Core/Inc -I../Drivers/STM32F4xx_HAL_Driver/Inc -I../Drivers/STM32F4xx_HAL_Driver/Inc/Legacy -I../Drivers/CMSIS/Device/ST/STM32F4xx/Include -I../Drivers/CMSIS/Include -O0 -ffunction-sections -fdata-sections -Wall -fstack-usage -fcyclomatic-complexity -MMD -MP -MF"Drivers/STM32F4xx_HAL_Driver/Src/stm32f4xx_hal_gpio.d" -MT"Drivers/STM32F4xx_HAL_Driver/Src/stm32f4xx_hal_gpio.o" --specs=nano.specs -mfpu=fpv4-sp-d16 -mfloat-abi=hard -mthumb -o "Drivers/STM32F4xx_HAL_Driver/Src/stm32f4xx_hal_gpio.o"
arm-none-eabi-gcc "../Drivers/STM32F4xx_HAL_Driver/Src/stm32f4xx_hal_pwr.c" -mcpu=cortex-m4 -std=gnu11 -g3 -DDEBUG -DUSE_HAL_DRIVER -DSTM32F407xx -c -I../Core/Inc -I../Drivers/STM32F4xx_HAL_Driver/Inc -I../Drivers/STM32F4xx_HAL_Driver/Inc/Legacy -I../Drivers/CMSIS/Device/ST/STM32F4xx/Include -I../Drivers/CMSIS/Include -O0 -ffunction-sections -fdata-sections -Wall -fstack-usage -fcyclomatic-complexity -MMD -MP -MF"Drivers/STM32F4xx_HAL_Driver/Src/stm32f4xx_hal_pwr.d" -MT"Drivers/STM32F4xx_HAL_Driver/Src/stm32f4xx_hal_pwr.o" --specs=nano.specs -mfpu=fpv4-sp-d16 -mfloat-abi=hard -mthumb -o "Drivers/STM32F4xx_HAL_Driver/Src/stm32f4xx_hal_pwr.o"
arm-none-eabi-gcc "../Drivers/STM32F4xx_HAL_Driver/Src/stm32f4xx_hal_pwr_ex.c" -mcpu=cortex-m4 -std=gnu11 -g3 -DDEBUG -DUSE_HAL_DRIVER -DSTM32F407xx -c -I../Core/Inc -I../Drivers/STM32F4xx_HAL_Driver/Inc -I../Drivers/STM32F4xx_HAL_Driver/Inc/Legacy -I../Drivers/CMSIS/Device/ST/STM32F4xx/Include -I../Drivers/CMSIS/Include -O0 -ffunction-sections -fdata-sections -Wall -fstack-usage -fcyclomatic-complexity -MMD -MP -MF"Drivers/STM32F4xx_HAL_Driver/Src/stm32f4xx_hal_pwr_ex.d" -MT"Drivers/STM32F4xx_HAL_Driver/Src/stm32f4xx_hal_pwr_ex.o" --specs=nano.specs -mfpu=fpv4-sp-d16 -mfloat-abi=hard -mthumb -o "Drivers/STM32F4xx_HAL_Driver/Src/stm32f4xx_hal_pwr_ex.o"
arm-none-eabi-gcc "../Drivers/STM32F4xx_HAL_Driver/Src/stm32f4xx_hal_rcc.c" -mcpu=cortex-m4 -std=gnu11 -g3 -DDEBUG -DUSE_HAL_DRIVER -DSTM32F407xx -c -I../Core/Inc -I../Drivers/STM32F4xx_HAL_Driver/Inc -I../Drivers/STM32F4xx_HAL_Driver/Inc/Legacy -I../Drivers/CMSIS/Device/ST/STM32F4xx/Include -I../Drivers/CMSIS/Include -O0 -ffunction-sections -fdata-sections -Wall -fstack-usage -fcyclomatic-complexity -MMD -MP -MF"Drivers/STM32F4xx_HAL_Driver/Src/stm32f4xx_hal_rcc.d" -MT"Drivers/STM32F4xx_HAL_Driver/Src/stm32f4xx_hal_rcc.o" --specs=nano.specs -mfpu=fpv4-sp-d16 -mfloat-abi=hard -mthumb -o "Drivers/STM32F4xx_HAL_Driver/Src/stm32f4xx_hal_rcc.o"
arm-none-eabi-gcc "../Drivers/STM32F4xx_HAL_Driver/Src/stm32f4xx_hal_rcc_ex.c" -mcpu=cortex-m4 -std=gnu11 -g3 -DDEBUG -DUSE_HAL_DRIVER -DSTM32F407xx -c -I../Core/Inc -I../Drivers/STM32F4xx_HAL_Driver/Inc -I../Drivers/STM32F4xx_HAL_Driver/Inc/Legacy -I../Drivers/CMSIS/Device/ST/STM32F4xx/Include -I../Drivers/CMSIS/Include -O0 -ffunction-sections -fdata-sections -Wall -fstack-usage -fcyclomatic-complexity -MMD -MP -MF"Drivers/STM32F4xx_HAL_Driver/Src/stm32f4xx_hal_rcc_ex.d" -MT"Drivers/STM32F4xx_HAL_Driver/Src/stm32f4xx_hal_rcc_ex.o" --specs=nano.specs -mfpu=fpv4-sp-d16 -mfloat-abi=hard -mthumb -o "Drivers/STM32F4xx_HAL_Driver/Src/stm32f4xx_hal_rcc_ex.o"
arm-none-eabi-gcc "../Drivers/STM32F4xx_HAL_Driver/Src/stm32f4xx_hal_tim.c" -mcpu=cortex-m4 -std=gnu11 -g3 -DDEBUG -DUSE_HAL_DRIVER -DSTM32F407xx -c -I../Core/Inc -I../Drivers/STM32F4xx_HAL_Driver/Inc -I../Drivers/STM32F4xx_HAL_Driver/Inc/Legacy -I../Drivers/CMSIS/Device/ST/STM32F4xx/Include -I../Drivers/CMSIS/Include -O0 -ffunction-sections -fdata-sections -Wall -fstack-usage -fcyclomatic-complexity -MMD -MP -MF"Drivers/STM32F4xx_HAL_Driver/Src/stm32f4xx_hal_tim.d" -MT"Drivers/STM32F4xx_HAL_Driver/Src/stm32f4xx_hal_tim.o" --specs=nano.specs -mfpu=fpv4-sp-d16 -mfloat-abi=hard -mthumb -o "Drivers/STM32F4xx_HAL_Driver/Src/stm32f4xx_hal_tim.o"
arm-none-eabi-gcc "../Drivers/STM32F4xx_HAL_Driver/Src/stm32f4xx_hal_tim_ex.c" -mcpu=cortex-m4 -std=gnu11 -g3 -DDEBUG -DUSE_HAL_DRIVER -DSTM32F407xx -c -I../Core/Inc -I../Drivers/STM32F4xx_HAL_Driver/Inc -I../Drivers/STM32F4xx_HAL_Driver/Inc/Legacy -I../Drivers/CMSIS/Device/ST/STM32F4xx/Include -I../Drivers/CMSIS/Include -O0 -ffunction-sections -fdata-sections -Wall -fstack-usage -fcyclomatic-complexity -MMD -MP -MF"Drivers/STM32F4xx_HAL_Driver/Src/stm32f4xx_hal_tim_ex.d" -MT"Drivers/STM32F4xx_HAL_Driver/Src/stm32f4xx_hal_tim_ex.o" --specs=nano.specs -mfpu=fpv4-sp-d16 -mfloat-abi=hard -mthumb -o "Drivers/STM32F4xx_HAL_Driver/Src/stm32f4xx_hal_tim_ex.o"
arm-none-eabi-gcc -mcpu=cortex-m4 -g3 -DDEBUG -c -x assembler-with-cpp -MMD -MP -MF"Core/Startup/startup_stm32f407vgtx.d" -MT"Core/Startup/startup_stm32f407vgtx.o" --specs=nano.specs -mfpu=fpv4-sp-d16 -mfloat-abi=hard -mthumb -o "Core/Startup/startup_stm32f407vgtx.o" "../Core/Startup/startup_stm32f407vgtx.s"
arm-none-eabi-gcc "../Core/Src/main.c" -mcpu=cortex-m4 -std=gnu11 -g3 -DDEBUG -DUSE_HAL_DRIVER -DSTM32F407xx -c -I../Core/Inc -I../Drivers/STM32F4xx_HAL_Driver/Inc -I../Drivers/STM32F4xx_HAL_Driver/Inc/Legacy -I../Drivers/CMSIS/Device/ST/STM32F4xx/Include -I../Drivers/CMSIS/Include -O0 -ffunction-sections -fdata-sections -Wall -fstack-usage -fcyclomatic-complexity -MMD -MP -MF"Core/Src/main.d" -MT"Core/Src/main.o" --specs=nano.specs -mfpu=fpv4-sp-d16 -mfloat-abi=hard -mthumb -o "Core/Src/main.o"
arm-none-eabi-gcc "../Core/Src/stm32f4xx_hal_msp.c" -mcpu=cortex-m4 -std=gnu11 -g3 -DDEBUG -DUSE_HAL_DRIVER -DSTM32F407xx -c -I../Core/Inc -I../Drivers/STM32F4xx_HAL_Driver/Inc -I../Drivers/STM32F4xx_HAL_Driver/Inc/Legacy -I../Drivers/CMSIS/Device/ST/STM32F4xx/Include -I../Drivers/CMSIS/Include -O0 -ffunction-sections -fdata-sections -Wall -fstack-usage -fcyclomatic-complexity -MMD -MP -MF"Core/Src/stm32f4xx_hal_msp.d" -MT"Core/Src/stm32f4xx_hal_msp.o" --specs=nano.specs -mfpu=fpv4-sp-d16 -mfloat-abi=hard -mthumb -o "Core/Src/stm32f4xx_hal_msp.o"
arm-none-eabi-gcc "../Core/Src/stm32f4xx_it.c" -mcpu=cortex-m4 -std=gnu11 -g3 -DDEBUG -DUSE_HAL_DRIVER -DSTM32F407xx -c -I../Core/Inc -I../Drivers/STM32F4xx_HAL_Driver/Inc -I../Drivers/STM32F4xx_HAL_Driver/Inc/Legacy -I../Drivers/CMSIS/Device/ST/STM32F4xx/Include -I../Drivers/CMSIS/Include -O0 -ffunction-sections -fdata-sections -Wall -fstack-usage -fcyclomatic-complexity -MMD -MP -MF"Core/Src/stm32f4xx_it.d" -MT"Core/Src/stm32f4xx_it.o" --specs=nano.specs -mfpu=fpv4-sp-d16 -mfloat-abi=hard -mthumb -o "Core/Src/stm32f4xx_it.o"
arm-none-eabi-gcc "../Core/Src/syscalls.c" -mcpu=cortex-m4 -std=gnu11 -g3 -DDEBUG -DUSE_HAL_DRIVER -DSTM32F407xx -c -I../Core/Inc -I../Drivers/STM32F4xx_HAL_Driver/Inc -I../Drivers/STM32F4xx_HAL_Driver/Inc/Legacy -I../Drivers/CMSIS/Device/ST/STM32F4xx/Include -I../Drivers/CMSIS/Include -O0 -ffunction-sections -fdata-sections -Wall -fstack-usage -fcyclomatic-complexity -MMD -MP -MF"Core/Src/syscalls.d" -MT"Core/Src/syscalls.o" --specs=nano.specs -mfpu=fpv4-sp-d16 -mfloat-abi=hard -mthumb -o "Core/Src/syscalls.o"
arm-none-eabi-gcc "../Core/Src/sysmem.c" -mcpu=cortex-m4 -std=gnu11 -g3 -DDEBUG -DUSE_HAL_DRIVER -DSTM32F407xx -c -I../Core/Inc -I../Drivers/STM32F4xx_HAL_Driver/Inc -I../Drivers/STM32F4xx_HAL_Driver/Inc/Legacy -I../Drivers/CMSIS/Device/ST/STM32F4xx/Include -I../Drivers/CMSIS/Include -O0 -ffunction-sections -fdata-sections -Wall -fstack-usage -fcyclomatic-complexity -MMD -MP -MF"Core/Src/sysmem.d" -MT"Core/Src/sysmem.o" --specs=nano.specs -mfpu=fpv4-sp-d16 -mfloat-abi=hard -mthumb -o "Core/Src/sysmem.o"
arm-none-eabi-gcc "../Core/Src/system_stm32f4xx.c" -mcpu=cortex-m4 -std=gnu11 -g3 -DDEBUG -DUSE_HAL_DRIVER -DSTM32F407xx -c -I../Core/Inc -I../Drivers/STM32F4xx_HAL_Driver/Inc -I../Drivers/STM32F4xx_HAL_Driver/Inc/Legacy -I../Drivers/CMSIS/Device/ST/STM32F4xx/Include -I../Drivers/CMSIS/Include -O0 -ffunction-sections -fdata-sections -Wall -fstack-usage -fcyclomatic-complexity -MMD -MP -MF"Core/Src/system_stm32f4xx.d" -MT"Core/Src/system_stm32f4xx.o" --specs=nano.specs -mfpu=fpv4-sp-d16 -mfloat-abi=hard -mthumb -o "Core/Src/system_stm32f4xx.o"
arm-none-eabi-gcc -o "MFM383.elf" @"objects.list"   -mcpu=cortex-m4 -T"D:\Project_2026\Modbud_MFM383A-C\STM32F407VGT\MFM383\STM32F407VGTX_FLASH.ld" --specs=nosys.specs -Wl,-Map="MFM383.map" -Wl,--gc-sections -static --specs=nano.specs -mfpu=fpv4-sp-d16 -mfloat-abi=hard -mthumb -Wl,--start-group -lc -lm -Wl,--end-group
Finished building target: MFM383.elf
 
arm-none-eabi-size  MFM383.elf 
arm-none-eabi-objdump -h -S MFM383.elf  > "MFM383.list"
   text	   data	    bss	    dec	    hex	filename
   4908	     12	   1572	   6492	   195c	MFM383.elf
Finished building: default.size.stdout
 
Finished building: MFM383.list
 
06:14:03 **** Incremental Build of configuration Debug for project MFM383 ****
make -j8 all 
arm-none-eabi-size  MFM383.elf 
   text	   data	    bss	    dec	    hex	filename
   4908	     12	   1572	   6492	   195c	MFM383.elf
Finished building: default.size.stdout
 
06:14:15 **** Incremental Build of configuration Debug for project MFM383 ****
make -j8 all 
arm-none-eabi-size  MFM383.elf 
   text	   data	    bss	    dec	    hex	filename
   4908	     12	   1572	   6492	   195c	MFM383.elf
Finished building: default.size.stdout
 
06:15:26 **** Incremental Build of configuration Debug for project MFM383 ****
make -j8 all 
arm-none-eabi-size  MFM383.elf 
   text	   data	    bss	    dec	    hex	filename
   4908	     12	   1572	   6492	   195c	MFM383.elf
Finished building: default.size.stdout
 
06:17:41 **** Incremental Build of configuration Debug for project MFM383 ****
make -j8 all 
arm-none-eabi-size  MFM383.elf 
   text	   data	    bss	    dec	    hex	filename
   4908	     12	   1572	   6492	   195c	MFM383.elf
Finished building: default.size.stdout
 
06:21:56 **** Incremental Build of configuration Debug for project MFM383 ****
make -j8 all 
arm-none-eabi-size  MFM383.elf 
   text	   data	    bss	    dec	    hex	filename
   4908	     12	   1572	   6492	   195c	MFM383.elf
Finished building: default.size.stdout
 
06:22:02 **** Incremental Build of configuration Debug for project MFM383 ****
make -j8 all 
arm-none-eabi-size  MFM383.elf 
   text	   data	    bss	    dec	    hex	filename
   4908	     12	   1572	   6492	   195c	MFM383.elf
Finished building: default.size.stdout
 
06:23:17 **** Incremental Build of configuration Debug for project MFM383 ****
make -j8 all 
arm-none-eabi-gcc -o "MFM383.elf" @"objects.list"   -mcpu=cortex-m4 -T"D:\Project_2026\Modbud_MFM383A-C\STM32F407VGT\MFM383\STM32F407VGTX_FLASH.ld" --specs=nosys.specs -Wl,-Map="MFM383.map" -Wl,--gc-sections -static --specs=nano.specs -mfpu=fpv4-sp-d16 -mfloat-abi=hard -mthumb -Wl,--start-group -lc -lm -Wl,--end-group
Finished building target: MFM383.elf
 
arm-none-eabi-size  MFM383.elf 
arm-none-eabi-objdump -h -S MFM383.elf  > "MFM383.list"
   text	   data	    bss	    dec	    hex	filename
   4908	     12	   1572	   6492	   195c	MFM383.elf
Finished building: default.size.stdout
 
Finished building: MFM383.list
 
06:23:47 **** Incremental Build of configuration Release for project MFM383 ****
make -j8 all 
arm-none-eabi-gcc "../Drivers/STM32F4xx_HAL_Driver/Src/stm32f4xx_hal.c" -mcpu=cortex-m4 -std=gnu11 -DUSE_HAL_DRIVER -DSTM32F407xx -c -I../Core/Inc -I../Drivers/STM32F4xx_HAL_Driver/Inc -I../Drivers/STM32F4xx_HAL_Driver/Inc/Legacy -I../Drivers/CMSIS/Device/ST/STM32F4xx/Include -I../Drivers/CMSIS/Include -Os -ffunction-sections -fdata-sections -Wall -fstack-usage -fcyclomatic-complexity -MMD -MP -MF"Drivers/STM32F4xx_HAL_Driver/Src/stm32f4xx_hal.d" -MT"Drivers/STM32F4xx_HAL_Driver/Src/stm32f4xx_hal.o" --specs=nano.specs -mfpu=fpv4-sp-d16 -mfloat-abi=hard -mthumb -o "Drivers/STM32F4xx_HAL_Driver/Src/stm32f4xx_hal.o"
arm-none-eabi-gcc "../Drivers/STM32F4xx_HAL_Driver/Src/stm32f4xx_hal_cortex.c" -mcpu=cortex-m4 -std=gnu11 -DUSE_HAL_DRIVER -DSTM32F407xx -c -I../Core/Inc -I../Drivers/STM32F4xx_HAL_Driver/Inc -I../Drivers/STM32F4xx_HAL_Driver/Inc/Legacy -I../Drivers/CMSIS/Device/ST/STM32F4xx/Include -I../Drivers/CMSIS/Include -Os -ffunction-sections -fdata-sections -Wall -fstack-usage -fcyclomatic-complexity -MMD -MP -MF"Drivers/STM32F4xx_HAL_Driver/Src/stm32f4xx_hal_cortex.d" -MT"Drivers/STM32F4xx_HAL_Driver/Src/stm32f4xx_hal_cortex.o" --specs=nano.specs -mfpu=fpv4-sp-d16 -mfloat-abi=hard -mthumb -o "Drivers/STM32F4xx_HAL_Driver/Src/stm32f4xx_hal_cortex.o"
arm-none-eabi-gcc "../Drivers/STM32F4xx_HAL_Driver/Src/stm32f4xx_hal_dma.c" -mcpu=cortex-m4 -std=gnu11 -DUSE_HAL_DRIVER -DSTM32F407xx -c -I../Core/Inc -I../Drivers/STM32F4xx_HAL_Driver/Inc -I../Drivers/STM32F4xx_HAL_Driver/Inc/Legacy -I../Drivers/CMSIS/Device/ST/STM32F4xx/Include -I../Drivers/CMSIS/Include -Os -ffunction-sections -fdata-sections -Wall -fstack-usage -fcyclomatic-complexity -MMD -MP -MF"Drivers/STM32F4xx_HAL_Driver/Src/stm32f4xx_hal_dma.d" -MT"Drivers/STM32F4xx_HAL_Driver/Src/stm32f4xx_hal_dma.o" --specs=nano.specs -mfpu=fpv4-sp-d16 -mfloat-abi=hard -mthumb -o "Drivers/STM32F4xx_HAL_Driver/Src/stm32f4xx_hal_dma.o"
arm-none-eabi-gcc "../Drivers/STM32F4xx_HAL_Driver/Src/stm32f4xx_hal_dma_ex.c" -mcpu=cortex-m4 -std=gnu11 -DUSE_HAL_DRIVER -DSTM32F407xx -c -I../Core/Inc -I../Drivers/STM32F4xx_HAL_Driver/Inc -I../Drivers/STM32F4xx_HAL_Driver/Inc/Legacy -I../Drivers/CMSIS/Device/ST/STM32F4xx/Include -I../Drivers/CMSIS/Include -Os -ffunction-sections -fdata-sections -Wall -fstack-usage -fcyclomatic-complexity -MMD -MP -MF"Drivers/STM32F4xx_HAL_Driver/Src/stm32f4xx_hal_dma_ex.d" -MT"Drivers/STM32F4xx_HAL_Driver/Src/stm32f4xx_hal_dma_ex.o" --specs=nano.specs -mfpu=fpv4-sp-d16 -mfloat-abi=hard -mthumb -o "Drivers/STM32F4xx_HAL_Driver/Src/stm32f4xx_hal_dma_ex.o"
arm-none-eabi-gcc "../Drivers/STM32F4xx_HAL_Driver/Src/stm32f4xx_hal_exti.c" -mcpu=cortex-m4 -std=gnu11 -DUSE_HAL_DRIVER -DSTM32F407xx -c -I../Core/Inc -I../Drivers/STM32F4xx_HAL_Driver/Inc -I../Drivers/STM32F4xx_HAL_Driver/Inc/Legacy -I../Drivers/CMSIS/Device/ST/STM32F4xx/Include -I../Drivers/CMSIS/Include -Os -ffunction-sections -fdata-sections -Wall -fstack-usage -fcyclomatic-complexity -MMD -MP -MF"Drivers/STM32F4xx_HAL_Driver/Src/stm32f4xx_hal_exti.d" -MT"Drivers/STM32F4xx_HAL_Driver/Src/stm32f4xx_hal_exti.o" --specs=nano.specs -mfpu=fpv4-sp-d16 -mfloat-abi=hard -mthumb -o "Drivers/STM32F4xx_HAL_Driver/Src/stm32f4xx_hal_exti.o"
arm-none-eabi-gcc "../Drivers/STM32F4xx_HAL_Driver/Src/stm32f4xx_hal_flash.c" -mcpu=cortex-m4 -std=gnu11 -DUSE_HAL_DRIVER -DSTM32F407xx -c -I../Core/Inc -I../Drivers/STM32F4xx_HAL_Driver/Inc -I../Drivers/STM32F4xx_HAL_Driver/Inc/Legacy -I../Drivers/CMSIS/Device/ST/STM32F4xx/Include -I../Drivers/CMSIS/Include -Os -ffunction-sections -fdata-sections -Wall -fstack-usage -fcyclomatic-complexity -MMD -MP -MF"Drivers/STM32F4xx_HAL_Driver/Src/stm32f4xx_hal_flash.d" -MT"Drivers/STM32F4xx_HAL_Driver/Src/stm32f4xx_hal_flash.o" --specs=nano.specs -mfpu=fpv4-sp-d16 -mfloat-abi=hard -mthumb -o "Drivers/STM32F4xx_HAL_Driver/Src/stm32f4xx_hal_flash.o"
arm-none-eabi-gcc "../Drivers/STM32F4xx_HAL_Driver/Src/stm32f4xx_hal_flash_ex.c" -mcpu=cortex-m4 -std=gnu11 -DUSE_HAL_DRIVER -DSTM32F407xx -c -I../Core/Inc -I../Drivers/STM32F4xx_HAL_Driver/Inc -I../Drivers/STM32F4xx_HAL_Driver/Inc/Legacy -I../Drivers/CMSIS/Device/ST/STM32F4xx/Include -I../Drivers/CMSIS/Include -Os -ffunction-sections -fdata-sections -Wall -fstack-usage -fcyclomatic-complexity -MMD -MP -MF"Drivers/STM32F4xx_HAL_Driver/Src/stm32f4xx_hal_flash_ex.d" -MT"Drivers/STM32F4xx_HAL_Driver/Src/stm32f4xx_hal_flash_ex.o" --specs=nano.specs -mfpu=fpv4-sp-d16 -mfloat-abi=hard -mthumb -o "Drivers/STM32F4xx_HAL_Driver/Src/stm32f4xx_hal_flash_ex.o"
arm-none-eabi-gcc "../Drivers/STM32F4xx_HAL_Driver/Src/stm32f4xx_hal_flash_ramfunc.c" -mcpu=cortex-m4 -std=gnu11 -DUSE_HAL_DRIVER -DSTM32F407xx -c -I../Core/Inc -I../Drivers/STM32F4xx_HAL_Driver/Inc -I../Drivers/STM32F4xx_HAL_Driver/Inc/Legacy -I../Drivers/CMSIS/Device/ST/STM32F4xx/Include -I../Drivers/CMSIS/Include -Os -ffunction-sections -fdata-sections -Wall -fstack-usage -fcyclomatic-complexity -MMD -MP -MF"Drivers/STM32F4xx_HAL_Driver/Src/stm32f4xx_hal_flash_ramfunc.d" -MT"Drivers/STM32F4xx_HAL_Driver/Src/stm32f4xx_hal_flash_ramfunc.o" --specs=nano.specs -mfpu=fpv4-sp-d16 -mfloat-abi=hard -mthumb -o "Drivers/STM32F4xx_HAL_Driver/Src/stm32f4xx_hal_flash_ramfunc.o"
arm-none-eabi-gcc "../Drivers/STM32F4xx_HAL_Driver/Src/stm32f4xx_hal_gpio.c" -mcpu=cortex-m4 -std=gnu11 -DUSE_HAL_DRIVER -DSTM32F407xx -c -I../Core/Inc -I../Drivers/STM32F4xx_HAL_Driver/Inc -I../Drivers/STM32F4xx_HAL_Driver/Inc/Legacy -I../Drivers/CMSIS/Device/ST/STM32F4xx/Include -I../Drivers/CMSIS/Include -Os -ffunction-sections -fdata-sections -Wall -fstack-usage -fcyclomatic-complexity -MMD -MP -MF"Drivers/STM32F4xx_HAL_Driver/Src/stm32f4xx_hal_gpio.d" -MT"Drivers/STM32F4xx_HAL_Driver/Src/stm32f4xx_hal_gpio.o" --specs=nano.specs -mfpu=fpv4-sp-d16 -mfloat-abi=hard -mthumb -o "Drivers/STM32F4xx_HAL_Driver/Src/stm32f4xx_hal_gpio.o"
arm-none-eabi-gcc "../Drivers/STM32F4xx_HAL_Driver/Src/stm32f4xx_hal_pwr.c" -mcpu=cortex-m4 -std=gnu11 -DUSE_HAL_DRIVER -DSTM32F407xx -c -I../Core/Inc -I../Drivers/STM32F4xx_HAL_Driver/Inc -I../Drivers/STM32F4xx_HAL_Driver/Inc/Legacy -I../Drivers/CMSIS/Device/ST/STM32F4xx/Include -I../Drivers/CMSIS/Include -Os -ffunction-sections -fdata-sections -Wall -fstack-usage -fcyclomatic-complexity -MMD -MP -MF"Drivers/STM32F4xx_HAL_Driver/Src/stm32f4xx_hal_pwr.d" -MT"Drivers/STM32F4xx_HAL_Driver/Src/stm32f4xx_hal_pwr.o" --specs=nano.specs -mfpu=fpv4-sp-d16 -mfloat-abi=hard -mthumb -o "Drivers/STM32F4xx_HAL_Driver/Src/stm32f4xx_hal_pwr.o"
arm-none-eabi-gcc "../Drivers/STM32F4xx_HAL_Driver/Src/stm32f4xx_hal_pwr_ex.c" -mcpu=cortex-m4 -std=gnu11 -DUSE_HAL_DRIVER -DSTM32F407xx -c -I../Core/Inc -I../Drivers/STM32F4xx_HAL_Driver/Inc -I../Drivers/STM32F4xx_HAL_Driver/Inc/Legacy -I../Drivers/CMSIS/Device/ST/STM32F4xx/Include -I../Drivers/CMSIS/Include -Os -ffunction-sections -fdata-sections -Wall -fstack-usage -fcyclomatic-complexity -MMD -MP -MF"Drivers/STM32F4xx_HAL_Driver/Src/stm32f4xx_hal_pwr_ex.d" -MT"Drivers/STM32F4xx_HAL_Driver/Src/stm32f4xx_hal_pwr_ex.o" --specs=nano.specs -mfpu=fpv4-sp-d16 -mfloat-abi=hard -mthumb -o "Drivers/STM32F4xx_HAL_Driver/Src/stm32f4xx_hal_pwr_ex.o"
arm-none-eabi-gcc "../Drivers/STM32F4xx_HAL_Driver/Src/stm32f4xx_hal_rcc.c" -mcpu=cortex-m4 -std=gnu11 -DUSE_HAL_DRIVER -DSTM32F407xx -c -I../Core/Inc -I../Drivers/STM32F4xx_HAL_Driver/Inc -I../Drivers/STM32F4xx_HAL_Driver/Inc/Legacy -I../Drivers/CMSIS/Device/ST/STM32F4xx/Include -I../Drivers/CMSIS/Include -Os -ffunction-sections -fdata-sections -Wall -fstack-usage -fcyclomatic-complexity -MMD -MP -MF"Drivers/STM32F4xx_HAL_Driver/Src/stm32f4xx_hal_rcc.d" -MT"Drivers/STM32F4xx_HAL_Driver/Src/stm32f4xx_hal_rcc.o" --specs=nano.specs -mfpu=fpv4-sp-d16 -mfloat-abi=hard -mthumb -o "Drivers/STM32F4xx_HAL_Driver/Src/stm32f4xx_hal_rcc.o"
arm-none-eabi-gcc "../Drivers/STM32F4xx_HAL_Driver/Src/stm32f4xx_hal_rcc_ex.c" -mcpu=cortex-m4 -std=gnu11 -DUSE_HAL_DRIVER -DSTM32F407xx -c -I../Core/Inc -I../Drivers/STM32F4xx_HAL_Driver/Inc -I../Drivers/STM32F4xx_HAL_Driver/Inc/Legacy -I../Drivers/CMSIS/Device/ST/STM32F4xx/Include -I../Drivers/CMSIS/Include -Os -ffunction-sections -fdata-sections -Wall -fstack-usage -fcyclomatic-complexity -MMD -MP -MF"Drivers/STM32F4xx_HAL_Driver/Src/stm32f4xx_hal_rcc_ex.d" -MT"Drivers/STM32F4xx_HAL_Driver/Src/stm32f4xx_hal_rcc_ex.o" --specs=nano.specs -mfpu=fpv4-sp-d16 -mfloat-abi=hard -mthumb -o "Drivers/STM32F4xx_HAL_Driver/Src/stm32f4xx_hal_rcc_ex.o"
arm-none-eabi-gcc "../Drivers/STM32F4xx_HAL_Driver/Src/stm32f4xx_hal_tim.c" -mcpu=cortex-m4 -std=gnu11 -DUSE_HAL_DRIVER -DSTM32F407xx -c -I../Core/Inc -I../Drivers/STM32F4xx_HAL_Driver/Inc -I../Drivers/STM32F4xx_HAL_Driver/Inc/Legacy -I../Drivers/CMSIS/Device/ST/STM32F4xx/Include -I../Drivers/CMSIS/Include -Os -ffunction-sections -fdata-sections -Wall -fstack-usage -fcyclomatic-complexity -MMD -MP -MF"Drivers/STM32F4xx_HAL_Driver/Src/stm32f4xx_hal_tim.d" -MT"Drivers/STM32F4xx_HAL_Driver/Src/stm32f4xx_hal_tim.o" --specs=nano.specs -mfpu=fpv4-sp-d16 -mfloat-abi=hard -mthumb -o "Drivers/STM32F4xx_HAL_Driver/Src/stm32f4xx_hal_tim.o"
arm-none-eabi-gcc "../Drivers/STM32F4xx_HAL_Driver/Src/stm32f4xx_hal_tim_ex.c" -mcpu=cortex-m4 -std=gnu11 -DUSE_HAL_DRIVER -DSTM32F407xx -c -I../Core/Inc -I../Drivers/STM32F4xx_HAL_Driver/Inc -I../Drivers/STM32F4xx_HAL_Driver/Inc/Legacy -I../Drivers/CMSIS/Device/ST/STM32F4xx/Include -I../Drivers/CMSIS/Include -Os -ffunction-sections -fdata-sections -Wall -fstack-usage -fcyclomatic-complexity -MMD -MP -MF"Drivers/STM32F4xx_HAL_Driver/Src/stm32f4xx_hal_tim_ex.d" -MT"Drivers/STM32F4xx_HAL_Driver/Src/stm32f4xx_hal_tim_ex.o" --specs=nano.specs -mfpu=fpv4-sp-d16 -mfloat-abi=hard -mthumb -o "Drivers/STM32F4xx_HAL_Driver/Src/stm32f4xx_hal_tim_ex.o"
arm-none-eabi-gcc -mcpu=cortex-m4 -c -x assembler-with-cpp -MMD -MP -MF"Core/Startup/startup_stm32f407vgtx.d" -MT"Core/Startup/startup_stm32f407vgtx.o" --specs=nano.specs -mfpu=fpv4-sp-d16 -mfloat-abi=hard -mthumb -o "Core/Startup/startup_stm32f407vgtx.o" "../Core/Startup/startup_stm32f407vgtx.s"
arm-none-eabi-gcc "../Core/Src/main.c" -mcpu=cortex-m4 -std=gnu11 -DUSE_HAL_DRIVER -DSTM32F407xx -c -I../Core/Inc -I../Drivers/STM32F4xx_HAL_Driver/Inc -I../Drivers/STM32F4xx_HAL_Driver/Inc/Legacy -I../Drivers/CMSIS/Device/ST/STM32F4xx/Include -I../Drivers/CMSIS/Include -Os -ffunction-sections -fdata-sections -Wall -fstack-usage -fcyclomatic-complexity -MMD -MP -MF"Core/Src/main.d" -MT"Core/Src/main.o" --specs=nano.specs -mfpu=fpv4-sp-d16 -mfloat-abi=hard -mthumb -o "Core/Src/main.o"
arm-none-eabi-gcc "../Core/Src/stm32f4xx_hal_msp.c" -mcpu=cortex-m4 -std=gnu11 -DUSE_HAL_DRIVER -DSTM32F407xx -c -I../Core/Inc -I../Drivers/STM32F4xx_HAL_Driver/Inc -I../Drivers/STM32F4xx_HAL_Driver/Inc/Legacy -I../Drivers/CMSIS/Device/ST/STM32F4xx/Include -I../Drivers/CMSIS/Include -Os -ffunction-sections -fdata-sections -Wall -fstack-usage -fcyclomatic-complexity -MMD -MP -MF"Core/Src/stm32f4xx_hal_msp.d" -MT"Core/Src/stm32f4xx_hal_msp.o" --specs=nano.specs -mfpu=fpv4-sp-d16 -mfloat-abi=hard -mthumb -o "Core/Src/stm32f4xx_hal_msp.o"
arm-none-eabi-gcc "../Core/Src/stm32f4xx_it.c" -mcpu=cortex-m4 -std=gnu11 -DUSE_HAL_DRIVER -DSTM32F407xx -c -I../Core/Inc -I../Drivers/STM32F4xx_HAL_Driver/Inc -I../Drivers/STM32F4xx_HAL_Driver/Inc/Legacy -I../Drivers/CMSIS/Device/ST/STM32F4xx/Include -I../Drivers/CMSIS/Include -Os -ffunction-sections -fdata-sections -Wall -fstack-usage -fcyclomatic-complexity -MMD -MP -MF"Core/Src/stm32f4xx_it.d" -MT"Core/Src/stm32f4xx_it.o" --specs=nano.specs -mfpu=fpv4-sp-d16 -mfloat-abi=hard -mthumb -o "Core/Src/stm32f4xx_it.o"
arm-none-eabi-gcc "../Core/Src/syscalls.c" -mcpu=cortex-m4 -std=gnu11 -DUSE_HAL_DRIVER -DSTM32F407xx -c -I../Core/Inc -I../Drivers/STM32F4xx_HAL_Driver/Inc -I../Drivers/STM32F4xx_HAL_Driver/Inc/Legacy -I../Drivers/CMSIS/Device/ST/STM32F4xx/Include -I../Drivers/CMSIS/Include -Os -ffunction-sections -fdata-sections -Wall -fstack-usage -fcyclomatic-complexity -MMD -MP -MF"Core/Src/syscalls.d" -MT"Core/Src/syscalls.o" --specs=nano.specs -mfpu=fpv4-sp-d16 -mfloat-abi=hard -mthumb -o "Core/Src/syscalls.o"
arm-none-eabi-gcc "../Core/Src/sysmem.c" -mcpu=cortex-m4 -std=gnu11 -DUSE_HAL_DRIVER -DSTM32F407xx -c -I../Core/Inc -I../Drivers/STM32F4xx_HAL_Driver/Inc -I../Drivers/STM32F4xx_HAL_Driver/Inc/Legacy -I../Drivers/CMSIS/Device/ST/STM32F4xx/Include -I../Drivers/CMSIS/Include -Os -ffunction-sections -fdata-sections -Wall -fstack-usage -fcyclomatic-complexity -MMD -MP -MF"Core/Src/sysmem.d" -MT"Core/Src/sysmem.o" --specs=nano.specs -mfpu=fpv4-sp-d16 -mfloat-abi=hard -mthumb -o "Core/Src/sysmem.o"
arm-none-eabi-gcc "../Core/Src/system_stm32f4xx.c" -mcpu=cortex-m4 -std=gnu11 -DUSE_HAL_DRIVER -DSTM32F407xx -c -I../Core/Inc -I../Drivers/STM32F4xx_HAL_Driver/Inc -I../Drivers/STM32F4xx_HAL_Driver/Inc/Legacy -I../Drivers/CMSIS/Device/ST/STM32F4xx/Include -I../Drivers/CMSIS/Include -Os -ffunction-sections -fdata-sections -Wall -fstack-usage -fcyclomatic-complexity -MMD -MP -MF"Core/Src/system_stm32f4xx.d" -MT"Core/Src/system_stm32f4xx.o" --specs=nano.specs -mfpu=fpv4-sp-d16 -mfloat-abi=hard -mthumb -o "Core/Src/system_stm32f4xx.o"
arm-none-eabi-gcc -o "MFM383.elf" @"objects.list"   -mcpu=cortex-m4 -T"D:\Project_2026\Modbud_MFM383A-C\STM32F407VGT\MFM383\STM32F407VGTX_FLASH.ld" --specs=nosys.specs -Wl,-Map="MFM383.map" -Wl,--gc-sections -static --specs=nano.specs -mfpu=fpv4-sp-d16 -mfloat-abi=hard -mthumb -Wl,--start-group -lc -lm -Wl,--end-group
Finished building target: MFM383.elf
 
arm-none-eabi-size  MFM383.elf 
arm-none-eabi-objdump -h -S MFM383.elf  > "MFM383.list"
   text	   data	    bss	    dec	    hex	filename
   3352	     12	   1572	   4936	   1348	MFM383.elf
Finished building: default.size.stdout
 
Finished building: MFM383.list
 
06:23:52 **** Incremental Build of configuration Debug for project MFM383 ****
make -j8 all 
arm-none-eabi-size  MFM383.elf 
   text	   data	    bss	    dec	    hex	filename
   4908	     12	   1572	   6492	   195c	MFM383.elf
Finished building: default.size.stdout
 
06:24:23 **** Incremental Build of configuration Release for project MFM383 ****
make -j8 all 
arm-none-eabi-size  MFM383.elf 
   text	   data	    bss	    dec	    hex	filename
   3352	     12	   1572	   4936	   1348	MFM383.elf
Finished building: default.size.stdout
 
06:24:28 **** Incremental Build of configuration Debug for project MFM383 ****
make -j8 all 
arm-none-eabi-size  MFM383.elf 
   text	   data	    bss	    dec	    hex	filename
   4908	     12	   1572	   6492	   195c	MFM383.elf
Finished building: default.size.stdout
 
06:29:57 **** Incremental Build of configuration Debug for project MFM383 ****
make -j8 all 
arm-none-eabi-gcc -o "MFM383.elf" @"objects.list"   -mcpu=cortex-m4 -T"D:\Project_2026\Modbud_MFM383A-C\STM32F407VGT\MFM383\STM32F407VGTX_FLASH.ld" --specs=nosys.specs -Wl,-Map="MFM383.map" -Wl,--gc-sections -static --specs=nano.specs -mfpu=fpv4-sp-d16 -mfloat-abi=hard -mthumb -Wl,--start-group -lc -lm -Wl,--end-group
Finished building target: MFM383.elf
 
arm-none-eabi-size  MFM383.elf 
arm-none-eabi-objdump -h -S MFM383.elf  > "MFM383.list"
   text	   data	    bss	    dec	    hex	filename
   4908	     12	   1572	   6492	   195c	MFM383.elf
Finished building: default.size.stdout
 
Finished building: MFM383.list
 
06:30:56 **** Incremental Build of configuration Debug for project MFM383 ****
make -j8 all 
arm-none-eabi-size  MFM383.elf 
   text	   data	    bss	    dec	    hex	filename
   4908	     12	   1572	   6492	   195c	MFM383.elf
Finished building: default.size.stdout
 
06:31:04 **** Incremental Build of configuration Debug for project MFM383 ****
make -j8 all 
arm-none-eabi-size  MFM383.elf 
   text	   data	    bss	    dec	    hex	filename
   4908	     12	   1572	   6492	   195c	MFM383.elf
Finished building: default.size.stdout
 
06:32:38 **** Incremental Build of configuration Debug for project MFM383 ****
make -j8 all 
arm-none-eabi-size  MFM383.elf 
   text	   data	    bss	    dec	    hex	filename
   4908	     12	   1572	   6492	   195c	MFM383.elf
Finished building: default.size.stdout
 
06:41:17 **** Incremental Build of configuration Debug for project MFM383 ****
make -j8 all 
arm-none-eabi-size  MFM383.elf 
   text	   data	    bss	    dec	    hex	filename
   4908	     12	   1572	   6492	   195c	MFM383.elf
Finished building: default.size.stdout
 
06:41:17 **** Clean-only build of configuration Debug for project STM32F407VET6_Modbus ****
make -j8 clean 
rm -rf ./Drivers/STM32F4xx_HAL_Driver/Src/stm32f4xx_hal.cyclo ./Drivers/STM32F4xx_HAL_Driver/Src/stm32f4xx_hal.d ./Drivers/STM32F4xx_HAL_Driver/Src/stm32f4xx_hal.o ./Drivers/STM32F4xx_HAL_Driver/Src/stm32f4xx_hal.su ./Drivers/STM32F4xx_HAL_Driver/Src/stm32f4xx_hal_cortex.cyclo ./Drivers/STM32F4xx_HAL_Driver/Src/stm32f4xx_hal_cortex.d ./Drivers/STM32F4xx_HAL_Driver/Src/stm32f4xx_hal_cortex.o ./Drivers/STM32F4xx_HAL_Driver/Src/stm32f4xx_hal_cortex.su ./Drivers/STM32F4xx_HAL_Driver/Src/stm32f4xx_hal_dma.cyclo ./Drivers/STM32F4xx_HAL_Driver/Src/stm32f4xx_hal_dma.d ./Drivers/STM32F4xx_HAL_Driver/Src/stm32f4xx_hal_dma.o ./Drivers/STM32F4xx_HAL_Driver/Src/stm32f4xx_hal_dma.su ./Drivers/STM32F4xx_HAL_Driver/Src/stm32f4xx_hal_dma_ex.cyclo ./Drivers/STM32F4xx_HAL_Driver/Src/stm32f4xx_hal_dma_ex.d ./Drivers/STM32F4xx_HAL_Driver/Src/stm32f4xx_hal_dma_ex.o ./Drivers/STM32F4xx_HAL_Driver/Src/stm32f4xx_hal_dma_ex.su ./Drivers/STM32F4xx_HAL_Driver/Src/stm32f4xx_hal_exti.cyclo ./Drivers/STM32F4xx_HAL_Driver/Src/stm32f4xx_hal_exti.d ./Drivers/STM32F4xx_HAL_Driver/Src/stm32f4xx_hal_exti.o ./Drivers/STM32F4xx_HAL_Driver/Src/stm32f4xx_hal_exti.su ./Drivers/STM32F4xx_HAL_Driver/Src/stm32f4xx_hal_flash.cyclo ./Drivers/STM32F4xx_HAL_Driver/Src/stm32f4xx_hal_flash.d ./Drivers/STM32F4xx_HAL_Driver/Src/stm32f4xx_hal_flash.o ./Drivers/STM32F4xx_HAL_Driver/Src/stm32f4xx_hal_flash.su ./Drivers/STM32F4xx_HAL_Driver/Src/stm32f4xx_hal_flash_ex.cyclo ./Drivers/STM32F4xx_HAL_Driver/Src/stm32f4xx_hal_flash_ex.d ./Drivers/STM32F4xx_HAL_Driver/Src/stm32f4xx_hal_flash_ex.o ./Drivers/STM32F4xx_HAL_Driver/Src/stm32f4xx_hal_flash_ex.su ./Drivers/STM32F4xx_HAL_Driver/Src/stm32f4xx_hal_flash_ramfunc.cyclo ./Drivers/STM32F4xx_HAL_Driver/Src/stm32f4xx_hal_flash_ramfunc.d ./Drivers/STM32F4xx_HAL_Driver/Src/stm32f4xx_hal_flash_ramfunc.o ./Drivers/STM32F4xx_HAL_Driver/Src/stm32f4xx_hal_flash_ramfunc.su ./Drivers/STM32F4xx_HAL_Driver/Src/stm32f4xx_hal_gpio.cyclo ./Drivers/STM32F4xx_HAL_Driver/Src/stm32f4xx_hal_gpio.d ./Drivers/STM32F4xx_HAL_Driver/Src/stm32f4xx_hal_gpio.o ./Drivers/STM32F4xx_HAL_Driver/Src/stm32f4xx_hal_gpio.su ./Drivers/STM32F4xx_HAL_Driver/Src/stm32f4xx_hal_pwr.cyclo ./Drivers/STM32F4xx_HAL_Driver/Src/stm32f4xx_hal_pwr.d ./Drivers/STM32F4xx_HAL_Driver/Src/stm32f4xx_hal_pwr.o ./Drivers/STM32F4xx_HAL_Driver/Src/stm32f4xx_hal_pwr.su ./Drivers/STM32F4xx_HAL_Driver/Src/stm32f4xx_hal_pwr_ex.cyclo ./Drivers/STM32F4xx_HAL_Driver/Src/stm32f4xx_hal_pwr_ex.d ./Drivers/STM32F4xx_HAL_Driver/Src/stm32f4xx_hal_pwr_ex.o ./Drivers/STM32F4xx_HAL_Driver/Src/stm32f4xx_hal_pwr_ex.su ./Drivers/STM32F4xx_HAL_Driver/Src/stm32f4xx_hal_rcc.cyclo ./Drivers/STM32F4xx_HAL_Driver/Src/stm32f4xx_hal_rcc.d ./Drivers/STM32F4xx_HAL_Driver/Src/stm32f4xx_hal_rcc.o ./Drivers/STM32F4xx_HAL_Driver/Src/stm32f4xx_hal_rcc.su ./Drivers/STM32F4xx_HAL_Driver/Src/stm32f4xx_hal_rcc_ex.cyclo ./Drivers/STM32F4xx_HAL_Driver/Src/stm32f4xx_hal_rcc_ex.d ./Drivers/STM32F4xx_HAL_Driver/Src/stm32f4xx_hal_rcc_ex.o ./Drivers/STM32F4xx_HAL_Driver/Src/stm32f4xx_hal_rcc_ex.su ./Drivers/STM32F4xx_HAL_Driver/Src/stm32f4xx_hal_tim.cyclo ./Drivers/STM32F4xx_HAL_Driver/Src/stm32f4xx_hal_tim.d ./Drivers/STM32F4xx_HAL_Driver/Src/stm32f4xx_hal_tim.o ./Drivers/STM32F4xx_HAL_Driver/Src/stm32f4xx_hal_tim.su ./Drivers/STM32F4xx_HAL_Driver/Src/stm32f4xx_hal_tim_ex.cyclo ./Drivers/STM32F4xx_HAL_Driver/Src/stm32f4xx_hal_tim_ex.d ./Drivers/STM32F4xx_HAL_Driver/Src/stm32f4xx_hal_tim_ex.o ./Drivers/STM32F4xx_HAL_Driver/Src/stm32f4xx_hal_tim_ex.su ./Drivers/STM32F4xx_HAL_Driver/Src/stm32f4xx_hal_uart.cyclo ./Drivers/STM32F4xx_HAL_Driver/Src/stm32f4xx_hal_uart.d ./Drivers/STM32F4xx_HAL_Driver/Src/stm32f4xx_hal_uart.o ./Drivers/STM32F4xx_HAL_Driver/Src/stm32f4xx_hal_uart.su
rm -rf ./Core/Startup/startup_stm32f407vetx.d ./Core/Startup/startup_stm32f407vetx.o
rm -rf ./Core/Src/main.cyclo ./Core/Src/main.d ./Core/Src/main.o ./Core/Src/main.su ./Core/Src/stm32f4xx_hal_msp.cyclo ./Core/Src/stm32f4xx_hal_msp.d ./Core/Src/stm32f4xx_hal_msp.o ./Core/Src/stm32f4xx_hal_msp.su ./Core/Src/stm32f4xx_it.cyclo ./Core/Src/stm32f4xx_it.d ./Core/Src/stm32f4xx_it.o ./Core/Src/stm32f4xx_it.su ./Core/Src/syscalls.cyclo ./Core/Src/syscalls.d ./Core/Src/syscalls.o ./Core/Src/syscalls.su ./Core/Src/sysmem.cyclo ./Core/Src/sysmem.d ./Core/Src/sysmem.o ./Core/Src/sysmem.su ./Core/Src/system_stm32f4xx.cyclo ./Core/Src/system_stm32f4xx.d ./Core/Src/system_stm32f4xx.o ./Core/Src/system_stm32f4xx.su
rm -rf STM32F407VET6_Modbus.elf STM32F407VET6_Modbus.list STM32F407VET6_Modbus.map default.size.stdout
 
06:41:18 **** Build of configuration Debug for project STM32F407VET6_Modbus ****
make -j8 all 
arm-none-eabi-gcc "../Drivers/STM32F4xx_HAL_Driver/Src/stm32f4xx_hal.c" -mcpu=cortex-m4 -std=gnu11 -g3 -DDEBUG -DUSE_HAL_DRIVER -DSTM32F407xx -c -I../Core/Inc -I../Drivers/STM32F4xx_HAL_Driver/Inc -I../Drivers/STM32F4xx_HAL_Driver/Inc/Legacy -I../Drivers/CMSIS/Device/ST/STM32F4xx/Include -I../Drivers/CMSIS/Include -O0 -ffunction-sections -fdata-sections -Wall -fstack-usage -fcyclomatic-complexity -MMD -MP -MF"Drivers/STM32F4xx_HAL_Driver/Src/stm32f4xx_hal.d" -MT"Drivers/STM32F4xx_HAL_Driver/Src/stm32f4xx_hal.o" --specs=nano.specs -mfpu=fpv4-sp-d16 -mfloat-abi=hard -mthumb -o "Drivers/STM32F4xx_HAL_Driver/Src/stm32f4xx_hal.o"
arm-none-eabi-gcc "../Drivers/STM32F4xx_HAL_Driver/Src/stm32f4xx_hal_cortex.c" -mcpu=cortex-m4 -std=gnu11 -g3 -DDEBUG -DUSE_HAL_DRIVER -DSTM32F407xx -c -I../Core/Inc -I../Drivers/STM32F4xx_HAL_Driver/Inc -I../Drivers/STM32F4xx_HAL_Driver/Inc/Legacy -I../Drivers/CMSIS/Device/ST/STM32F4xx/Include -I../Drivers/CMSIS/Include -O0 -ffunction-sections -fdata-sections -Wall -fstack-usage -fcyclomatic-complexity -MMD -MP -MF"Drivers/STM32F4xx_HAL_Driver/Src/stm32f4xx_hal_cortex.d" -MT"Drivers/STM32F4xx_HAL_Driver/Src/stm32f4xx_hal_cortex.o" --specs=nano.specs -mfpu=fpv4-sp-d16 -mfloat-abi=hard -mthumb -o "Drivers/STM32F4xx_HAL_Driver/Src/stm32f4xx_hal_cortex.o"
arm-none-eabi-gcc "../Drivers/STM32F4xx_HAL_Driver/Src/stm32f4xx_hal_dma.c" -mcpu=cortex-m4 -std=gnu11 -g3 -DDEBUG -DUSE_HAL_DRIVER -DSTM32F407xx -c -I../Core/Inc -I../Drivers/STM32F4xx_HAL_Driver/Inc -I../Drivers/STM32F4xx_HAL_Driver/Inc/Legacy -I../Drivers/CMSIS/Device/ST/STM32F4xx/Include -I../Drivers/CMSIS/Include -O0 -ffunction-sections -fdata-sections -Wall -fstack-usage -fcyclomatic-complexity -MMD -MP -MF"Drivers/STM32F4xx_HAL_Driver/Src/stm32f4xx_hal_dma.d" -MT"Drivers/STM32F4xx_HAL_Driver/Src/stm32f4xx_hal_dma.o" --specs=nano.specs -mfpu=fpv4-sp-d16 -mfloat-abi=hard -mthumb -o "Drivers/STM32F4xx_HAL_Driver/Src/stm32f4xx_hal_dma.o"
arm-none-eabi-gcc "../Drivers/STM32F4xx_HAL_Driver/Src/stm32f4xx_hal_dma_ex.c" -mcpu=cortex-m4 -std=gnu11 -g3 -DDEBUG -DUSE_HAL_DRIVER -DSTM32F407xx -c -I../Core/Inc -I../Drivers/STM32F4xx_HAL_Driver/Inc -I../Drivers/STM32F4xx_HAL_Driver/Inc/Legacy -I../Drivers/CMSIS/Device/ST/STM32F4xx/Include -I../Drivers/CMSIS/Include -O0 -ffunction-sections -fdata-sections -Wall -fstack-usage -fcyclomatic-complexity -MMD -MP -MF"Drivers/STM32F4xx_HAL_Driver/Src/stm32f4xx_hal_dma_ex.d" -MT"Drivers/STM32F4xx_HAL_Driver/Src/stm32f4xx_hal_dma_ex.o" --specs=nano.specs -mfpu=fpv4-sp-d16 -mfloat-abi=hard -mthumb -o "Drivers/STM32F4xx_HAL_Driver/Src/stm32f4xx_hal_dma_ex.o"
arm-none-eabi-gcc "../Drivers/STM32F4xx_HAL_Driver/Src/stm32f4xx_hal_exti.c" -mcpu=cortex-m4 -std=gnu11 -g3 -DDEBUG -DUSE_HAL_DRIVER -DSTM32F407xx -c -I../Core/Inc -I../Drivers/STM32F4xx_HAL_Driver/Inc -I../Drivers/STM32F4xx_HAL_Driver/Inc/Legacy -I../Drivers/CMSIS/Device/ST/STM32F4xx/Include -I../Drivers/CMSIS/Include -O0 -ffunction-sections -fdata-sections -Wall -fstack-usage -fcyclomatic-complexity -MMD -MP -MF"Drivers/STM32F4xx_HAL_Driver/Src/stm32f4xx_hal_exti.d" -MT"Drivers/STM32F4xx_HAL_Driver/Src/stm32f4xx_hal_exti.o" --specs=nano.specs -mfpu=fpv4-sp-d16 -mfloat-abi=hard -mthumb -o "Drivers/STM32F4xx_HAL_Driver/Src/stm32f4xx_hal_exti.o"
arm-none-eabi-gcc "../Drivers/STM32F4xx_HAL_Driver/Src/stm32f4xx_hal_flash.c" -mcpu=cortex-m4 -std=gnu11 -g3 -DDEBUG -DUSE_HAL_DRIVER -DSTM32F407xx -c -I../Core/Inc -I../Drivers/STM32F4xx_HAL_Driver/Inc -I../Drivers/STM32F4xx_HAL_Driver/Inc/Legacy -I../Drivers/CMSIS/Device/ST/STM32F4xx/Include -I../Drivers/CMSIS/Include -O0 -ffunction-sections -fdata-sections -Wall -fstack-usage -fcyclomatic-complexity -MMD -MP -MF"Drivers/STM32F4xx_HAL_Driver/Src/stm32f4xx_hal_flash.d" -MT"Drivers/STM32F4xx_HAL_Driver/Src/stm32f4xx_hal_flash.o" --specs=nano.specs -mfpu=fpv4-sp-d16 -mfloat-abi=hard -mthumb -o "Drivers/STM32F4xx_HAL_Driver/Src/stm32f4xx_hal_flash.o"
arm-none-eabi-gcc "../Drivers/STM32F4xx_HAL_Driver/Src/stm32f4xx_hal_flash_ex.c" -mcpu=cortex-m4 -std=gnu11 -g3 -DDEBUG -DUSE_HAL_DRIVER -DSTM32F407xx -c -I../Core/Inc -I../Drivers/STM32F4xx_HAL_Driver/Inc -I../Drivers/STM32F4xx_HAL_Driver/Inc/Legacy -I../Drivers/CMSIS/Device/ST/STM32F4xx/Include -I../Drivers/CMSIS/Include -O0 -ffunction-sections -fdata-sections -Wall -fstack-usage -fcyclomatic-complexity -MMD -MP -MF"Drivers/STM32F4xx_HAL_Driver/Src/stm32f4xx_hal_flash_ex.d" -MT"Drivers/STM32F4xx_HAL_Driver/Src/stm32f4xx_hal_flash_ex.o" --specs=nano.specs -mfpu=fpv4-sp-d16 -mfloat-abi=hard -mthumb -o "Drivers/STM32F4xx_HAL_Driver/Src/stm32f4xx_hal_flash_ex.o"
arm-none-eabi-gcc "../Drivers/STM32F4xx_HAL_Driver/Src/stm32f4xx_hal_flash_ramfunc.c" -mcpu=cortex-m4 -std=gnu11 -g3 -DDEBUG -DUSE_HAL_DRIVER -DSTM32F407xx -c -I../Core/Inc -I../Drivers/STM32F4xx_HAL_Driver/Inc -I../Drivers/STM32F4xx_HAL_Driver/Inc/Legacy -I../Drivers/CMSIS/Device/ST/STM32F4xx/Include -I../Drivers/CMSIS/Include -O0 -ffunction-sections -fdata-sections -Wall -fstack-usage -fcyclomatic-complexity -MMD -MP -MF"Drivers/STM32F4xx_HAL_Driver/Src/stm32f4xx_hal_flash_ramfunc.d" -MT"Drivers/STM32F4xx_HAL_Driver/Src/stm32f4xx_hal_flash_ramfunc.o" --specs=nano.specs -mfpu=fpv4-sp-d16 -mfloat-abi=hard -mthumb -o "Drivers/STM32F4xx_HAL_Driver/Src/stm32f4xx_hal_flash_ramfunc.o"
arm-none-eabi-gcc "../Drivers/STM32F4xx_HAL_Driver/Src/stm32f4xx_hal_gpio.c" -mcpu=cortex-m4 -std=gnu11 -g3 -DDEBUG -DUSE_HAL_DRIVER -DSTM32F407xx -c -I../Core/Inc -I../Drivers/STM32F4xx_HAL_Driver/Inc -I../Drivers/STM32F4xx_HAL_Driver/Inc/Legacy -I../Drivers/CMSIS/Device/ST/STM32F4xx/Include -I../Drivers/CMSIS/Include -O0 -ffunction-sections -fdata-sections -Wall -fstack-usage -fcyclomatic-complexity -MMD -MP -MF"Drivers/STM32F4xx_HAL_Driver/Src/stm32f4xx_hal_gpio.d" -MT"Drivers/STM32F4xx_HAL_Driver/Src/stm32f4xx_hal_gpio.o" --specs=nano.specs -mfpu=fpv4-sp-d16 -mfloat-abi=hard -mthumb -o "Drivers/STM32F4xx_HAL_Driver/Src/stm32f4xx_hal_gpio.o"
arm-none-eabi-gcc "../Drivers/STM32F4xx_HAL_Driver/Src/stm32f4xx_hal_pwr.c" -mcpu=cortex-m4 -std=gnu11 -g3 -DDEBUG -DUSE_HAL_DRIVER -DSTM32F407xx -c -I../Core/Inc -I../Drivers/STM32F4xx_HAL_Driver/Inc -I../Drivers/STM32F4xx_HAL_Driver/Inc/Legacy -I../Drivers/CMSIS/Device/ST/STM32F4xx/Include -I../Drivers/CMSIS/Include -O0 -ffunction-sections -fdata-sections -Wall -fstack-usage -fcyclomatic-complexity -MMD -MP -MF"Drivers/STM32F4xx_HAL_Driver/Src/stm32f4xx_hal_pwr.d" -MT"Drivers/STM32F4xx_HAL_Driver/Src/stm32f4xx_hal_pwr.o" --specs=nano.specs -mfpu=fpv4-sp-d16 -mfloat-abi=hard -mthumb -o "Drivers/STM32F4xx_HAL_Driver/Src/stm32f4xx_hal_pwr.o"
arm-none-eabi-gcc "../Drivers/STM32F4xx_HAL_Driver/Src/stm32f4xx_hal_pwr_ex.c" -mcpu=cortex-m4 -std=gnu11 -g3 -DDEBUG -DUSE_HAL_DRIVER -DSTM32F407xx -c -I../Core/Inc -I../Drivers/STM32F4xx_HAL_Driver/Inc -I../Drivers/STM32F4xx_HAL_Driver/Inc/Legacy -I../Drivers/CMSIS/Device/ST/STM32F4xx/Include -I../Drivers/CMSIS/Include -O0 -ffunction-sections -fdata-sections -Wall -fstack-usage -fcyclomatic-complexity -MMD -MP -MF"Drivers/STM32F4xx_HAL_Driver/Src/stm32f4xx_hal_pwr_ex.d" -MT"Drivers/STM32F4xx_HAL_Driver/Src/stm32f4xx_hal_pwr_ex.o" --specs=nano.specs -mfpu=fpv4-sp-d16 -mfloat-abi=hard -mthumb -o "Drivers/STM32F4xx_HAL_Driver/Src/stm32f4xx_hal_pwr_ex.o"
arm-none-eabi-gcc "../Drivers/STM32F4xx_HAL_Driver/Src/stm32f4xx_hal_rcc.c" -mcpu=cortex-m4 -std=gnu11 -g3 -DDEBUG -DUSE_HAL_DRIVER -DSTM32F407xx -c -I../Core/Inc -I../Drivers/STM32F4xx_HAL_Driver/Inc -I../Drivers/STM32F4xx_HAL_Driver/Inc/Legacy -I../Drivers/CMSIS/Device/ST/STM32F4xx/Include -I../Drivers/CMSIS/Include -O0 -ffunction-sections -fdata-sections -Wall -fstack-usage -fcyclomatic-complexity -MMD -MP -MF"Drivers/STM32F4xx_HAL_Driver/Src/stm32f4xx_hal_rcc.d" -MT"Drivers/STM32F4xx_HAL_Driver/Src/stm32f4xx_hal_rcc.o" --specs=nano.specs -mfpu=fpv4-sp-d16 -mfloat-abi=hard -mthumb -o "Drivers/STM32F4xx_HAL_Driver/Src/stm32f4xx_hal_rcc.o"
arm-none-eabi-gcc "../Drivers/STM32F4xx_HAL_Driver/Src/stm32f4xx_hal_rcc_ex.c" -mcpu=cortex-m4 -std=gnu11 -g3 -DDEBUG -DUSE_HAL_DRIVER -DSTM32F407xx -c -I../Core/Inc -I../Drivers/STM32F4xx_HAL_Driver/Inc -I../Drivers/STM32F4xx_HAL_Driver/Inc/Legacy -I../Drivers/CMSIS/Device/ST/STM32F4xx/Include -I../Drivers/CMSIS/Include -O0 -ffunction-sections -fdata-sections -Wall -fstack-usage -fcyclomatic-complexity -MMD -MP -MF"Drivers/STM32F4xx_HAL_Driver/Src/stm32f4xx_hal_rcc_ex.d" -MT"Drivers/STM32F4xx_HAL_Driver/Src/stm32f4xx_hal_rcc_ex.o" --specs=nano.specs -mfpu=fpv4-sp-d16 -mfloat-abi=hard -mthumb -o "Drivers/STM32F4xx_HAL_Driver/Src/stm32f4xx_hal_rcc_ex.o"
arm-none-eabi-gcc "../Drivers/STM32F4xx_HAL_Driver/Src/stm32f4xx_hal_tim.c" -mcpu=cortex-m4 -std=gnu11 -g3 -DDEBUG -DUSE_HAL_DRIVER -DSTM32F407xx -c -I../Core/Inc -I../Drivers/STM32F4xx_HAL_Driver/Inc -I../Drivers/STM32F4xx_HAL_Driver/Inc/Legacy -I../Drivers/CMSIS/Device/ST/STM32F4xx/Include -I../Drivers/CMSIS/Include -O0 -ffunction-sections -fdata-sections -Wall -fstack-usage -fcyclomatic-complexity -MMD -MP -MF"Drivers/STM32F4xx_HAL_Driver/Src/stm32f4xx_hal_tim.d" -MT"Drivers/STM32F4xx_HAL_Driver/Src/stm32f4xx_hal_tim.o" --specs=nano.specs -mfpu=fpv4-sp-d16 -mfloat-abi=hard -mthumb -o "Drivers/STM32F4xx_HAL_Driver/Src/stm32f4xx_hal_tim.o"
arm-none-eabi-gcc "../Drivers/STM32F4xx_HAL_Driver/Src/stm32f4xx_hal_tim_ex.c" -mcpu=cortex-m4 -std=gnu11 -g3 -DDEBUG -DUSE_HAL_DRIVER -DSTM32F407xx -c -I../Core/Inc -I../Drivers/STM32F4xx_HAL_Driver/Inc -I../Drivers/STM32F4xx_HAL_Driver/Inc/Legacy -I../Drivers/CMSIS/Device/ST/STM32F4xx/Include -I../Drivers/CMSIS/Include -O0 -ffunction-sections -fdata-sections -Wall -fstack-usage -fcyclomatic-complexity -MMD -MP -MF"Drivers/STM32F4xx_HAL_Driver/Src/stm32f4xx_hal_tim_ex.d" -MT"Drivers/STM32F4xx_HAL_Driver/Src/stm32f4xx_hal_tim_ex.o" --specs=nano.specs -mfpu=fpv4-sp-d16 -mfloat-abi=hard -mthumb -o "Drivers/STM32F4xx_HAL_Driver/Src/stm32f4xx_hal_tim_ex.o"
arm-none-eabi-gcc "../Drivers/STM32F4xx_HAL_Driver/Src/stm32f4xx_hal_uart.c" -mcpu=cortex-m4 -std=gnu11 -g3 -DDEBUG -DUSE_HAL_DRIVER -DSTM32F407xx -c -I../Core/Inc -I../Drivers/STM32F4xx_HAL_Driver/Inc -I../Drivers/STM32F4xx_HAL_Driver/Inc/Legacy -I../Drivers/CMSIS/Device/ST/STM32F4xx/Include -I../Drivers/CMSIS/Include -O0 -ffunction-sections -fdata-sections -Wall -fstack-usage -fcyclomatic-complexity -MMD -MP -MF"Drivers/STM32F4xx_HAL_Driver/Src/stm32f4xx_hal_uart.d" -MT"Drivers/STM32F4xx_HAL_Driver/Src/stm32f4xx_hal_uart.o" --specs=nano.specs -mfpu=fpv4-sp-d16 -mfloat-abi=hard -mthumb -o "Drivers/STM32F4xx_HAL_Driver/Src/stm32f4xx_hal_uart.o"
arm-none-eabi-gcc -mcpu=cortex-m4 -g3 -DDEBUG -c -x assembler-with-cpp -MMD -MP -MF"Core/Startup/startup_stm32f407vetx.d" -MT"Core/Startup/startup_stm32f407vetx.o" --specs=nano.specs -mfpu=fpv4-sp-d16 -mfloat-abi=hard -mthumb -o "Core/Startup/startup_stm32f407vetx.o" "../Core/Startup/startup_stm32f407vetx.s"
arm-none-eabi-gcc "../Core/Src/main.c" -mcpu=cortex-m4 -std=gnu11 -g3 -DDEBUG -DUSE_HAL_DRIVER -DSTM32F407xx -c -I../Core/Inc -I../Drivers/STM32F4xx_HAL_Driver/Inc -I../Drivers/STM32F4xx_HAL_Driver/Inc/Legacy -I../Drivers/CMSIS/Device/ST/STM32F4xx/Include -I../Drivers/CMSIS/Include -O0 -ffunction-sections -fdata-sections -Wall -fstack-usage -fcyclomatic-complexity -MMD -MP -MF"Core/Src/main.d" -MT"Core/Src/main.o" --specs=nano.specs -mfpu=fpv4-sp-d16 -mfloat-abi=hard -mthumb -o "Core/Src/main.o"
arm-none-eabi-gcc "../Core/Src/stm32f4xx_hal_msp.c" -mcpu=cortex-m4 -std=gnu11 -g3 -DDEBUG -DUSE_HAL_DRIVER -DSTM32F407xx -c -I../Core/Inc -I../Drivers/STM32F4xx_HAL_Driver/Inc -I../Drivers/STM32F4xx_HAL_Driver/Inc/Legacy -I../Drivers/CMSIS/Device/ST/STM32F4xx/Include -I../Drivers/CMSIS/Include -O0 -ffunction-sections -fdata-sections -Wall -fstack-usage -fcyclomatic-complexity -MMD -MP -MF"Core/Src/stm32f4xx_hal_msp.d" -MT"Core/Src/stm32f4xx_hal_msp.o" --specs=nano.specs -mfpu=fpv4-sp-d16 -mfloat-abi=hard -mthumb -o "Core/Src/stm32f4xx_hal_msp.o"
arm-none-eabi-gcc "../Core/Src/stm32f4xx_it.c" -mcpu=cortex-m4 -std=gnu11 -g3 -DDEBUG -DUSE_HAL_DRIVER -DSTM32F407xx -c -I../Core/Inc -I../Drivers/STM32F4xx_HAL_Driver/Inc -I../Drivers/STM32F4xx_HAL_Driver/Inc/Legacy -I../Drivers/CMSIS/Device/ST/STM32F4xx/Include -I../Drivers/CMSIS/Include -O0 -ffunction-sections -fdata-sections -Wall -fstack-usage -fcyclomatic-complexity -MMD -MP -MF"Core/Src/stm32f4xx_it.d" -MT"Core/Src/stm32f4xx_it.o" --specs=nano.specs -mfpu=fpv4-sp-d16 -mfloat-abi=hard -mthumb -o "Core/Src/stm32f4xx_it.o"
arm-none-eabi-gcc "../Core/Src/syscalls.c" -mcpu=cortex-m4 -std=gnu11 -g3 -DDEBUG -DUSE_HAL_DRIVER -DSTM32F407xx -c -I../Core/Inc -I../Drivers/STM32F4xx_HAL_Driver/Inc -I../Drivers/STM32F4xx_HAL_Driver/Inc/Legacy -I../Drivers/CMSIS/Device/ST/STM32F4xx/Include -I../Drivers/CMSIS/Include -O0 -ffunction-sections -fdata-sections -Wall -fstack-usage -fcyclomatic-complexity -MMD -MP -MF"Core/Src/syscalls.d" -MT"Core/Src/syscalls.o" --specs=nano.specs -mfpu=fpv4-sp-d16 -mfloat-abi=hard -mthumb -o "Core/Src/syscalls.o"
arm-none-eabi-gcc "../Core/Src/sysmem.c" -mcpu=cortex-m4 -std=gnu11 -g3 -DDEBUG -DUSE_HAL_DRIVER -DSTM32F407xx -c -I../Core/Inc -I../Drivers/STM32F4xx_HAL_Driver/Inc -I../Drivers/STM32F4xx_HAL_Driver/Inc/Legacy -I../Drivers/CMSIS/Device/ST/STM32F4xx/Include -I../Drivers/CMSIS/Include -O0 -ffunction-sections -fdata-sections -Wall -fstack-usage -fcyclomatic-complexity -MMD -MP -MF"Core/Src/sysmem.d" -MT"Core/Src/sysmem.o" --specs=nano.specs -mfpu=fpv4-sp-d16 -mfloat-abi=hard -mthumb -o "Core/Src/sysmem.o"
arm-none-eabi-gcc "../Core/Src/system_stm32f4xx.c" -mcpu=cortex-m4 -std=gnu11 -g3 -DDEBUG -DUSE_HAL_DRIVER -DSTM32F407xx -c -I../Core/Inc -I../Drivers/STM32F4xx_HAL_Driver/Inc -I../Drivers/STM32F4xx_HAL_Driver/Inc/Legacy -I../Drivers/CMSIS/Device/ST/STM32F4xx/Include -I../Drivers/CMSIS/Include -O0 -ffunction-sections -fdata-sections -Wall -fstack-usage -fcyclomatic-complexity -MMD -MP -MF"Core/Src/system_stm32f4xx.d" -MT"Core/Src/system_stm32f4xx.o" --specs=nano.specs -mfpu=fpv4-sp-d16 -mfloat-abi=hard -mthumb -o "Core/Src/system_stm32f4xx.o"
../Core/Src/main.c: In function 'main':
../Core/Src/main.c:325:38: warning: passing argument 2 of 'HAL_UART_Receive_IT' discards 'volatile' qualifier from pointer target type [-Wdiscarded-qualifiers]
  325 |         HAL_UART_Receive_IT(&huart2, aRxBuffer, 1);
      |                                      ^~~~~~~~~
In file included from ../Core/Inc/stm32f4xx_hal_conf.h:411,
                 from ../Drivers/STM32F4xx_HAL_Driver/Inc/stm32f4xx_hal.h:29,
                 from ../Core/Inc/main.h:30,
                 from ../Core/Src/main.c:20:
../Drivers/STM32F4xx_HAL_Driver/Inc/stm32f4xx_hal_uart.h:748:75: note: expected 'uint8_t *' {aka 'unsigned char *'} but argument is of type 'volatile uint8_t *' {aka 'volatile unsigned char *'}
  748 | HAL_StatusTypeDef HAL_UART_Receive_IT(UART_HandleTypeDef *huart, uint8_t *pData, uint16_t Size);
      |                                                                  ~~~~~~~~~^~~~~
../Core/Src/main.c:342:36: warning: passing argument 2 of 'HAL_UART_Receive_IT' discards 'volatile' qualifier from pointer target type [-Wdiscarded-qualifiers]
  342 |       HAL_UART_Receive_IT(&huart2, aRxBuffer, 1);
      |                                    ^~~~~~~~~
../Drivers/STM32F4xx_HAL_Driver/Inc/stm32f4xx_hal_uart.h:748:75: note: expected 'uint8_t *' {aka 'unsigned char *'} but argument is of type 'volatile uint8_t *' {aka 'volatile unsigned char *'}
  748 | HAL_StatusTypeDef HAL_UART_Receive_IT(UART_HandleTypeDef *huart, uint8_t *pData, uint16_t Size);
      |                                                                  ~~~~~~~~~^~~~~
../Core/Src/main.c: In function 'HAL_UART_RxCpltCallback':
../Core/Src/main.c:581:38: warning: passing argument 2 of 'HAL_UART_Receive_IT' discards 'volatile' qualifier from pointer target type [-Wdiscarded-qualifiers]
  581 |         HAL_UART_Receive_IT(&huart2, aRxBuffer, 1);
      |                                      ^~~~~~~~~
../Drivers/STM32F4xx_HAL_Driver/Inc/stm32f4xx_hal_uart.h:748:75: note: expected 'uint8_t *' {aka 'unsigned char *'} but argument is of type 'volatile uint8_t *' {aka 'volatile unsigned char *'}
  748 | HAL_StatusTypeDef HAL_UART_Receive_IT(UART_HandleTypeDef *huart, uint8_t *pData, uint16_t Size);
      |                                                                  ~~~~~~~~~^~~~~
arm-none-eabi-gcc -o "STM32F407VET6_Modbus.elf" @"objects.list"   -mcpu=cortex-m4 -T"D:\Project_2026\Modbud_MFM383A-C\STM32F407VET6\STM32F407VET6_Modbus\STM32F407VETX_FLASH.ld" --specs=nosys.specs -Wl,-Map="STM32F407VET6_Modbus.map" -Wl,--gc-sections -static --specs=nano.specs -mfpu=fpv4-sp-d16 -mfloat-abi=hard -mthumb -Wl,--start-group -lc -lm -Wl,--end-group
C:/ST/STM32CubeIDE_1.16.0/STM32CubeIDE/plugins/com.st.stm32cube.ide.mcu.externaltools.gnu-tools-for-stm32.12.3.rel1.win32_1.0.200.202406191623/tools/bin/../lib/gcc/arm-none-eabi/12.3.1/../../../../arm-none-eabi/bin/ld.exe: ./Core/Src/stm32f4xx_it.o: in function `SysTick_Handler':
D:/Project_2026/Modbud_MFM383A-C/STM32F407VET6/STM32F407VET6_Modbus/Debug/../Core/Src/stm32f4xx_it.c:185: multiple definition of `SysTick_Handler'; ./Core/Src/main.o:D:/Project_2026/Modbud_MFM383A-C/STM32F407VET6/STM32F407VET6_Modbus/Debug/../Core/Src/main.c:586: first defined here
collect2.exe: error: ld returned 1 exit status
make: *** [makefile:64: STM32F407VET6_Modbus.elf] Error 1
"make -j8 all" terminated with exit code 2. Build might be incomplete.
06:42:26 **** Incremental Build of configuration Debug for project MFM383 ****
make -j8 all 
arm-none-eabi-size  MFM383.elf 
   text	   data	    bss	    dec	    hex	filename
   4908	     12	   1572	   6492	   195c	MFM383.elf
Finished building: default.size.stdout
 
06:42:35 **** Incremental Build of configuration Debug for project MFM383 ****
make -j8 all 
arm-none-eabi-size  MFM383.elf 
   text	   data	    bss	    dec	    hex	filename
   4908	     12	   1572	   6492	   195c	MFM383.elf
Finished building: default.size.stdout
 
06:43:14 **** Incremental Build of configuration Debug for project MFM383 ****
make -j8 all 
arm-none-eabi-size  MFM383.elf 
   text	   data	    bss	    dec	    hex	filename
   4908	     12	   1572	   6492	   195c	MFM383.elf
Finished building: default.size.stdout
 
06:43:20 **** Incremental Build of configuration Debug for project MFM383 ****
make -j8 all 
arm-none-eabi-size  MFM383.elf 
   text	   data	    bss	    dec	    hex	filename
   4908	     12	   1572	   6492	   195c	MFM383.elf
Finished building: default.size.stdout
 
06:44:29 **** Incremental Build of configuration Debug for project MFM383 ****
make -j8 all 
arm-none-eabi-size  MFM383.elf 
   text	   data	    bss	    dec	    hex	filename
   4908	     12	   1572	   6492	   195c	MFM383.elf
Finished building: default.size.stdout
 
06:47:54 **** Incremental Build of configuration Debug for project MFM383 ****
make -j8 all 
arm-none-eabi-size  MFM383.elf 
   text	   data	    bss	    dec	    hex	filename
   4908	     12	   1572	   6492	   195c	MFM383.elf
Finished building: default.size.stdout
 
06:47:55 **** Incremental Build of configuration Debug for project STM32F407VET6_Modbus ****
make -j8 all 
arm-none-eabi-gcc -o "STM32F407VET6_Modbus.elf" @"objects.list"   -mcpu=cortex-m4 -T"D:\Project_2026\Modbud_MFM383A-C\STM32F407VET6\STM32F407VET6_Modbus\STM32F407VETX_FLASH.ld" --specs=nosys.specs -Wl,-Map="STM32F407VET6_Modbus.map" -Wl,--gc-sections -static --specs=nano.specs -mfpu=fpv4-sp-d16 -mfloat-abi=hard -mthumb -Wl,--start-group -lc -lm -Wl,--end-group
C:/ST/STM32CubeIDE_1.16.0/STM32CubeIDE/plugins/com.st.stm32cube.ide.mcu.externaltools.gnu-tools-for-stm32.12.3.rel1.win32_1.0.200.202406191623/tools/bin/../lib/gcc/arm-none-eabi/12.3.1/../../../../arm-none-eabi/bin/ld.exe: ./Core/Src/stm32f4xx_it.o: in function `SysTick_Handler':
D:/Project_2026/Modbud_MFM383A-C/STM32F407VET6/STM32F407VET6_Modbus/Debug/../Core/Src/stm32f4xx_it.c:185: multiple definition of `SysTick_Handler'; ./Core/Src/main.o:D:/Project_2026/Modbud_MFM383A-C/STM32F407VET6/STM32F407VET6_Modbus/Debug/../Core/Src/main.c:586: first defined here
collect2.exe: error: ld returned 1 exit status
make: *** [makefile:64: STM32F407VET6_Modbus.elf] Error 1
"make -j8 all" terminated with exit code 2. Build might be incomplete.
06:48:05 **** Incremental Build of configuration Debug for project MFM383 ****
make -j8 all 
arm-none-eabi-size  MFM383.elf 
   text	   data	    bss	    dec	    hex	filename
   4908	     12	   1572	   6492	   195c	MFM383.elf
Finished building: default.size.stdout
 
06:48:05 **** Incremental Build of configuration Debug for project STM32F407VET6_Modbus ****
make -j8 all 
arm-none-eabi-gcc -o "STM32F407VET6_Modbus.elf" @"objects.list"   -mcpu=cortex-m4 -T"D:\Project_2026\Modbud_MFM383A-C\STM32F407VET6\STM32F407VET6_Modbus\STM32F407VETX_FLASH.ld" --specs=nosys.specs -Wl,-Map="STM32F407VET6_Modbus.map" -Wl,--gc-sections -static --specs=nano.specs -mfpu=fpv4-sp-d16 -mfloat-abi=hard -mthumb -Wl,--start-group -lc -lm -Wl,--end-group
C:/ST/STM32CubeIDE_1.16.0/STM32CubeIDE/plugins/com.st.stm32cube.ide.mcu.externaltools.gnu-tools-for-stm32.12.3.rel1.win32_1.0.200.202406191623/tools/bin/../lib/gcc/arm-none-eabi/12.3.1/../../../../arm-none-eabi/bin/ld.exe: ./Core/Src/stm32f4xx_it.o: in function `SysTick_Handler':
D:/Project_2026/Modbud_MFM383A-C/STM32F407VET6/STM32F407VET6_Modbus/Debug/../Core/Src/stm32f4xx_it.c:185: multiple definition of `SysTick_Handler'; ./Core/Src/main.o:D:/Project_2026/Modbud_MFM383A-C/STM32F407VET6/STM32F407VET6_Modbus/Debug/../Core/Src/main.c:586: first defined here
collect2.exe: error: ld returned 1 exit status
make: *** [makefile:64: STM32F407VET6_Modbus.elf] Error 1
"make -j8 all" terminated with exit code 2. Build might be incomplete.
06:48:30 **** Incremental Build of configuration Debug for project MFM383 ****
make -j8 all 
arm-none-eabi-gcc -o "MFM383.elf" @"objects.list"   -mcpu=cortex-m4 -T"D:\Project_2026\Modbud_MFM383A-C\STM32F407VGT\MFM383\STM32F407VGTX_FLASH.ld" --specs=nosys.specs -Wl,-Map="MFM383.map" -Wl,--gc-sections -static --specs=nano.specs -mfpu=fpv4-sp-d16 -mfloat-abi=hard -mthumb -Wl,--start-group -lc -lm -Wl,--end-group
Finished building target: MFM383.elf
 
arm-none-eabi-size  MFM383.elf 
arm-none-eabi-objdump -h -S MFM383.elf  > "MFM383.list"
   text	   data	    bss	    dec	    hex	filename
   4908	     12	   1572	   6492	   195c	MFM383.elf
Finished building: default.size.stdout
 
Finished building: MFM383.list
 
06:48:32 **** Incremental Build of configuration Debug for project STM32F407VET6_Modbus ****
make -j8 all 
arm-none-eabi-gcc -o "STM32F407VET6_Modbus.elf" @"objects.list"   -mcpu=cortex-m4 -T"D:\Project_2026\Modbud_MFM383A-C\STM32F407VET6\STM32F407VET6_Modbus\STM32F407VETX_FLASH.ld" --specs=nosys.specs -Wl,-Map="STM32F407VET6_Modbus.map" -Wl,--gc-sections -static --specs=nano.specs -mfpu=fpv4-sp-d16 -mfloat-abi=hard -mthumb -Wl,--start-group -lc -lm -Wl,--end-group
C:/ST/STM32CubeIDE_1.16.0/STM32CubeIDE/plugins/com.st.stm32cube.ide.mcu.externaltools.gnu-tools-for-stm32.12.3.rel1.win32_1.0.200.202406191623/tools/bin/../lib/gcc/arm-none-eabi/12.3.1/../../../../arm-none-eabi/bin/ld.exe: ./Core/Src/stm32f4xx_it.o: in function `SysTick_Handler':
D:/Project_2026/Modbud_MFM383A-C/STM32F407VET6/STM32F407VET6_Modbus/Debug/../Core/Src/stm32f4xx_it.c:185: multiple definition of `SysTick_Handler'; ./Core/Src/main.o:D:/Project_2026/Modbud_MFM383A-C/STM32F407VET6/STM32F407VET6_Modbus/Debug/../Core/Src/main.c:586: first defined here
collect2.exe: error: ld returned 1 exit status
make: *** [makefile:64: STM32F407VET6_Modbus.elf] Error 1
"make -j8 all" terminated with exit code 2. Build might be incomplete.
06:49:10 **** Incremental Build of configuration Debug for project MFM383 ****
make -j8 all 
arm-none-eabi-gcc -o "MFM383.elf" @"objects.list"   -mcpu=cortex-m4 -T"D:\Project_2026\Modbud_MFM383A-C\STM32F407VGT\MFM383\STM32F407VGTX_FLASH.ld" --specs=nosys.specs -Wl,-Map="MFM383.map" -Wl,--gc-sections -static --specs=nano.specs -mfpu=fpv4-sp-d16 -mfloat-abi=hard -mthumb -Wl,--start-group -lc -lm -Wl,--end-group
Finished building target: MFM383.elf
 
arm-none-eabi-size  MFM383.elf 
arm-none-eabi-objdump -h -S MFM383.elf  > "MFM383.list"
   text	   data	    bss	    dec	    hex	filename
   4908	     12	   1572	   6492	   195c	MFM383.elf
Finished building: default.size.stdout
 
Finished building: MFM383.list
 
06:50:03 **** Incremental Build of configuration Debug for project MFM383 ****
make -j8 all 
arm-none-eabi-size  MFM383.elf 
   text	   data	    bss	    dec	    hex	filename
   4908	     12	   1572	   6492	   195c	MFM383.elf
Finished building: default.size.stdout
 
06:50:05 **** Incremental Build of configuration Debug for project MFM383 ****
make -j8 all 
arm-none-eabi-size  MFM383.elf 
   text	   data	    bss	    dec	    hex	filename
   4908	     12	   1572	   6492	   195c	MFM383.elf
Finished building: default.size.stdout
 
06:50:50 **** Incremental Build of configuration Debug for project MFM383 ****
make -j8 all 
arm-none-eabi-size  MFM383.elf 
   text	   data	    bss	    dec	    hex	filename
   4908	     12	   1572	   6492	   195c	MFM383.elf
Finished building: default.size.stdout
 
06:51:05 **** Incremental Build of configuration Debug for project MFM383 ****
make -j8 all 
arm-none-eabi-size  MFM383.elf 
   text	   data	    bss	    dec	    hex	filename
   4908	     12	   1572	   6492	   195c	MFM383.elf
Finished building: default.size.stdout
 
06:51:23 **** Incremental Build of configuration Debug for project MFM383 ****
make -j8 all 
arm-none-eabi-size  MFM383.elf 
   text	   data	    bss	    dec	    hex	filename
   4908	     12	   1572	   6492	   195c	MFM383.elf
Finished building: default.size.stdout
 
06:52:10 **** Incremental Build of configuration Debug for project MFM383 ****
make -j8 all 
arm-none-eabi-size  MFM383.elf 
   text	   data	    bss	    dec	    hex	filename
   4908	     12	   1572	   6492	   195c	MFM383.elf
Finished building: default.size.stdout
 
06:52:15 **** Incremental Build of configuration Debug for project MFM383 ****
make -j8 all 
arm-none-eabi-size  MFM383.elf 
   text	   data	    bss	    dec	    hex	filename
   4908	     12	   1572	   6492	   195c	MFM383.elf
Finished building: default.size.stdout
 
06:52:32 **** Incremental Build of configuration Debug for project MFM383 ****
make -j8 all 
arm-none-eabi-size  MFM383.elf 
   text	   data	    bss	    dec	    hex	filename
   4908	     12	   1572	   6492	   195c	MFM383.elf
Finished building: default.size.stdout
 
06:52:36 **** Incremental Build of configuration Debug for project MFM383 ****
make -j8 all 
arm-none-eabi-size  MFM383.elf 
   text	   data	    bss	    dec	    hex	filename
   4908	     12	   1572	   6492	   195c	MFM383.elf
Finished building: default.size.stdout
 
06:59:34 **** Incremental Build of configuration Debug for project MFM383 ****
make -j8 all 
arm-none-eabi-size  MFM383.elf 
   text	   data	    bss	    dec	    hex	filename
   4908	     12	   1572	   6492	   195c	MFM383.elf
Finished building: default.size.stdout
 
06:59:41 **** Incremental Build of configuration Debug for project MFM383 ****
make -j8 all 
arm-none-eabi-size  MFM383.elf 
   text	   data	    bss	    dec	    hex	filename
   4908	     12	   1572	   6492	   195c	MFM383.elf
Finished building: default.size.stdout
 
06:07:07 **** Incremental Build of configuration Debug for project MFM383 ****
make -j8 all 
arm-none-eabi-gcc "../Drivers/STM32F4xx_HAL_Driver/Src/stm32f4xx_hal.c" -mcpu=cortex-m4 -std=gnu11 -g3 -DDEBUG -DUSE_HAL_DRIVER -DSTM32F407xx -c -I../Core/Inc -I../Drivers/STM32F4xx_HAL_Driver/Inc -I../Drivers/STM32F4xx_HAL_Driver/Inc/Legacy -I../Drivers/CMSIS/Device/ST/STM32F4xx/Include -I../Drivers/CMSIS/Include -O0 -ffunction-sections -fdata-sections -Wall -fstack-usage -fcyclomatic-complexity -MMD -MP -MF"Drivers/STM32F4xx_HAL_Driver/Src/stm32f4xx_hal.d" -MT"Drivers/STM32F4xx_HAL_Driver/Src/stm32f4xx_hal.o" --specs=nano.specs -mfpu=fpv4-sp-d16 -mfloat-abi=hard -mthumb -o "Drivers/STM32F4xx_HAL_Driver/Src/stm32f4xx_hal.o"
arm-none-eabi-gcc "../Drivers/STM32F4xx_HAL_Driver/Src/stm32f4xx_hal_cortex.c" -mcpu=cortex-m4 -std=gnu11 -g3 -DDEBUG -DUSE_HAL_DRIVER -DSTM32F407xx -c -I../Core/Inc -I../Drivers/STM32F4xx_HAL_Driver/Inc -I../Drivers/STM32F4xx_HAL_Driver/Inc/Legacy -I../Drivers/CMSIS/Device/ST/STM32F4xx/Include -I../Drivers/CMSIS/Include -O0 -ffunction-sections -fdata-sections -Wall -fstack-usage -fcyclomatic-complexity -MMD -MP -MF"Drivers/STM32F4xx_HAL_Driver/Src/stm32f4xx_hal_cortex.d" -MT"Drivers/STM32F4xx_HAL_Driver/Src/stm32f4xx_hal_cortex.o" --specs=nano.specs -mfpu=fpv4-sp-d16 -mfloat-abi=hard -mthumb -o "Drivers/STM32F4xx_HAL_Driver/Src/stm32f4xx_hal_cortex.o"
arm-none-eabi-gcc "../Drivers/STM32F4xx_HAL_Driver/Src/stm32f4xx_hal_dma.c" -mcpu=cortex-m4 -std=gnu11 -g3 -DDEBUG -DUSE_HAL_DRIVER -DSTM32F407xx -c -I../Core/Inc -I../Drivers/STM32F4xx_HAL_Driver/Inc -I../Drivers/STM32F4xx_HAL_Driver/Inc/Legacy -I../Drivers/CMSIS/Device/ST/STM32F4xx/Include -I../Drivers/CMSIS/Include -O0 -ffunction-sections -fdata-sections -Wall -fstack-usage -fcyclomatic-complexity -MMD -MP -MF"Drivers/STM32F4xx_HAL_Driver/Src/stm32f4xx_hal_dma.d" -MT"Drivers/STM32F4xx_HAL_Driver/Src/stm32f4xx_hal_dma.o" --specs=nano.specs -mfpu=fpv4-sp-d16 -mfloat-abi=hard -mthumb -o "Drivers/STM32F4xx_HAL_Driver/Src/stm32f4xx_hal_dma.o"
arm-none-eabi-gcc "../Drivers/STM32F4xx_HAL_Driver/Src/stm32f4xx_hal_dma_ex.c" -mcpu=cortex-m4 -std=gnu11 -g3 -DDEBUG -DUSE_HAL_DRIVER -DSTM32F407xx -c -I../Core/Inc -I../Drivers/STM32F4xx_HAL_Driver/Inc -I../Drivers/STM32F4xx_HAL_Driver/Inc/Legacy -I../Drivers/CMSIS/Device/ST/STM32F4xx/Include -I../Drivers/CMSIS/Include -O0 -ffunction-sections -fdata-sections -Wall -fstack-usage -fcyclomatic-complexity -MMD -MP -MF"Drivers/STM32F4xx_HAL_Driver/Src/stm32f4xx_hal_dma_ex.d" -MT"Drivers/STM32F4xx_HAL_Driver/Src/stm32f4xx_hal_dma_ex.o" --specs=nano.specs -mfpu=fpv4-sp-d16 -mfloat-abi=hard -mthumb -o "Drivers/STM32F4xx_HAL_Driver/Src/stm32f4xx_hal_dma_ex.o"
arm-none-eabi-gcc "../Drivers/STM32F4xx_HAL_Driver/Src/stm32f4xx_hal_exti.c" -mcpu=cortex-m4 -std=gnu11 -g3 -DDEBUG -DUSE_HAL_DRIVER -DSTM32F407xx -c -I../Core/Inc -I../Drivers/STM32F4xx_HAL_Driver/Inc -I../Drivers/STM32F4xx_HAL_Driver/Inc/Legacy -I../Drivers/CMSIS/Device/ST/STM32F4xx/Include -I../Drivers/CMSIS/Include -O0 -ffunction-sections -fdata-sections -Wall -fstack-usage -fcyclomatic-complexity -MMD -MP -MF"Drivers/STM32F4xx_HAL_Driver/Src/stm32f4xx_hal_exti.d" -MT"Drivers/STM32F4xx_HAL_Driver/Src/stm32f4xx_hal_exti.o" --specs=nano.specs -mfpu=fpv4-sp-d16 -mfloat-abi=hard -mthumb -o "Drivers/STM32F4xx_HAL_Driver/Src/stm32f4xx_hal_exti.o"
arm-none-eabi-gcc "../Drivers/STM32F4xx_HAL_Driver/Src/stm32f4xx_hal_flash.c" -mcpu=cortex-m4 -std=gnu11 -g3 -DDEBUG -DUSE_HAL_DRIVER -DSTM32F407xx -c -I../Core/Inc -I../Drivers/STM32F4xx_HAL_Driver/Inc -I../Drivers/STM32F4xx_HAL_Driver/Inc/Legacy -I../Drivers/CMSIS/Device/ST/STM32F4xx/Include -I../Drivers/CMSIS/Include -O0 -ffunction-sections -fdata-sections -Wall -fstack-usage -fcyclomatic-complexity -MMD -MP -MF"Drivers/STM32F4xx_HAL_Driver/Src/stm32f4xx_hal_flash.d" -MT"Drivers/STM32F4xx_HAL_Driver/Src/stm32f4xx_hal_flash.o" --specs=nano.specs -mfpu=fpv4-sp-d16 -mfloat-abi=hard -mthumb -o "Drivers/STM32F4xx_HAL_Driver/Src/stm32f4xx_hal_flash.o"
arm-none-eabi-gcc "../Drivers/STM32F4xx_HAL_Driver/Src/stm32f4xx_hal_flash_ex.c" -mcpu=cortex-m4 -std=gnu11 -g3 -DDEBUG -DUSE_HAL_DRIVER -DSTM32F407xx -c -I../Core/Inc -I../Drivers/STM32F4xx_HAL_Driver/Inc -I../Drivers/STM32F4xx_HAL_Driver/Inc/Legacy -I../Drivers/CMSIS/Device/ST/STM32F4xx/Include -I../Drivers/CMSIS/Include -O0 -ffunction-sections -fdata-sections -Wall -fstack-usage -fcyclomatic-complexity -MMD -MP -MF"Drivers/STM32F4xx_HAL_Driver/Src/stm32f4xx_hal_flash_ex.d" -MT"Drivers/STM32F4xx_HAL_Driver/Src/stm32f4xx_hal_flash_ex.o" --specs=nano.specs -mfpu=fpv4-sp-d16 -mfloat-abi=hard -mthumb -o "Drivers/STM32F4xx_HAL_Driver/Src/stm32f4xx_hal_flash_ex.o"
arm-none-eabi-gcc "../Drivers/STM32F4xx_HAL_Driver/Src/stm32f4xx_hal_flash_ramfunc.c" -mcpu=cortex-m4 -std=gnu11 -g3 -DDEBUG -DUSE_HAL_DRIVER -DSTM32F407xx -c -I../Core/Inc -I../Drivers/STM32F4xx_HAL_Driver/Inc -I../Drivers/STM32F4xx_HAL_Driver/Inc/Legacy -I../Drivers/CMSIS/Device/ST/STM32F4xx/Include -I../Drivers/CMSIS/Include -O0 -ffunction-sections -fdata-sections -Wall -fstack-usage -fcyclomatic-complexity -MMD -MP -MF"Drivers/STM32F4xx_HAL_Driver/Src/stm32f4xx_hal_flash_ramfunc.d" -MT"Drivers/STM32F4xx_HAL_Driver/Src/stm32f4xx_hal_flash_ramfunc.o" --specs=nano.specs -mfpu=fpv4-sp-d16 -mfloat-abi=hard -mthumb -o "Drivers/STM32F4xx_HAL_Driver/Src/stm32f4xx_hal_flash_ramfunc.o"
arm-none-eabi-gcc "../Drivers/STM32F4xx_HAL_Driver/Src/stm32f4xx_hal_gpio.c" -mcpu=cortex-m4 -std=gnu11 -g3 -DDEBUG -DUSE_HAL_DRIVER -DSTM32F407xx -c -I../Core/Inc -I../Drivers/STM32F4xx_HAL_Driver/Inc -I../Drivers/STM32F4xx_HAL_Driver/Inc/Legacy -I../Drivers/CMSIS/Device/ST/STM32F4xx/Include -I../Drivers/CMSIS/Include -O0 -ffunction-sections -fdata-sections -Wall -fstack-usage -fcyclomatic-complexity -MMD -MP -MF"Drivers/STM32F4xx_HAL_Driver/Src/stm32f4xx_hal_gpio.d" -MT"Drivers/STM32F4xx_HAL_Driver/Src/stm32f4xx_hal_gpio.o" --specs=nano.specs -mfpu=fpv4-sp-d16 -mfloat-abi=hard -mthumb -o "Drivers/STM32F4xx_HAL_Driver/Src/stm32f4xx_hal_gpio.o"
arm-none-eabi-gcc "../Drivers/STM32F4xx_HAL_Driver/Src/stm32f4xx_hal_pwr.c" -mcpu=cortex-m4 -std=gnu11 -g3 -DDEBUG -DUSE_HAL_DRIVER -DSTM32F407xx -c -I../Core/Inc -I../Drivers/STM32F4xx_HAL_Driver/Inc -I../Drivers/STM32F4xx_HAL_Driver/Inc/Legacy -I../Drivers/CMSIS/Device/ST/STM32F4xx/Include -I../Drivers/CMSIS/Include -O0 -ffunction-sections -fdata-sections -Wall -fstack-usage -fcyclomatic-complexity -MMD -MP -MF"Drivers/STM32F4xx_HAL_Driver/Src/stm32f4xx_hal_pwr.d" -MT"Drivers/STM32F4xx_HAL_Driver/Src/stm32f4xx_hal_pwr.o" --specs=nano.specs -mfpu=fpv4-sp-d16 -mfloat-abi=hard -mthumb -o "Drivers/STM32F4xx_HAL_Driver/Src/stm32f4xx_hal_pwr.o"
arm-none-eabi-gcc "../Drivers/STM32F4xx_HAL_Driver/Src/stm32f4xx_hal_pwr_ex.c" -mcpu=cortex-m4 -std=gnu11 -g3 -DDEBUG -DUSE_HAL_DRIVER -DSTM32F407xx -c -I../Core/Inc -I../Drivers/STM32F4xx_HAL_Driver/Inc -I../Drivers/STM32F4xx_HAL_Driver/Inc/Legacy -I../Drivers/CMSIS/Device/ST/STM32F4xx/Include -I../Drivers/CMSIS/Include -O0 -ffunction-sections -fdata-sections -Wall -fstack-usage -fcyclomatic-complexity -MMD -MP -MF"Drivers/STM32F4xx_HAL_Driver/Src/stm32f4xx_hal_pwr_ex.d" -MT"Drivers/STM32F4xx_HAL_Driver/Src/stm32f4xx_hal_pwr_ex.o" --specs=nano.specs -mfpu=fpv4-sp-d16 -mfloat-abi=hard -mthumb -o "Drivers/STM32F4xx_HAL_Driver/Src/stm32f4xx_hal_pwr_ex.o"
arm-none-eabi-gcc "../Drivers/STM32F4xx_HAL_Driver/Src/stm32f4xx_hal_rcc.c" -mcpu=cortex-m4 -std=gnu11 -g3 -DDEBUG -DUSE_HAL_DRIVER -DSTM32F407xx -c -I../Core/Inc -I../Drivers/STM32F4xx_HAL_Driver/Inc -I../Drivers/STM32F4xx_HAL_Driver/Inc/Legacy -I../Drivers/CMSIS/Device/ST/STM32F4xx/Include -I../Drivers/CMSIS/Include -O0 -ffunction-sections -fdata-sections -Wall -fstack-usage -fcyclomatic-complexity -MMD -MP -MF"Drivers/STM32F4xx_HAL_Driver/Src/stm32f4xx_hal_rcc.d" -MT"Drivers/STM32F4xx_HAL_Driver/Src/stm32f4xx_hal_rcc.o" --specs=nano.specs -mfpu=fpv4-sp-d16 -mfloat-abi=hard -mthumb -o "Drivers/STM32F4xx_HAL_Driver/Src/stm32f4xx_hal_rcc.o"
arm-none-eabi-gcc "../Drivers/STM32F4xx_HAL_Driver/Src/stm32f4xx_hal_rcc_ex.c" -mcpu=cortex-m4 -std=gnu11 -g3 -DDEBUG -DUSE_HAL_DRIVER -DSTM32F407xx -c -I../Core/Inc -I../Drivers/STM32F4xx_HAL_Driver/Inc -I../Drivers/STM32F4xx_HAL_Driver/Inc/Legacy -I../Drivers/CMSIS/Device/ST/STM32F4xx/Include -I../Drivers/CMSIS/Include -O0 -ffunction-sections -fdata-sections -Wall -fstack-usage -fcyclomatic-complexity -MMD -MP -MF"Drivers/STM32F4xx_HAL_Driver/Src/stm32f4xx_hal_rcc_ex.d" -MT"Drivers/STM32F4xx_HAL_Driver/Src/stm32f4xx_hal_rcc_ex.o" --specs=nano.specs -mfpu=fpv4-sp-d16 -mfloat-abi=hard -mthumb -o "Drivers/STM32F4xx_HAL_Driver/Src/stm32f4xx_hal_rcc_ex.o"
arm-none-eabi-gcc "../Drivers/STM32F4xx_HAL_Driver/Src/stm32f4xx_hal_tim.c" -mcpu=cortex-m4 -std=gnu11 -g3 -DDEBUG -DUSE_HAL_DRIVER -DSTM32F407xx -c -I../Core/Inc -I../Drivers/STM32F4xx_HAL_Driver/Inc -I../Drivers/STM32F4xx_HAL_Driver/Inc/Legacy -I../Drivers/CMSIS/Device/ST/STM32F4xx/Include -I../Drivers/CMSIS/Include -O0 -ffunction-sections -fdata-sections -Wall -fstack-usage -fcyclomatic-complexity -MMD -MP -MF"Drivers/STM32F4xx_HAL_Driver/Src/stm32f4xx_hal_tim.d" -MT"Drivers/STM32F4xx_HAL_Driver/Src/stm32f4xx_hal_tim.o" --specs=nano.specs -mfpu=fpv4-sp-d16 -mfloat-abi=hard -mthumb -o "Drivers/STM32F4xx_HAL_Driver/Src/stm32f4xx_hal_tim.o"
arm-none-eabi-gcc "../Drivers/STM32F4xx_HAL_Driver/Src/stm32f4xx_hal_tim_ex.c" -mcpu=cortex-m4 -std=gnu11 -g3 -DDEBUG -DUSE_HAL_DRIVER -DSTM32F407xx -c -I../Core/Inc -I../Drivers/STM32F4xx_HAL_Driver/Inc -I../Drivers/STM32F4xx_HAL_Driver/Inc/Legacy -I../Drivers/CMSIS/Device/ST/STM32F4xx/Include -I../Drivers/CMSIS/Include -O0 -ffunction-sections -fdata-sections -Wall -fstack-usage -fcyclomatic-complexity -MMD -MP -MF"Drivers/STM32F4xx_HAL_Driver/Src/stm32f4xx_hal_tim_ex.d" -MT"Drivers/STM32F4xx_HAL_Driver/Src/stm32f4xx_hal_tim_ex.o" --specs=nano.specs -mfpu=fpv4-sp-d16 -mfloat-abi=hard -mthumb -o "Drivers/STM32F4xx_HAL_Driver/Src/stm32f4xx_hal_tim_ex.o"
arm-none-eabi-gcc "../Drivers/STM32F4xx_HAL_Driver/Src/stm32f4xx_hal_uart.c" -mcpu=cortex-m4 -std=gnu11 -g3 -DDEBUG -DUSE_HAL_DRIVER -DSTM32F407xx -c -I../Core/Inc -I../Drivers/STM32F4xx_HAL_Driver/Inc -I../Drivers/STM32F4xx_HAL_Driver/Inc/Legacy -I../Drivers/CMSIS/Device/ST/STM32F4xx/Include -I../Drivers/CMSIS/Include -O0 -ffunction-sections -fdata-sections -Wall -fstack-usage -fcyclomatic-complexity -MMD -MP -MF"Drivers/STM32F4xx_HAL_Driver/Src/stm32f4xx_hal_uart.d" -MT"Drivers/STM32F4xx_HAL_Driver/Src/stm32f4xx_hal_uart.o" --specs=nano.specs -mfpu=fpv4-sp-d16 -mfloat-abi=hard -mthumb -o "Drivers/STM32F4xx_HAL_Driver/Src/stm32f4xx_hal_uart.o"
arm-none-eabi-gcc "../Core/Src/main.c" -mcpu=cortex-m4 -std=gnu11 -g3 -DDEBUG -DUSE_HAL_DRIVER -DSTM32F407xx -c -I../Core/Inc -I../Drivers/STM32F4xx_HAL_Driver/Inc -I../Drivers/STM32F4xx_HAL_Driver/Inc/Legacy -I../Drivers/CMSIS/Device/ST/STM32F4xx/Include -I../Drivers/CMSIS/Include -O0 -ffunction-sections -fdata-sections -Wall -fstack-usage -fcyclomatic-complexity -MMD -MP -MF"Core/Src/main.d" -MT"Core/Src/main.o" --specs=nano.specs -mfpu=fpv4-sp-d16 -mfloat-abi=hard -mthumb -o "Core/Src/main.o"
arm-none-eabi-gcc "../Core/Src/stm32f4xx_hal_msp.c" -mcpu=cortex-m4 -std=gnu11 -g3 -DDEBUG -DUSE_HAL_DRIVER -DSTM32F407xx -c -I../Core/Inc -I../Drivers/STM32F4xx_HAL_Driver/Inc -I../Drivers/STM32F4xx_HAL_Driver/Inc/Legacy -I../Drivers/CMSIS/Device/ST/STM32F4xx/Include -I../Drivers/CMSIS/Include -O0 -ffunction-sections -fdata-sections -Wall -fstack-usage -fcyclomatic-complexity -MMD -MP -MF"Core/Src/stm32f4xx_hal_msp.d" -MT"Core/Src/stm32f4xx_hal_msp.o" --specs=nano.specs -mfpu=fpv4-sp-d16 -mfloat-abi=hard -mthumb -o "Core/Src/stm32f4xx_hal_msp.o"
arm-none-eabi-gcc "../Core/Src/stm32f4xx_it.c" -mcpu=cortex-m4 -std=gnu11 -g3 -DDEBUG -DUSE_HAL_DRIVER -DSTM32F407xx -c -I../Core/Inc -I../Drivers/STM32F4xx_HAL_Driver/Inc -I../Drivers/STM32F4xx_HAL_Driver/Inc/Legacy -I../Drivers/CMSIS/Device/ST/STM32F4xx/Include -I../Drivers/CMSIS/Include -O0 -ffunction-sections -fdata-sections -Wall -fstack-usage -fcyclomatic-complexity -MMD -MP -MF"Core/Src/stm32f4xx_it.d" -MT"Core/Src/stm32f4xx_it.o" --specs=nano.specs -mfpu=fpv4-sp-d16 -mfloat-abi=hard -mthumb -o "Core/Src/stm32f4xx_it.o"
arm-none-eabi-gcc "../Core/Src/system_stm32f4xx.c" -mcpu=cortex-m4 -std=gnu11 -g3 -DDEBUG -DUSE_HAL_DRIVER -DSTM32F407xx -c -I../Core/Inc -I../Drivers/STM32F4xx_HAL_Driver/Inc -I../Drivers/STM32F4xx_HAL_Driver/Inc/Legacy -I../Drivers/CMSIS/Device/ST/STM32F4xx/Include -I../Drivers/CMSIS/Include -O0 -ffunction-sections -fdata-sections -Wall -fstack-usage -fcyclomatic-complexity -MMD -MP -MF"Core/Src/system_stm32f4xx.d" -MT"Core/Src/system_stm32f4xx.o" --specs=nano.specs -mfpu=fpv4-sp-d16 -mfloat-abi=hard -mthumb -o "Core/Src/system_stm32f4xx.o"
arm-none-eabi-gcc -o "MFM383.elf" @"objects.list"   -mcpu=cortex-m4 -T"D:\Project_2026\Modbud_MFM383A-C\STM32F407VGT\MFM383\STM32F407VGTX_FLASH.ld" --specs=nosys.specs -Wl,-Map="MFM383.map" -Wl,--gc-sections -static --specs=nano.specs -mfpu=fpv4-sp-d16 -mfloat-abi=hard -mthumb -Wl,--start-group -lc -lm -Wl,--end-group
Finished building target: MFM383.elf
 
arm-none-eabi-size  MFM383.elf 
arm-none-eabi-objdump -h -S MFM383.elf  > "MFM383.list"
   text	   data	    bss	    dec	    hex	filename
  12628	     12	   1716	  14356	   3814	MFM383.elf
Finished building: default.size.stdout
 
Finished building: MFM383.list
 
06:16:01 **** Incremental Build of configuration Debug for project MFM383 ****
make -j8 all 
arm-none-eabi-gcc "../Core/Src/main.c" -mcpu=cortex-m4 -std=gnu11 -g3 -DDEBUG -DUSE_HAL_DRIVER -DSTM32F407xx -c -I../Core/Inc -I../Drivers/STM32F4xx_HAL_Driver/Inc -I../Drivers/STM32F4xx_HAL_Driver/Inc/Legacy -I../Drivers/CMSIS/Device/ST/STM32F4xx/Include -I../Drivers/CMSIS/Include -O0 -ffunction-sections -fdata-sections -Wall -fstack-usage -fcyclomatic-complexity -MMD -MP -MF"Core/Src/main.d" -MT"Core/Src/main.o" --specs=nano.specs -mfpu=fpv4-sp-d16 -mfloat-abi=hard -mthumb -o "Core/Src/main.o"
../Core/Src/main.c: In function 'main':
../Core/Src/main.c:263:32: warning: passing argument 2 of 'HAL_UART_Receive_IT' discards 'volatile' qualifier from pointer target type [-Wdiscarded-qualifiers]
  263 |   HAL_UART_Receive_IT(&huart2, aRxBuffer, 1);
      |                                ^~~~~~~~~
In file included from ../Core/Inc/stm32f4xx_hal_conf.h:411,
                 from ../Drivers/STM32F4xx_HAL_Driver/Inc/stm32f4xx_hal.h:29,
                 from ../Core/Inc/main.h:30,
                 from ../Core/Src/main.c:20:
../Drivers/STM32F4xx_HAL_Driver/Inc/stm32f4xx_hal_uart.h:748:75: note: expected 'uint8_t *' {aka 'unsigned char *'} but argument is of type 'volatile uint8_t *' {aka 'volatile unsigned char *'}
  748 | HAL_StatusTypeDef HAL_UART_Receive_IT(UART_HandleTypeDef *huart, uint8_t *pData, uint16_t Size);
      |                                                                  ~~~~~~~~~^~~~~
../Core/Src/main.c:279:44: warning: passing argument 2 of 'HAL_UART_Receive_IT' discards 'volatile' qualifier from pointer target type [-Wdiscarded-qualifiers]
  279 |               HAL_UART_Receive_IT(&huart2, aRxBuffer, 1);
      |                                            ^~~~~~~~~
../Drivers/STM32F4xx_HAL_Driver/Inc/stm32f4xx_hal_uart.h:748:75: note: expected 'uint8_t *' {aka 'unsigned char *'} but argument is of type 'volatile uint8_t *' {aka 'volatile unsigned char *'}
  748 | HAL_StatusTypeDef HAL_UART_Receive_IT(UART_HandleTypeDef *huart, uint8_t *pData, uint16_t Size);
      |                                                                  ~~~~~~~~~^~~~~
../Core/Src/main.c: In function 'HAL_UART_RxCpltCallback':
../Core/Src/main.c:485:38: warning: passing argument 2 of 'HAL_UART_Receive_IT' discards 'volatile' qualifier from pointer target type [-Wdiscarded-qualifiers]
  485 |         HAL_UART_Receive_IT(&huart2, aRxBuffer, 1);
      |                                      ^~~~~~~~~
../Drivers/STM32F4xx_HAL_Driver/Inc/stm32f4xx_hal_uart.h:748:75: note: expected 'uint8_t *' {aka 'unsigned char *'} but argument is of type 'volatile uint8_t *' {aka 'volatile unsigned char *'}
  748 | HAL_StatusTypeDef HAL_UART_Receive_IT(UART_HandleTypeDef *huart, uint8_t *pData, uint16_t Size);
      |                                                                  ~~~~~~~~~^~~~~
arm-none-eabi-gcc -o "MFM383.elf" @"objects.list"   -mcpu=cortex-m4 -T"D:\Project_2026\Modbud_MFM383A-C\STM32F407VGT\MFM383\STM32F407VGTX_FLASH.ld" --specs=nosys.specs -Wl,-Map="MFM383.map" -Wl,--gc-sections -static --specs=nano.specs -mfpu=fpv4-sp-d16 -mfloat-abi=hard -mthumb -Wl,--start-group -lc -lm -Wl,--end-group
C:/ST/STM32CubeIDE_1.16.0/STM32CubeIDE/plugins/com.st.stm32cube.ide.mcu.externaltools.gnu-tools-for-stm32.12.3.rel1.win32_1.0.200.202406191623/tools/bin/../lib/gcc/arm-none-eabi/12.3.1/../../../../arm-none-eabi/bin/ld.exe: ./Core/Src/stm32f4xx_it.o: in function `SysTick_Handler':
D:/Project_2026/Modbud_MFM383A-C/STM32F407VGT/MFM383/Debug/../Core/Src/stm32f4xx_it.c:185: multiple definition of `SysTick_Handler'; ./Core/Src/main.o:D:/Project_2026/Modbud_MFM383A-C/STM32F407VGT/MFM383/Debug/../Core/Src/main.c:490: first defined here
collect2.exe: error: ld returned 1 exit status
make: *** [makefile:64: MFM383.elf] Error 1
"make -j8 all" terminated with exit code 2. Build might be incomplete.
06:18:34 **** Incremental Build of configuration Debug for project MFM383 ****
make -j8 all 
arm-none-eabi-gcc "../Core/Src/stm32f4xx_it.c" -mcpu=cortex-m4 -std=gnu11 -g3 -DDEBUG -DUSE_HAL_DRIVER -DSTM32F407xx -c -I../Core/Inc -I../Drivers/STM32F4xx_HAL_Driver/Inc -I../Drivers/STM32F4xx_HAL_Driver/Inc/Legacy -I../Drivers/CMSIS/Device/ST/STM32F4xx/Include -I../Drivers/CMSIS/Include -O0 -ffunction-sections -fdata-sections -Wall -fstack-usage -fcyclomatic-complexity -MMD -MP -MF"Core/Src/stm32f4xx_it.d" -MT"Core/Src/stm32f4xx_it.o" --specs=nano.specs -mfpu=fpv4-sp-d16 -mfloat-abi=hard -mthumb -o "Core/Src/stm32f4xx_it.o"
arm-none-eabi-gcc -o "MFM383.elf" @"objects.list"   -mcpu=cortex-m4 -T"D:\Project_2026\Modbud_MFM383A-C\STM32F407VGT\MFM383\STM32F407VGTX_FLASH.ld" --specs=nosys.specs -Wl,-Map="MFM383.map" -Wl,--gc-sections -static --specs=nano.specs -mfpu=fpv4-sp-d16 -mfloat-abi=hard -mthumb -Wl,--start-group -lc -lm -Wl,--end-group
Finished building target: MFM383.elf
 
arm-none-eabi-size  MFM383.elf 
arm-none-eabi-objdump -h -S MFM383.elf  > "MFM383.list"
   text	   data	    bss	    dec	    hex	filename
  14668	     12	   1860	  16540	   409c	MFM383.elf
Finished building: default.size.stdout
 
Finished building: MFM383.list
 
06:19:03 **** Incremental Build of configuration Debug for project MFM383 ****
make -j8 all 
arm-none-eabi-size  MFM383.elf 
   text	   data	    bss	    dec	    hex	filename
  14668	     12	   1860	  16540	   409c	MFM383.elf
Finished building: default.size.stdout
 
06:19:08 **** Incremental Build of configuration Debug for project MFM383 ****
make -j8 all 
arm-none-eabi-size  MFM383.elf 
   text	   data	    bss	    dec	    hex	filename
  14668	     12	   1860	  16540	   409c	MFM383.elf
Finished building: default.size.stdout
 
06:19:33 **** Incremental Build of configuration Debug for project MFM383 ****
make -j8 all 
arm-none-eabi-size  MFM383.elf 
   text	   data	    bss	    dec	    hex	filename
  14668	     12	   1860	  16540	   409c	MFM383.elf
Finished building: default.size.stdout
 
06:24:31 **** Incremental Build of configuration Debug for project MFM383 ****
make -j8 all 
arm-none-eabi-size  MFM383.elf 
   text	   data	    bss	    dec	    hex	filename
  14668	     12	   1860	  16540	   409c	MFM383.elf
Finished building: default.size.stdout
 
06:25:29 **** Incremental Build of configuration Debug for project MFM383 ****
make -j8 all 
arm-none-eabi-size  MFM383.elf 
   text	   data	    bss	    dec	    hex	filename
  14668	     12	   1860	  16540	   409c	MFM383.elf
Finished building: default.size.stdout
 
06:25:32 **** Incremental Build of configuration Debug for project MFM383 ****
make -j8 all 
arm-none-eabi-size  MFM383.elf 
   text	   data	    bss	    dec	    hex	filename
  14668	     12	   1860	  16540	   409c	MFM383.elf
Finished building: default.size.stdout
 
06:25:50 **** Incremental Build of configuration Debug for project MFM383 ****
make -j8 all 
arm-none-eabi-size  MFM383.elf 
   text	   data	    bss	    dec	    hex	filename
  14668	     12	   1860	  16540	   409c	MFM383.elf
Finished building: default.size.stdout
 
06:31:15 **** Incremental Build of configuration Debug for project MFM383 ****
make -j8 all 
arm-none-eabi-gcc "../Core/Src/main.c" -mcpu=cortex-m4 -std=gnu11 -g3 -DDEBUG -DUSE_HAL_DRIVER -DSTM32F407xx -c -I../Core/Inc -I../Drivers/STM32F4xx_HAL_Driver/Inc -I../Drivers/STM32F4xx_HAL_Driver/Inc/Legacy -I../Drivers/CMSIS/Device/ST/STM32F4xx/Include -I../Drivers/CMSIS/Include -O0 -ffunction-sections -fdata-sections -Wall -fstack-usage -fcyclomatic-complexity -MMD -MP -MF"Core/Src/main.d" -MT"Core/Src/main.o" --specs=nano.specs -mfpu=fpv4-sp-d16 -mfloat-abi=hard -mthumb -o "Core/Src/main.o"
../Core/Src/main.c: In function 'main':
../Core/Src/main.c:263:32: warning: passing argument 2 of 'HAL_UART_Receive_IT' discards 'volatile' qualifier from pointer target type [-Wdiscarded-qualifiers]
  263 |   HAL_UART_Receive_IT(&huart2, aRxBuffer, 1);
      |                                ^~~~~~~~~
In file included from ../Core/Inc/stm32f4xx_hal_conf.h:411,
                 from ../Drivers/STM32F4xx_HAL_Driver/Inc/stm32f4xx_hal.h:29,
                 from ../Core/Inc/main.h:30,
                 from ../Core/Src/main.c:20:
../Drivers/STM32F4xx_HAL_Driver/Inc/stm32f4xx_hal_uart.h:748:75: note: expected 'uint8_t *' {aka 'unsigned char *'} but argument is of type 'volatile uint8_t *' {aka 'volatile unsigned char *'}
  748 | HAL_StatusTypeDef HAL_UART_Receive_IT(UART_HandleTypeDef *huart, uint8_t *pData, uint16_t Size);
      |                                                                  ~~~~~~~~~^~~~~
../Core/Src/main.c:279:44: warning: passing argument 2 of 'HAL_UART_Receive_IT' discards 'volatile' qualifier from pointer target type [-Wdiscarded-qualifiers]
  279 |               HAL_UART_Receive_IT(&huart2, aRxBuffer, 1);
      |                                            ^~~~~~~~~
../Drivers/STM32F4xx_HAL_Driver/Inc/stm32f4xx_hal_uart.h:748:75: note: expected 'uint8_t *' {aka 'unsigned char *'} but argument is of type 'volatile uint8_t *' {aka 'volatile unsigned char *'}
  748 | HAL_StatusTypeDef HAL_UART_Receive_IT(UART_HandleTypeDef *huart, uint8_t *pData, uint16_t Size);
      |                                                                  ~~~~~~~~~^~~~~
../Core/Src/main.c: In function 'HAL_UART_RxCpltCallback':
../Core/Src/main.c:485:38: warning: passing argument 2 of 'HAL_UART_Receive_IT' discards 'volatile' qualifier from pointer target type [-Wdiscarded-qualifiers]
  485 |         HAL_UART_Receive_IT(&huart2, aRxBuffer, 1);
      |                                      ^~~~~~~~~
../Drivers/STM32F4xx_HAL_Driver/Inc/stm32f4xx_hal_uart.h:748:75: note: expected 'uint8_t *' {aka 'unsigned char *'} but argument is of type 'volatile uint8_t *' {aka 'volatile unsigned char *'}
  748 | HAL_StatusTypeDef HAL_UART_Receive_IT(UART_HandleTypeDef *huart, uint8_t *pData, uint16_t Size);
      |                                                                  ~~~~~~~~~^~~~~
arm-none-eabi-gcc -o "MFM383.elf" @"objects.list"   -mcpu=cortex-m4 -T"D:\Project_2026\Modbud_MFM383A-C\STM32F407VGT\MFM383\STM32F407VGTX_FLASH.ld" --specs=nosys.specs -Wl,-Map="MFM383.map" -Wl,--gc-sections -static --specs=nano.specs -mfpu=fpv4-sp-d16 -mfloat-abi=hard -mthumb -Wl,--start-group -lc -lm -Wl,--end-group
Finished building target: MFM383.elf
 
arm-none-eabi-size  MFM383.elf 
arm-none-eabi-objdump -h -S MFM383.elf  > "MFM383.list"
   text	   data	    bss	    dec	    hex	filename
  14668	     12	   1860	  16540	   409c	MFM383.elf
Finished building: default.size.stdout
 
Finished building: MFM383.list
 
06:31:18 **** Incremental Build of configuration Debug for project MFM383 ****
make -j8 all 
arm-none-eabi-size  MFM383.elf 
   text	   data	    bss	    dec	    hex	filename
  14668	     12	   1860	  16540	   409c	MFM383.elf
Finished building: default.size.stdout
 
06:31:31 **** Incremental Build of configuration Debug for project MFM383 ****
make -j8 all 
arm-none-eabi-size  MFM383.elf 
   text	   data	    bss	    dec	    hex	filename
  14668	     12	   1860	  16540	   409c	MFM383.elf
Finished building: default.size.stdout
 
06:33:46 **** Incremental Build of configuration Debug for project MFM383 ****
make -j8 all 
arm-none-eabi-gcc "../Core/Src/main.c" -mcpu=cortex-m4 -std=gnu11 -g3 -DDEBUG -DUSE_HAL_DRIVER -DSTM32F407xx -c -I../Core/Inc -I../Drivers/STM32F4xx_HAL_Driver/Inc -I../Drivers/STM32F4xx_HAL_Driver/Inc/Legacy -I../Drivers/CMSIS/Device/ST/STM32F4xx/Include -I../Drivers/CMSIS/Include -O0 -ffunction-sections -fdata-sections -Wall -fstack-usage -fcyclomatic-complexity -MMD -MP -MF"Core/Src/main.d" -MT"Core/Src/main.o" --specs=nano.specs -mfpu=fpv4-sp-d16 -mfloat-abi=hard -mthumb -o "Core/Src/main.o"
../Core/Src/main.c: In function 'main':
../Core/Src/main.c:263:32: warning: passing argument 2 of 'HAL_UART_Receive_IT' discards 'volatile' qualifier from pointer target type [-Wdiscarded-qualifiers]
  263 |   HAL_UART_Receive_IT(&huart2, aRxBuffer, 1);
      |                                ^~~~~~~~~
In file included from ../Core/Inc/stm32f4xx_hal_conf.h:411,
                 from ../Drivers/STM32F4xx_HAL_Driver/Inc/stm32f4xx_hal.h:29,
                 from ../Core/Inc/main.h:30,
                 from ../Core/Src/main.c:20:
../Drivers/STM32F4xx_HAL_Driver/Inc/stm32f4xx_hal_uart.h:748:75: note: expected 'uint8_t *' {aka 'unsigned char *'} but argument is of type 'volatile uint8_t *' {aka 'volatile unsigned char *'}
  748 | HAL_StatusTypeDef HAL_UART_Receive_IT(UART_HandleTypeDef *huart, uint8_t *pData, uint16_t Size);
      |                                                                  ~~~~~~~~~^~~~~
../Core/Src/main.c:279:44: warning: passing argument 2 of 'HAL_UART_Receive_IT' discards 'volatile' qualifier from pointer target type [-Wdiscarded-qualifiers]
  279 |               HAL_UART_Receive_IT(&huart2, aRxBuffer, 1);
      |                                            ^~~~~~~~~
../Drivers/STM32F4xx_HAL_Driver/Inc/stm32f4xx_hal_uart.h:748:75: note: expected 'uint8_t *' {aka 'unsigned char *'} but argument is of type 'volatile uint8_t *' {aka 'volatile unsigned char *'}
  748 | HAL_StatusTypeDef HAL_UART_Receive_IT(UART_HandleTypeDef *huart, uint8_t *pData, uint16_t Size);
      |                                                                  ~~~~~~~~~^~~~~
../Core/Src/main.c: In function 'HAL_UART_RxCpltCallback':
../Core/Src/main.c:485:38: warning: passing argument 2 of 'HAL_UART_Receive_IT' discards 'volatile' qualifier from pointer target type [-Wdiscarded-qualifiers]
  485 |         HAL_UART_Receive_IT(&huart2, aRxBuffer, 1);
      |                                      ^~~~~~~~~
../Drivers/STM32F4xx_HAL_Driver/Inc/stm32f4xx_hal_uart.h:748:75: note: expected 'uint8_t *' {aka 'unsigned char *'} but argument is of type 'volatile uint8_t *' {aka 'volatile unsigned char *'}
  748 | HAL_StatusTypeDef HAL_UART_Receive_IT(UART_HandleTypeDef *huart, uint8_t *pData, uint16_t Size);
      |                                                                  ~~~~~~~~~^~~~~
arm-none-eabi-gcc -o "MFM383.elf" @"objects.list"   -mcpu=cortex-m4 -T"D:\Project_2026\Modbud_MFM383A-C\STM32F407VGT\MFM383\STM32F407VGTX_FLASH.ld" --specs=nosys.specs -Wl,-Map="MFM383.map" -Wl,--gc-sections -static --specs=nano.specs -mfpu=fpv4-sp-d16 -mfloat-abi=hard -mthumb -Wl,--start-group -lc -lm -Wl,--end-group
Finished building target: MFM383.elf
 
arm-none-eabi-size  MFM383.elf 
arm-none-eabi-objdump -h -S MFM383.elf  > "MFM383.list"
   text	   data	    bss	    dec	    hex	filename
  14672	     12	   1860	  16544	   40a0	MFM383.elf
Finished building: default.size.stdout
 
Finished building: MFM383.list
 
06:33:50 **** Incremental Build of configuration Debug for project MFM383 ****
make -j8 all 
arm-none-eabi-size  MFM383.elf 
   text	   data	    bss	    dec	    hex	filename
  14672	     12	   1860	  16544	   40a0	MFM383.elf
Finished building: default.size.stdout
 
06:34:05 **** Incremental Build of configuration Debug for project MFM383 ****
make -j8 all 
arm-none-eabi-size  MFM383.elf 
   text	   data	    bss	    dec	    hex	filename
  14672	     12	   1860	  16544	   40a0	MFM383.elf
Finished building: default.size.stdout
 
06:52:34 **** Incremental Build of configuration Debug for project MFM383 ****
make -j8 all 
arm-none-eabi-gcc "../Core/Src/main.c" -mcpu=cortex-m4 -std=gnu11 -g3 -DDEBUG -DUSE_HAL_DRIVER -DSTM32F407xx -c -I../Core/Inc -I../Drivers/STM32F4xx_HAL_Driver/Inc -I../Drivers/STM32F4xx_HAL_Driver/Inc/Legacy -I../Drivers/CMSIS/Device/ST/STM32F4xx/Include -I../Drivers/CMSIS/Include -O0 -ffunction-sections -fdata-sections -Wall -fstack-usage -fcyclomatic-complexity -MMD -MP -MF"Core/Src/main.d" -MT"Core/Src/main.o" --specs=nano.specs -mfpu=fpv4-sp-d16 -mfloat-abi=hard -mthumb -o "Core/Src/main.o"
../Core/Src/main.c: In function 'main':
../Core/Src/main.c:263:32: warning: passing argument 2 of 'HAL_UART_Receive_IT' discards 'volatile' qualifier from pointer target type [-Wdiscarded-qualifiers]
  263 |   HAL_UART_Receive_IT(&huart2, aRxBuffer, 1);
      |                                ^~~~~~~~~
In file included from ../Core/Inc/stm32f4xx_hal_conf.h:411,
                 from ../Drivers/STM32F4xx_HAL_Driver/Inc/stm32f4xx_hal.h:29,
                 from ../Core/Inc/main.h:30,
                 from ../Core/Src/main.c:20:
../Drivers/STM32F4xx_HAL_Driver/Inc/stm32f4xx_hal_uart.h:748:75: note: expected 'uint8_t *' {aka 'unsigned char *'} but argument is of type 'volatile uint8_t *' {aka 'volatile unsigned char *'}
  748 | HAL_StatusTypeDef HAL_UART_Receive_IT(UART_HandleTypeDef *huart, uint8_t *pData, uint16_t Size);
      |                                                                  ~~~~~~~~~^~~~~
../Core/Src/main.c:279:44: warning: passing argument 2 of 'HAL_UART_Receive_IT' discards 'volatile' qualifier from pointer target type [-Wdiscarded-qualifiers]
  279 |               HAL_UART_Receive_IT(&huart2, aRxBuffer, 1);
      |                                            ^~~~~~~~~
../Drivers/STM32F4xx_HAL_Driver/Inc/stm32f4xx_hal_uart.h:748:75: note: expected 'uint8_t *' {aka 'unsigned char *'} but argument is of type 'volatile uint8_t *' {aka 'volatile unsigned char *'}
  748 | HAL_StatusTypeDef HAL_UART_Receive_IT(UART_HandleTypeDef *huart, uint8_t *pData, uint16_t Size);
      |                                                                  ~~~~~~~~~^~~~~
../Core/Src/main.c: In function 'HAL_UART_RxCpltCallback':
../Core/Src/main.c:485:38: warning: passing argument 2 of 'HAL_UART_Receive_IT' discards 'volatile' qualifier from pointer target type [-Wdiscarded-qualifiers]
  485 |         HAL_UART_Receive_IT(&huart2, aRxBuffer, 1);
      |                                      ^~~~~~~~~
../Drivers/STM32F4xx_HAL_Driver/Inc/stm32f4xx_hal_uart.h:748:75: note: expected 'uint8_t *' {aka 'unsigned char *'} but argument is of type 'volatile uint8_t *' {aka 'volatile unsigned char *'}
  748 | HAL_StatusTypeDef HAL_UART_Receive_IT(UART_HandleTypeDef *huart, uint8_t *pData, uint16_t Size);
      |                                                                  ~~~~~~~~~^~~~~
arm-none-eabi-gcc -o "MFM383.elf" @"objects.list"   -mcpu=cortex-m4 -T"D:\Project_2026\Modbud_MFM383A-C\STM32F407VGT\MFM383\STM32F407VGTX_FLASH.ld" --specs=nosys.specs -Wl,-Map="MFM383.map" -Wl,--gc-sections -static --specs=nano.specs -mfpu=fpv4-sp-d16 -mfloat-abi=hard -mthumb -Wl,--start-group -lc -lm -Wl,--end-group
Finished building target: MFM383.elf
 
arm-none-eabi-size  MFM383.elf 
arm-none-eabi-objdump -h -S MFM383.elf  > "MFM383.list"
   text	   data	    bss	    dec	    hex	filename
  14668	     12	   1860	  16540	   409c	MFM383.elf
Finished building: default.size.stdout
 
Finished building: MFM383.list
 
06:52:38 **** Incremental Build of configuration Debug for project MFM383 ****
make -j8 all 
arm-none-eabi-size  MFM383.elf 
   text	   data	    bss	    dec	    hex	filename
  14668	     12	   1860	  16540	   409c	MFM383.elf
Finished building: default.size.stdout
 
06:52:50 **** Incremental Build of configuration Debug for project MFM383 ****
make -j8 all 
arm-none-eabi-size  MFM383.elf 
   text	   data	    bss	    dec	    hex	filename
  14668	     12	   1860	  16540	   409c	MFM383.elf
Finished building: default.size.stdout
 
07:07:09 **** Incremental Build of configuration Debug for project MFM383 ****
make -j8 all 
arm-none-eabi-gcc "../Core/Src/main.c" -mcpu=cortex-m4 -std=gnu11 -g3 -DDEBUG -DUSE_HAL_DRIVER -DSTM32F407xx -c -I../Core/Inc -I../Drivers/STM32F4xx_HAL_Driver/Inc -I../Drivers/STM32F4xx_HAL_Driver/Inc/Legacy -I../Drivers/CMSIS/Device/ST/STM32F4xx/Include -I../Drivers/CMSIS/Include -O0 -ffunction-sections -fdata-sections -Wall -fstack-usage -fcyclomatic-complexity -MMD -MP -MF"Core/Src/main.d" -MT"Core/Src/main.o" --specs=nano.specs -mfpu=fpv4-sp-d16 -mfloat-abi=hard -mthumb -o "Core/Src/main.o"
../Core/Src/main.c: In function 'main':
../Core/Src/main.c:265:32: warning: passing argument 2 of 'HAL_UART_Receive_IT' discards 'volatile' qualifier from pointer target type [-Wdiscarded-qualifiers]
  265 |   HAL_UART_Receive_IT(&huart2, aRxBuffer, 1);
      |                                ^~~~~~~~~
In file included from ../Core/Inc/stm32f4xx_hal_conf.h:411,
                 from ../Drivers/STM32F4xx_HAL_Driver/Inc/stm32f4xx_hal.h:29,
                 from ../Core/Inc/main.h:30,
                 from ../Core/Src/main.c:20:
../Drivers/STM32F4xx_HAL_Driver/Inc/stm32f4xx_hal_uart.h:748:75: note: expected 'uint8_t *' {aka 'unsigned char *'} but argument is of type 'volatile uint8_t *' {aka 'volatile unsigned char *'}
  748 | HAL_StatusTypeDef HAL_UART_Receive_IT(UART_HandleTypeDef *huart, uint8_t *pData, uint16_t Size);
      |                                                                  ~~~~~~~~~^~~~~
../Core/Src/main.c:281:44: warning: passing argument 2 of 'HAL_UART_Receive_IT' discards 'volatile' qualifier from pointer target type [-Wdiscarded-qualifiers]
  281 |               HAL_UART_Receive_IT(&huart2, aRxBuffer, 1);
      |                                            ^~~~~~~~~
../Drivers/STM32F4xx_HAL_Driver/Inc/stm32f4xx_hal_uart.h:748:75: note: expected 'uint8_t *' {aka 'unsigned char *'} but argument is of type 'volatile uint8_t *' {aka 'volatile unsigned char *'}
  748 | HAL_StatusTypeDef HAL_UART_Receive_IT(UART_HandleTypeDef *huart, uint8_t *pData, uint16_t Size);
      |                                                                  ~~~~~~~~~^~~~~
../Core/Src/main.c: In function 'HAL_UART_RxCpltCallback':
../Core/Src/main.c:487:38: warning: passing argument 2 of 'HAL_UART_Receive_IT' discards 'volatile' qualifier from pointer target type [-Wdiscarded-qualifiers]
  487 |         HAL_UART_Receive_IT(&huart2, aRxBuffer, 1);
      |                                      ^~~~~~~~~
../Drivers/STM32F4xx_HAL_Driver/Inc/stm32f4xx_hal_uart.h:748:75: note: expected 'uint8_t *' {aka 'unsigned char *'} but argument is of type 'volatile uint8_t *' {aka 'volatile unsigned char *'}
  748 | HAL_StatusTypeDef HAL_UART_Receive_IT(UART_HandleTypeDef *huart, uint8_t *pData, uint16_t Size);
      |                                                                  ~~~~~~~~~^~~~~
arm-none-eabi-gcc -o "MFM383.elf" @"objects.list"   -mcpu=cortex-m4 -T"D:\Project_2026\Modbud_MFM383A-C\STM32F407VGT\MFM383\STM32F407VGTX_FLASH.ld" --specs=nosys.specs -Wl,-Map="MFM383.map" -Wl,--gc-sections -static --specs=nano.specs -mfpu=fpv4-sp-d16 -mfloat-abi=hard -mthumb -Wl,--start-group -lc -lm -Wl,--end-group
Finished building target: MFM383.elf
 
arm-none-eabi-size  MFM383.elf 
arm-none-eabi-objdump -h -S MFM383.elf  > "MFM383.list"
   text	   data	    bss	    dec	    hex	filename
  14668	     12	   1860	  16540	   409c	MFM383.elf
Finished building: default.size.stdout
 
Finished building: MFM383.list
 
07:07:17 **** Incremental Build of configuration Debug for project MFM383 ****
make -j8 all 
arm-none-eabi-size  MFM383.elf 
   text	   data	    bss	    dec	    hex	filename
  14668	     12	   1860	  16540	   409c	MFM383.elf
Finished building: default.size.stdout
 
07:07:27 **** Incremental Build of configuration Debug for project MFM383 ****
make -j8 all 
arm-none-eabi-size  MFM383.elf 
   text	   data	    bss	    dec	    hex	filename
  14668	     12	   1860	  16540	   409c	MFM383.elf
Finished building: default.size.stdout
 
07:08:54 **** Incremental Build of configuration Debug for project MFM383 ****
make -j8 all 
arm-none-eabi-gcc "../Core/Src/main.c" -mcpu=cortex-m4 -std=gnu11 -g3 -DDEBUG -DUSE_HAL_DRIVER -DSTM32F407xx -c -I../Core/Inc -I../Drivers/STM32F4xx_HAL_Driver/Inc -I../Drivers/STM32F4xx_HAL_Driver/Inc/Legacy -I../Drivers/CMSIS/Device/ST/STM32F4xx/Include -I../Drivers/CMSIS/Include -O0 -ffunction-sections -fdata-sections -Wall -fstack-usage -fcyclomatic-complexity -MMD -MP -MF"Core/Src/main.d" -MT"Core/Src/main.o" --specs=nano.specs -mfpu=fpv4-sp-d16 -mfloat-abi=hard -mthumb -o "Core/Src/main.o"
../Core/Src/main.c: In function 'main':
../Core/Src/main.c:265:32: warning: passing argument 2 of 'HAL_UART_Receive_IT' discards 'volatile' qualifier from pointer target type [-Wdiscarded-qualifiers]
  265 |   HAL_UART_Receive_IT(&huart2, aRxBuffer, 1);
      |                                ^~~~~~~~~
In file included from ../Core/Inc/stm32f4xx_hal_conf.h:411,
                 from ../Drivers/STM32F4xx_HAL_Driver/Inc/stm32f4xx_hal.h:29,
                 from ../Core/Inc/main.h:30,
                 from ../Core/Src/main.c:20:
../Drivers/STM32F4xx_HAL_Driver/Inc/stm32f4xx_hal_uart.h:748:75: note: expected 'uint8_t *' {aka 'unsigned char *'} but argument is of type 'volatile uint8_t *' {aka 'volatile unsigned char *'}
  748 | HAL_StatusTypeDef HAL_UART_Receive_IT(UART_HandleTypeDef *huart, uint8_t *pData, uint16_t Size);
      |                                                                  ~~~~~~~~~^~~~~
../Core/Src/main.c:281:44: warning: passing argument 2 of 'HAL_UART_Receive_IT' discards 'volatile' qualifier from pointer target type [-Wdiscarded-qualifiers]
  281 |               HAL_UART_Receive_IT(&huart2, aRxBuffer, 1);
      |                                            ^~~~~~~~~
../Drivers/STM32F4xx_HAL_Driver/Inc/stm32f4xx_hal_uart.h:748:75: note: expected 'uint8_t *' {aka 'unsigned char *'} but argument is of type 'volatile uint8_t *' {aka 'volatile unsigned char *'}
  748 | HAL_StatusTypeDef HAL_UART_Receive_IT(UART_HandleTypeDef *huart, uint8_t *pData, uint16_t Size);
      |                                                                  ~~~~~~~~~^~~~~
../Core/Src/main.c: In function 'HAL_UART_RxCpltCallback':
../Core/Src/main.c:487:38: warning: passing argument 2 of 'HAL_UART_Receive_IT' discards 'volatile' qualifier from pointer target type [-Wdiscarded-qualifiers]
  487 |         HAL_UART_Receive_IT(&huart2, aRxBuffer, 1);
      |                                      ^~~~~~~~~
../Drivers/STM32F4xx_HAL_Driver/Inc/stm32f4xx_hal_uart.h:748:75: note: expected 'uint8_t *' {aka 'unsigned char *'} but argument is of type 'volatile uint8_t *' {aka 'volatile unsigned char *'}
  748 | HAL_StatusTypeDef HAL_UART_Receive_IT(UART_HandleTypeDef *huart, uint8_t *pData, uint16_t Size);
      |                                                                  ~~~~~~~~~^~~~~
arm-none-eabi-gcc -o "MFM383.elf" @"objects.list"   -mcpu=cortex-m4 -T"D:\Project_2026\Modbud_MFM383A-C\STM32F407VGT\MFM383\STM32F407VGTX_FLASH.ld" --specs=nosys.specs -Wl,-Map="MFM383.map" -Wl,--gc-sections -static --specs=nano.specs -mfpu=fpv4-sp-d16 -mfloat-abi=hard -mthumb -Wl,--start-group -lc -lm -Wl,--end-group
Finished building target: MFM383.elf
 
arm-none-eabi-size  MFM383.elf 
arm-none-eabi-objdump -h -S MFM383.elf  > "MFM383.list"
   text	   data	    bss	    dec	    hex	filename
  14668	     12	   1860	  16540	   409c	MFM383.elf
Finished building: default.size.stdout
 
Finished building: MFM383.list
 
07:08:58 **** Incremental Build of configuration Debug for project MFM383 ****
make -j8 all 
arm-none-eabi-size  MFM383.elf 
   text	   data	    bss	    dec	    hex	filename
  14668	     12	   1860	  16540	   409c	MFM383.elf
Finished building: default.size.stdout
 
07:09:16 **** Incremental Build of configuration Debug for project MFM383 ****
make -j8 all 
arm-none-eabi-size  MFM383.elf 
   text	   data	    bss	    dec	    hex	filename
  14668	     12	   1860	  16540	   409c	MFM383.elf
Finished building: default.size.stdout
 
07:10:16 **** Incremental Build of configuration Debug for project MFM383 ****
make -j8 all 
arm-none-eabi-gcc "../Core/Src/main.c" -mcpu=cortex-m4 -std=gnu11 -g3 -DDEBUG -DUSE_HAL_DRIVER -DSTM32F407xx -c -I../Core/Inc -I../Drivers/STM32F4xx_HAL_Driver/Inc -I../Drivers/STM32F4xx_HAL_Driver/Inc/Legacy -I../Drivers/CMSIS/Device/ST/STM32F4xx/Include -I../Drivers/CMSIS/Include -O0 -ffunction-sections -fdata-sections -Wall -fstack-usage -fcyclomatic-complexity -MMD -MP -MF"Core/Src/main.d" -MT"Core/Src/main.o" --specs=nano.specs -mfpu=fpv4-sp-d16 -mfloat-abi=hard -mthumb -o "Core/Src/main.o"
../Core/Src/main.c: In function 'main':
../Core/Src/main.c:265:32: warning: passing argument 2 of 'HAL_UART_Receive_IT' discards 'volatile' qualifier from pointer target type [-Wdiscarded-qualifiers]
  265 |   HAL_UART_Receive_IT(&huart2, aRxBuffer, 1);
      |                                ^~~~~~~~~
In file included from ../Core/Inc/stm32f4xx_hal_conf.h:411,
                 from ../Drivers/STM32F4xx_HAL_Driver/Inc/stm32f4xx_hal.h:29,
                 from ../Core/Inc/main.h:30,
                 from ../Core/Src/main.c:20:
../Drivers/STM32F4xx_HAL_Driver/Inc/stm32f4xx_hal_uart.h:748:75: note: expected 'uint8_t *' {aka 'unsigned char *'} but argument is of type 'volatile uint8_t *' {aka 'volatile unsigned char *'}
  748 | HAL_StatusTypeDef HAL_UART_Receive_IT(UART_HandleTypeDef *huart, uint8_t *pData, uint16_t Size);
      |                                                                  ~~~~~~~~~^~~~~
../Core/Src/main.c:281:44: warning: passing argument 2 of 'HAL_UART_Receive_IT' discards 'volatile' qualifier from pointer target type [-Wdiscarded-qualifiers]
  281 |               HAL_UART_Receive_IT(&huart2, aRxBuffer, 1);
      |                                            ^~~~~~~~~
../Drivers/STM32F4xx_HAL_Driver/Inc/stm32f4xx_hal_uart.h:748:75: note: expected 'uint8_t *' {aka 'unsigned char *'} but argument is of type 'volatile uint8_t *' {aka 'volatile unsigned char *'}
  748 | HAL_StatusTypeDef HAL_UART_Receive_IT(UART_HandleTypeDef *huart, uint8_t *pData, uint16_t Size);
      |                                                                  ~~~~~~~~~^~~~~
../Core/Src/main.c: In function 'HAL_UART_RxCpltCallback':
../Core/Src/main.c:487:38: warning: passing argument 2 of 'HAL_UART_Receive_IT' discards 'volatile' qualifier from pointer target type [-Wdiscarded-qualifiers]
  487 |         HAL_UART_Receive_IT(&huart2, aRxBuffer, 1);
      |                                      ^~~~~~~~~
../Drivers/STM32F4xx_HAL_Driver/Inc/stm32f4xx_hal_uart.h:748:75: note: expected 'uint8_t *' {aka 'unsigned char *'} but argument is of type 'volatile uint8_t *' {aka 'volatile unsigned char *'}
  748 | HAL_StatusTypeDef HAL_UART_Receive_IT(UART_HandleTypeDef *huart, uint8_t *pData, uint16_t Size);
      |                                                                  ~~~~~~~~~^~~~~
arm-none-eabi-gcc -o "MFM383.elf" @"objects.list"   -mcpu=cortex-m4 -T"D:\Project_2026\Modbud_MFM383A-C\STM32F407VGT\MFM383\STM32F407VGTX_FLASH.ld" --specs=nosys.specs -Wl,-Map="MFM383.map" -Wl,--gc-sections -static --specs=nano.specs -mfpu=fpv4-sp-d16 -mfloat-abi=hard -mthumb -Wl,--start-group -lc -lm -Wl,--end-group
Finished building target: MFM383.elf
 
arm-none-eabi-size  MFM383.elf 
arm-none-eabi-objdump -h -S MFM383.elf  > "MFM383.list"
   text	   data	    bss	    dec	    hex	filename
  14668	     12	   1860	  16540	   409c	MFM383.elf
Finished building: default.size.stdout
 
Finished building: MFM383.list
 
07:10:18 **** Incremental Build of configuration Debug for project MFM383 ****
make -j8 all 
arm-none-eabi-size  MFM383.elf 
   text	   data	    bss	    dec	    hex	filename
  14668	     12	   1860	  16540	   409c	MFM383.elf
Finished building: default.size.stdout
 
07:10:32 **** Incremental Build of configuration Debug for project MFM383 ****
make -j8 all 
arm-none-eabi-size  MFM383.elf 
   text	   data	    bss	    dec	    hex	filename
  14668	     12	   1860	  16540	   409c	MFM383.elf
Finished building: default.size.stdout
 
05:54:54 **** Incremental Build of configuration Debug for project MFM383 ****
make -j8 all 
arm-none-eabi-size  MFM383.elf 
   text	   data	    bss	    dec	    hex	filename
  14668	     12	   1860	  16540	   409c	MFM383.elf
Finished building: default.size.stdout
 
05:55:12 **** Incremental Build of configuration Debug for project MFM383 ****
make -j8 all 
arm-none-eabi-size  MFM383.elf 
   text	   data	    bss	    dec	    hex	filename
  14668	     12	   1860	  16540	   409c	MFM383.elf
Finished building: default.size.stdout
 
05:55:26 **** Incremental Build of configuration Debug for project MFM383 ****
make -j8 all 
arm-none-eabi-size  MFM383.elf 
   text	   data	    bss	    dec	    hex	filename
  14668	     12	   1860	  16540	   409c	MFM383.elf
Finished building: default.size.stdout
 
05:58:38 **** Incremental Build of configuration Debug for project MFM383 ****
make -j8 all 
arm-none-eabi-size  MFM383.elf 
   text	   data	    bss	    dec	    hex	filename
  14668	     12	   1860	  16540	   409c	MFM383.elf
Finished building: default.size.stdout
 
05:58:41 **** Incremental Build of configuration Debug for project MFM383 ****
make -j8 all 
arm-none-eabi-size  MFM383.elf 
   text	   data	    bss	    dec	    hex	filename
  14668	     12	   1860	  16540	   409c	MFM383.elf
Finished building: default.size.stdout
 
05:59:21 **** Incremental Build of configuration Debug for project MFM383 ****
make -j8 all 
arm-none-eabi-size  MFM383.elf 
   text	   data	    bss	    dec	    hex	filename
  14668	     12	   1860	  16540	   409c	MFM383.elf
Finished building: default.size.stdout
 
06:03:16 **** Incremental Build of configuration Debug for project MFM383 ****
make -j8 all 
arm-none-eabi-gcc "../Core/Src/main.c" -mcpu=cortex-m4 -std=gnu11 -g3 -DDEBUG -DUSE_HAL_DRIVER -DSTM32F407xx -c -I../Core/Inc -I../Drivers/STM32F4xx_HAL_Driver/Inc -I../Drivers/STM32F4xx_HAL_Driver/Inc/Legacy -I../Drivers/CMSIS/Device/ST/STM32F4xx/Include -I../Drivers/CMSIS/Include -O0 -ffunction-sections -fdata-sections -Wall -fstack-usage -fcyclomatic-complexity -MMD -MP -MF"Core/Src/main.d" -MT"Core/Src/main.o" --specs=nano.specs -mfpu=fpv4-sp-d16 -mfloat-abi=hard -mthumb -o "Core/Src/main.o"
../Core/Src/main.c: In function 'main':
../Core/Src/main.c:265:32: warning: passing argument 2 of 'HAL_UART_Receive_IT' discards 'volatile' qualifier from pointer target type [-Wdiscarded-qualifiers]
  265 |   HAL_UART_Receive_IT(&huart2, aRxBuffer, 1);
      |                                ^~~~~~~~~
In file included from ../Core/Inc/stm32f4xx_hal_conf.h:411,
                 from ../Drivers/STM32F4xx_HAL_Driver/Inc/stm32f4xx_hal.h:29,
                 from ../Core/Inc/main.h:30,
                 from ../Core/Src/main.c:20:
../Drivers/STM32F4xx_HAL_Driver/Inc/stm32f4xx_hal_uart.h:748:75: note: expected 'uint8_t *' {aka 'unsigned char *'} but argument is of type 'volatile uint8_t *' {aka 'volatile unsigned char *'}
  748 | HAL_StatusTypeDef HAL_UART_Receive_IT(UART_HandleTypeDef *huart, uint8_t *pData, uint16_t Size);
      |                                                                  ~~~~~~~~~^~~~~
../Core/Src/main.c:281:44: warning: passing argument 2 of 'HAL_UART_Receive_IT' discards 'volatile' qualifier from pointer target type [-Wdiscarded-qualifiers]
  281 |               HAL_UART_Receive_IT(&huart2, aRxBuffer, 1);
      |                                            ^~~~~~~~~
../Drivers/STM32F4xx_HAL_Driver/Inc/stm32f4xx_hal_uart.h:748:75: note: expected 'uint8_t *' {aka 'unsigned char *'} but argument is of type 'volatile uint8_t *' {aka 'volatile unsigned char *'}
  748 | HAL_StatusTypeDef HAL_UART_Receive_IT(UART_HandleTypeDef *huart, uint8_t *pData, uint16_t Size);
      |                                                                  ~~~~~~~~~^~~~~
../Core/Src/main.c: In function 'HAL_UART_RxCpltCallback':
../Core/Src/main.c:487:38: warning: passing argument 2 of 'HAL_UART_Receive_IT' discards 'volatile' qualifier from pointer target type [-Wdiscarded-qualifiers]
  487 |         HAL_UART_Receive_IT(&huart2, aRxBuffer, 1);
      |                                      ^~~~~~~~~
../Drivers/STM32F4xx_HAL_Driver/Inc/stm32f4xx_hal_uart.h:748:75: note: expected 'uint8_t *' {aka 'unsigned char *'} but argument is of type 'volatile uint8_t *' {aka 'volatile unsigned char *'}
  748 | HAL_StatusTypeDef HAL_UART_Receive_IT(UART_HandleTypeDef *huart, uint8_t *pData, uint16_t Size);
      |                                                                  ~~~~~~~~~^~~~~
arm-none-eabi-gcc -o "MFM383.elf" @"objects.list"   -mcpu=cortex-m4 -T"D:\Project_2026\Modbud_MFM383A-C\STM32F407VGT\MFM383\STM32F407VGTX_FLASH.ld" --specs=nosys.specs -Wl,-Map="MFM383.map" -Wl,--gc-sections -static --specs=nano.specs -mfpu=fpv4-sp-d16 -mfloat-abi=hard -mthumb -Wl,--start-group -lc -lm -Wl,--end-group
Finished building target: MFM383.elf
 
arm-none-eabi-size  MFM383.elf 
arm-none-eabi-objdump -h -S MFM383.elf  > "MFM383.list"
   text	   data	    bss	    dec	    hex	filename
  14668	     12	   1860	  16540	   409c	MFM383.elf
Finished building: default.size.stdout
 
Finished building: MFM383.list
 
06:03:30 **** Incremental Build of configuration Debug for project MFM383 ****
make -j8 all 
arm-none-eabi-size  MFM383.elf 
   text	   data	    bss	    dec	    hex	filename
  14668	     12	   1860	  16540	   409c	MFM383.elf
Finished building: default.size.stdout
 
06:03:42 **** Incremental Build of configuration Debug for project MFM383 ****
make -j8 all 
arm-none-eabi-size  MFM383.elf 
   text	   data	    bss	    dec	    hex	filename
  14668	     12	   1860	  16540	   409c	MFM383.elf
Finished building: default.size.stdout
 
06:13:15 **** Build of configuration Debug for project MFM383 ****
make -j8 all 
arm-none-eabi-gcc -o "MFM383.elf" @"objects.list"   -mcpu=cortex-m4 -T"D:\Project_2026\Modbud_MFM383A-C\QuaVQMFM383\STM32F407VGT\MFM383\STM32F407VGTX_FLASH.ld" --specs=nosys.specs -Wl,-Map="MFM383.map" -Wl,--gc-sections -static --specs=nano.specs -mfpu=fpv4-sp-d16 -mfloat-abi=hard -mthumb -Wl,--start-group -lc -lm -Wl,--end-group
Finished building target: MFM383.elf
 
arm-none-eabi-size  MFM383.elf 
arm-none-eabi-objdump -h -S MFM383.elf  > "MFM383.list"
   text	   data	    bss	    dec	    hex	filename
  14668	     12	   1860	  16540	   409c	MFM383.elf
Finished building: default.size.stdout
 
Finished building: MFM383.list
 
06:13:27 **** Incremental Build of configuration Debug for project MFM383 ****
make -j8 all 
arm-none-eabi-size  MFM383.elf 
   text	   data	    bss	    dec	    hex	filename
  14668	     12	   1860	  16540	   409c	MFM383.elf
Finished building: default.size.stdout
 
06:13:43 **** Incremental Build of configuration Debug for project MFM383 ****
make -j8 all 
arm-none-eabi-size  MFM383.elf 
   text	   data	    bss	    dec	    hex	filename
  14668	     12	   1860	  16540	   409c	MFM383.elf
Finished building: default.size.stdout
 
06:15:32 **** Incremental Build of configuration Debug for project MFM383 ****
make -j8 all 
arm-none-eabi-size  MFM383.elf 
   text	   data	    bss	    dec	    hex	filename
  14668	     12	   1860	  16540	   409c	MFM383.elf
Finished building: default.size.stdout
 
06:43:01 **** Incremental Build of configuration Debug for project MFM383 ****
make -j8 all 
arm-none-eabi-gcc "../Core/Src/main.c" -mcpu=cortex-m4 -std=gnu11 -g3 -DDEBUG -DUSE_HAL_DRIVER -DSTM32F407xx -c -I../Core/Inc -I../Drivers/STM32F4xx_HAL_Driver/Inc -I../Drivers/STM32F4xx_HAL_Driver/Inc/Legacy -I../Drivers/CMSIS/Device/ST/STM32F4xx/Include -I../Drivers/CMSIS/Include -O0 -ffunction-sections -fdata-sections -Wall -fstack-usage -fcyclomatic-complexity -MMD -MP -MF"Core/Src/main.d" -MT"Core/Src/main.o" --specs=nano.specs -mfpu=fpv4-sp-d16 -mfloat-abi=hard -mthumb -o "Core/Src/main.o"
../Core/Src/main.c: In function 'main':
../Core/Src/main.c:359:32: warning: passing argument 2 of 'HAL_UART_Receive_IT' discards 'volatile' qualifier from pointer target type [-Wdiscarded-qualifiers]
  359 |   HAL_UART_Receive_IT(&huart2, aRxBuffer, 1);
      |                                ^~~~~~~~~
In file included from ../Core/Inc/stm32f4xx_hal_conf.h:411,
                 from ../Drivers/STM32F4xx_HAL_Driver/Inc/stm32f4xx_hal.h:29,
                 from ../Core/Inc/main.h:30,
                 from ../Core/Src/main.c:20:
../Drivers/STM32F4xx_HAL_Driver/Inc/stm32f4xx_hal_uart.h:748:75: note: expected 'uint8_t *' {aka 'unsigned char *'} but argument is of type 'volatile uint8_t *' {aka 'volatile unsigned char *'}
  748 | HAL_StatusTypeDef HAL_UART_Receive_IT(UART_HandleTypeDef *huart, uint8_t *pData, uint16_t Size);
      |                                                                  ~~~~~~~~~^~~~~
../Core/Src/main.c:375:44: warning: passing argument 2 of 'HAL_UART_Receive_IT' discards 'volatile' qualifier from pointer target type [-Wdiscarded-qualifiers]
  375 |               HAL_UART_Receive_IT(&huart2, aRxBuffer, 1);
      |                                            ^~~~~~~~~
../Drivers/STM32F4xx_HAL_Driver/Inc/stm32f4xx_hal_uart.h:748:75: note: expected 'uint8_t *' {aka 'unsigned char *'} but argument is of type 'volatile uint8_t *' {aka 'volatile unsigned char *'}
  748 | HAL_StatusTypeDef HAL_UART_Receive_IT(UART_HandleTypeDef *huart, uint8_t *pData, uint16_t Size);
      |                                                                  ~~~~~~~~~^~~~~
../Core/Src/main.c: In function 'HAL_UART_RxCpltCallback':
../Core/Src/main.c:581:38: warning: passing argument 2 of 'HAL_UART_Receive_IT' discards 'volatile' qualifier from pointer target type [-Wdiscarded-qualifiers]
  581 |         HAL_UART_Receive_IT(&huart2, aRxBuffer, 1);
      |                                      ^~~~~~~~~
../Drivers/STM32F4xx_HAL_Driver/Inc/stm32f4xx_hal_uart.h:748:75: note: expected 'uint8_t *' {aka 'unsigned char *'} but argument is of type 'volatile uint8_t *' {aka 'volatile unsigned char *'}
  748 | HAL_StatusTypeDef HAL_UART_Receive_IT(UART_HandleTypeDef *huart, uint8_t *pData, uint16_t Size);
      |                                                                  ~~~~~~~~~^~~~~
arm-none-eabi-gcc -o "MFM383.elf" @"objects.list"   -mcpu=cortex-m4 -T"D:\Project_2026\Modbud_MFM383A-C\QuaVQMFM383\STM32F407VGT\MFM383\STM32F407VGTX_FLASH.ld" --specs=nosys.specs -Wl,-Map="MFM383.map" -Wl,--gc-sections -static --specs=nano.specs -mfpu=fpv4-sp-d16 -mfloat-abi=hard -mthumb -Wl,--start-group -lc -lm -Wl,--end-group
Finished building target: MFM383.elf
 
arm-none-eabi-size  MFM383.elf 
arm-none-eabi-objdump -h -S MFM383.elf  > "MFM383.list"
   text	   data	    bss	    dec	    hex	filename
  14668	     12	   2244	  16924	   421c	MFM383.elf
Finished building: default.size.stdout
 
Finished building: MFM383.list
 
06:43:06 **** Incremental Build of configuration Debug for project MFM383 ****
make -j8 all 
arm-none-eabi-size  MFM383.elf 
   text	   data	    bss	    dec	    hex	filename
  14668	     12	   2244	  16924	   421c	MFM383.elf
Finished building: default.size.stdout
 
06:43:19 **** Incremental Build of configuration Debug for project MFM383 ****
make -j8 all 
arm-none-eabi-size  MFM383.elf 
   text	   data	    bss	    dec	    hex	filename
  14668	     12	   2244	  16924	   421c	MFM383.elf
Finished building: default.size.stdout
 
06:58:51 **** Incremental Build of configuration Debug for project MFM383 ****
make -j8 all 
arm-none-eabi-gcc "../Core/Src/main.c" -mcpu=cortex-m4 -std=gnu11 -g3 -DDEBUG -DUSE_HAL_DRIVER -DSTM32F407xx -c -I../Core/Inc -I../Drivers/STM32F4xx_HAL_Driver/Inc -I../Drivers/STM32F4xx_HAL_Driver/Inc/Legacy -I../Drivers/CMSIS/Device/ST/STM32F4xx/Include -I../Drivers/CMSIS/Include -O0 -ffunction-sections -fdata-sections -Wall -fstack-usage -fcyclomatic-complexity -MMD -MP -MF"Core/Src/main.d" -MT"Core/Src/main.o" --specs=nano.specs -mfpu=fpv4-sp-d16 -mfloat-abi=hard -mthumb -o "Core/Src/main.o"
../Core/Src/main.c: In function 'main':
../Core/Src/main.c:371:32: warning: passing argument 2 of 'HAL_UART_Receive_IT' discards 'volatile' qualifier from pointer target type [-Wdiscarded-qualifiers]
  371 |   HAL_UART_Receive_IT(&huart2, aRxBuffer, 1);
      |                                ^~~~~~~~~
In file included from ../Core/Inc/stm32f4xx_hal_conf.h:411,
                 from ../Drivers/STM32F4xx_HAL_Driver/Inc/stm32f4xx_hal.h:29,
                 from ../Core/Inc/main.h:30,
                 from ../Core/Src/main.c:20:
../Drivers/STM32F4xx_HAL_Driver/Inc/stm32f4xx_hal_uart.h:748:75: note: expected 'uint8_t *' {aka 'unsigned char *'} but argument is of type 'volatile uint8_t *' {aka 'volatile unsigned char *'}
  748 | HAL_StatusTypeDef HAL_UART_Receive_IT(UART_HandleTypeDef *huart, uint8_t *pData, uint16_t Size);
      |                                                                  ~~~~~~~~~^~~~~
../Core/Src/main.c:387:44: warning: passing argument 2 of 'HAL_UART_Receive_IT' discards 'volatile' qualifier from pointer target type [-Wdiscarded-qualifiers]
  387 |               HAL_UART_Receive_IT(&huart2, aRxBuffer, 1);
      |                                            ^~~~~~~~~
../Drivers/STM32F4xx_HAL_Driver/Inc/stm32f4xx_hal_uart.h:748:75: note: expected 'uint8_t *' {aka 'unsigned char *'} but argument is of type 'volatile uint8_t *' {aka 'volatile unsigned char *'}
  748 | HAL_StatusTypeDef HAL_UART_Receive_IT(UART_HandleTypeDef *huart, uint8_t *pData, uint16_t Size);
      |                                                                  ~~~~~~~~~^~~~~
../Core/Src/main.c: In function 'HAL_UART_RxCpltCallback':
../Core/Src/main.c:643:38: warning: passing argument 2 of 'HAL_UART_Receive_IT' discards 'volatile' qualifier from pointer target type [-Wdiscarded-qualifiers]
  643 |         HAL_UART_Receive_IT(&huart2, aRxBuffer, 1);
      |                                      ^~~~~~~~~
../Drivers/STM32F4xx_HAL_Driver/Inc/stm32f4xx_hal_uart.h:748:75: note: expected 'uint8_t *' {aka 'unsigned char *'} but argument is of type 'volatile uint8_t *' {aka 'volatile unsigned char *'}
  748 | HAL_StatusTypeDef HAL_UART_Receive_IT(UART_HandleTypeDef *huart, uint8_t *pData, uint16_t Size);
      |                                                                  ~~~~~~~~~^~~~~
arm-none-eabi-gcc -o "MFM383.elf" @"objects.list"   -mcpu=cortex-m4 -T"D:\Project_2026\Modbud_MFM383A-C\QuaVQMFM383\STM32F407VGT\MFM383\STM32F407VGTX_FLASH.ld" --specs=nosys.specs -Wl,-Map="MFM383.map" -Wl,--gc-sections -static --specs=nano.specs -mfpu=fpv4-sp-d16 -mfloat-abi=hard -mthumb -Wl,--start-group -lc -lm -Wl,--end-group
Finished building target: MFM383.elf
 
arm-none-eabi-size  MFM383.elf 
arm-none-eabi-objdump -h -S MFM383.elf  > "MFM383.list"
   text	   data	    bss	    dec	    hex	filename
  15284	     12	  32844	  48140	   bc0c	MFM383.elf
Finished building: default.size.stdout
 
Finished building: MFM383.list
 
06:58:55 **** Incremental Build of configuration Debug for project MFM383 ****
make -j8 all 
arm-none-eabi-size  MFM383.elf 
   text	   data	    bss	    dec	    hex	filename
  15284	     12	  32844	  48140	   bc0c	MFM383.elf
Finished building: default.size.stdout
 
07:01:05 **** Incremental Build of configuration Debug for project MFM383 ****
make -j8 all 
arm-none-eabi-size  MFM383.elf 
   text	   data	    bss	    dec	    hex	filename
  15284	     12	  32844	  48140	   bc0c	MFM383.elf
Finished building: default.size.stdout
 
07:23:17 **** Incremental Build of configuration Debug for project MFM383 ****
make -j8 all 
arm-none-eabi-gcc "../Core/Src/main.c" -mcpu=cortex-m4 -std=gnu11 -g3 -DDEBUG -DUSE_HAL_DRIVER -DSTM32F407xx -c -I../Core/Inc -I../Drivers/STM32F4xx_HAL_Driver/Inc -I../Drivers/STM32F4xx_HAL_Driver/Inc/Legacy -I../Drivers/CMSIS/Device/ST/STM32F4xx/Include -I../Drivers/CMSIS/Include -O0 -ffunction-sections -fdata-sections -Wall -fstack-usage -fcyclomatic-complexity -MMD -MP -MF"Core/Src/main.d" -MT"Core/Src/main.o" --specs=nano.specs -mfpu=fpv4-sp-d16 -mfloat-abi=hard -mthumb -o "Core/Src/main.o"
arm-none-eabi-gcc "../Core/Src/stm32f4xx_it.c" -mcpu=cortex-m4 -std=gnu11 -g3 -DDEBUG -DUSE_HAL_DRIVER -DSTM32F407xx -c -I../Core/Inc -I../Drivers/STM32F4xx_HAL_Driver/Inc -I../Drivers/STM32F4xx_HAL_Driver/Inc/Legacy -I../Drivers/CMSIS/Device/ST/STM32F4xx/Include -I../Drivers/CMSIS/Include -O0 -ffunction-sections -fdata-sections -Wall -fstack-usage -fcyclomatic-complexity -MMD -MP -MF"Core/Src/stm32f4xx_it.d" -MT"Core/Src/stm32f4xx_it.o" --specs=nano.specs -mfpu=fpv4-sp-d16 -mfloat-abi=hard -mthumb -o "Core/Src/stm32f4xx_it.o"
../Core/Src/main.c: In function 'main':
../Core/Src/main.c:381:32: warning: passing argument 2 of 'HAL_UART_Receive_IT' discards 'volatile' qualifier from pointer target type [-Wdiscarded-qualifiers]
  381 |   HAL_UART_Receive_IT(&huart2, aRxBuffer, 1);
      |                                ^~~~~~~~~
In file included from ../Core/Inc/stm32f4xx_hal_conf.h:411,
                 from ../Drivers/STM32F4xx_HAL_Driver/Inc/stm32f4xx_hal.h:29,
                 from ../Core/Inc/main.h:30,
                 from ../Core/Src/main.c:20:
../Drivers/STM32F4xx_HAL_Driver/Inc/stm32f4xx_hal_uart.h:748:75: note: expected 'uint8_t *' {aka 'unsigned char *'} but argument is of type 'volatile uint8_t *' {aka 'volatile unsigned char *'}
  748 | HAL_StatusTypeDef HAL_UART_Receive_IT(UART_HandleTypeDef *huart, uint8_t *pData, uint16_t Size);
      |                                                                  ~~~~~~~~~^~~~~
../Core/Src/main.c:397:44: warning: passing argument 2 of 'HAL_UART_Receive_IT' discards 'volatile' qualifier from pointer target type [-Wdiscarded-qualifiers]
  397 |               HAL_UART_Receive_IT(&huart2, aRxBuffer, 1);
      |                                            ^~~~~~~~~
../Drivers/STM32F4xx_HAL_Driver/Inc/stm32f4xx_hal_uart.h:748:75: note: expected 'uint8_t *' {aka 'unsigned char *'} but argument is of type 'volatile uint8_t *' {aka 'volatile unsigned char *'}
  748 | HAL_StatusTypeDef HAL_UART_Receive_IT(UART_HandleTypeDef *huart, uint8_t *pData, uint16_t Size);
      |                                                                  ~~~~~~~~~^~~~~
../Core/Src/main.c: In function 'HAL_UART_RxCpltCallback':
../Core/Src/main.c:668:38: warning: passing argument 2 of 'HAL_UART_Receive_IT' discards 'volatile' qualifier from pointer target type [-Wdiscarded-qualifiers]
  668 |         HAL_UART_Receive_IT(&huart2, aRxBuffer, 1);
      |                                      ^~~~~~~~~
../Drivers/STM32F4xx_HAL_Driver/Inc/stm32f4xx_hal_uart.h:748:75: note: expected 'uint8_t *' {aka 'unsigned char *'} but argument is of type 'volatile uint8_t *' {aka 'volatile unsigned char *'}
  748 | HAL_StatusTypeDef HAL_UART_Receive_IT(UART_HandleTypeDef *huart, uint8_t *pData, uint16_t Size);
      |                                                                  ~~~~~~~~~^~~~~
arm-none-eabi-gcc -o "MFM383.elf" @"objects.list"   -mcpu=cortex-m4 -T"D:\Project_2026\Modbud_MFM383A-C\QuaVQMFM383\STM32F407VGT\MFM383\STM32F407VGTX_FLASH.ld" --specs=nosys.specs -Wl,-Map="MFM383.map" -Wl,--gc-sections -static --specs=nano.specs -mfpu=fpv4-sp-d16 -mfloat-abi=hard -mthumb -Wl,--start-group -lc -lm -Wl,--end-group
C:/ST/STM32CubeIDE_1.16.0/STM32CubeIDE/plugins/com.st.stm32cube.ide.mcu.externaltools.gnu-tools-for-stm32.12.3.rel1.win32_1.0.200.202406191623/tools/bin/../lib/gcc/arm-none-eabi/12.3.1/../../../../arm-none-eabi/bin/ld.exe: ./Core/Src/stm32f4xx_it.o: in function `SysTick_Handler':
D:/Project_2026/Modbud_MFM383A-C/QuaVQMFM383/STM32F407VGT/MFM383/Debug/../Core/Src/stm32f4xx_it.c:185: multiple definition of `SysTick_Handler'; ./Core/Src/main.o:D:/Project_2026/Modbud_MFM383A-C/QuaVQMFM383/STM32F407VGT/MFM383/Debug/../Core/Src/main.c:673: first defined here
collect2.exe: error: ld returned 1 exit status
make: *** [makefile:64: MFM383.elf] Error 1
"make -j8 all" terminated with exit code 2. Build might be incomplete.
07:25:22 **** Incremental Build of configuration Debug for project MFM383 ****
make -j8 all 
arm-none-eabi-gcc "../Core/Src/main.c" -mcpu=cortex-m4 -std=gnu11 -g3 -DDEBUG -DUSE_HAL_DRIVER -DSTM32F407xx -c -I../Core/Inc -I../Drivers/STM32F4xx_HAL_Driver/Inc -I../Drivers/STM32F4xx_HAL_Driver/Inc/Legacy -I../Drivers/CMSIS/Device/ST/STM32F4xx/Include -I../Drivers/CMSIS/Include -O0 -ffunction-sections -fdata-sections -Wall -fstack-usage -fcyclomatic-complexity -MMD -MP -MF"Core/Src/main.d" -MT"Core/Src/main.o" --specs=nano.specs -mfpu=fpv4-sp-d16 -mfloat-abi=hard -mthumb -o "Core/Src/main.o"
arm-none-eabi-gcc "../Core/Src/stm32f4xx_it.c" -mcpu=cortex-m4 -std=gnu11 -g3 -DDEBUG -DUSE_HAL_DRIVER -DSTM32F407xx -c -I../Core/Inc -I../Drivers/STM32F4xx_HAL_Driver/Inc -I../Drivers/STM32F4xx_HAL_Driver/Inc/Legacy -I../Drivers/CMSIS/Device/ST/STM32F4xx/Include -I../Drivers/CMSIS/Include -O0 -ffunction-sections -fdata-sections -Wall -fstack-usage -fcyclomatic-complexity -MMD -MP -MF"Core/Src/stm32f4xx_it.d" -MT"Core/Src/stm32f4xx_it.o" --specs=nano.specs -mfpu=fpv4-sp-d16 -mfloat-abi=hard -mthumb -o "Core/Src/stm32f4xx_it.o"
../Core/Src/main.c: In function 'main':
../Core/Src/main.c:381:32: warning: passing argument 2 of 'HAL_UART_Receive_IT' discards 'volatile' qualifier from pointer target type [-Wdiscarded-qualifiers]
  381 |   HAL_UART_Receive_IT(&huart2, aRxBuffer, 1);
      |                                ^~~~~~~~~
In file included from ../Core/Inc/stm32f4xx_hal_conf.h:411,
                 from ../Drivers/STM32F4xx_HAL_Driver/Inc/stm32f4xx_hal.h:29,
                 from ../Core/Inc/main.h:30,
                 from ../Core/Src/main.c:20:
../Drivers/STM32F4xx_HAL_Driver/Inc/stm32f4xx_hal_uart.h:748:75: note: expected 'uint8_t *' {aka 'unsigned char *'} but argument is of type 'volatile uint8_t *' {aka 'volatile unsigned char *'}
  748 | HAL_StatusTypeDef HAL_UART_Receive_IT(UART_HandleTypeDef *huart, uint8_t *pData, uint16_t Size);
      |                                                                  ~~~~~~~~~^~~~~
../Core/Src/main.c:397:44: warning: passing argument 2 of 'HAL_UART_Receive_IT' discards 'volatile' qualifier from pointer target type [-Wdiscarded-qualifiers]
  397 |               HAL_UART_Receive_IT(&huart2, aRxBuffer, 1);
      |                                            ^~~~~~~~~
../Drivers/STM32F4xx_HAL_Driver/Inc/stm32f4xx_hal_uart.h:748:75: note: expected 'uint8_t *' {aka 'unsigned char *'} but argument is of type 'volatile uint8_t *' {aka 'volatile unsigned char *'}
  748 | HAL_StatusTypeDef HAL_UART_Receive_IT(UART_HandleTypeDef *huart, uint8_t *pData, uint16_t Size);
      |                                                                  ~~~~~~~~~^~~~~
../Core/Src/main.c: In function 'HAL_UART_RxCpltCallback':
../Core/Src/main.c:668:38: warning: passing argument 2 of 'HAL_UART_Receive_IT' discards 'volatile' qualifier from pointer target type [-Wdiscarded-qualifiers]
  668 |         HAL_UART_Receive_IT(&huart2, aRxBuffer, 1);
      |                                      ^~~~~~~~~
../Drivers/STM32F4xx_HAL_Driver/Inc/stm32f4xx_hal_uart.h:748:75: note: expected 'uint8_t *' {aka 'unsigned char *'} but argument is of type 'volatile uint8_t *' {aka 'volatile unsigned char *'}
  748 | HAL_StatusTypeDef HAL_UART_Receive_IT(UART_HandleTypeDef *huart, uint8_t *pData, uint16_t Size);
      |                                                                  ~~~~~~~~~^~~~~
arm-none-eabi-gcc -o "MFM383.elf" @"objects.list"   -mcpu=cortex-m4 -T"D:\Project_2026\Modbud_MFM383A-C\QuaVQMFM383\STM32F407VGT\MFM383\STM32F407VGTX_FLASH.ld" --specs=nosys.specs -Wl,-Map="MFM383.map" -Wl,--gc-sections -static --specs=nano.specs -mfpu=fpv4-sp-d16 -mfloat-abi=hard -mthumb -Wl,--start-group -lc -lm -Wl,--end-group
Finished building target: MFM383.elf
 
arm-none-eabi-size  MFM383.elf 
arm-none-eabi-objdump -h -S MFM383.elf  > "MFM383.list"
   text	   data	    bss	    dec	    hex	filename
  15480	     12	  32844	  48336	   bcd0	MFM383.elf
Finished building: default.size.stdout
 
Finished building: MFM383.list
 
07:25:27 **** Incremental Build of configuration Debug for project MFM383 ****
make -j8 all 
arm-none-eabi-size  MFM383.elf 
   text	   data	    bss	    dec	    hex	filename
  15480	     12	  32844	  48336	   bcd0	MFM383.elf
Finished building: default.size.stdout
 
07:25:42 **** Incremental Build of configuration Debug for project MFM383 ****
make -j8 all 
arm-none-eabi-size  MFM383.elf 
   text	   data	    bss	    dec	    hex	filename
  15480	     12	  32844	  48336	   bcd0	MFM383.elf
Finished building: default.size.stdout
 
07:27:23 **** Incremental Build of configuration Debug for project MFM383 ****
make -j8 all 
arm-none-eabi-gcc "../Core/Src/main.c" -mcpu=cortex-m4 -std=gnu11 -g3 -DDEBUG -DUSE_HAL_DRIVER -DSTM32F407xx -c -I../Core/Inc -I../Drivers/STM32F4xx_HAL_Driver/Inc -I../Drivers/STM32F4xx_HAL_Driver/Inc/Legacy -I../Drivers/CMSIS/Device/ST/STM32F4xx/Include -I../Drivers/CMSIS/Include -O0 -ffunction-sections -fdata-sections -Wall -fstack-usage -fcyclomatic-complexity -MMD -MP -MF"Core/Src/main.d" -MT"Core/Src/main.o" --specs=nano.specs -mfpu=fpv4-sp-d16 -mfloat-abi=hard -mthumb -o "Core/Src/main.o"
../Core/Src/main.c: In function 'main':
../Core/Src/main.c:381:32: warning: passing argument 2 of 'HAL_UART_Receive_IT' discards 'volatile' qualifier from pointer target type [-Wdiscarded-qualifiers]
  381 |   HAL_UART_Receive_IT(&huart2, aRxBuffer, 1);
      |                                ^~~~~~~~~
In file included from ../Core/Inc/stm32f4xx_hal_conf.h:411,
                 from ../Drivers/STM32F4xx_HAL_Driver/Inc/stm32f4xx_hal.h:29,
                 from ../Core/Inc/main.h:30,
                 from ../Core/Src/main.c:20:
../Drivers/STM32F4xx_HAL_Driver/Inc/stm32f4xx_hal_uart.h:748:75: note: expected 'uint8_t *' {aka 'unsigned char *'} but argument is of type 'volatile uint8_t *' {aka 'volatile unsigned char *'}
  748 | HAL_StatusTypeDef HAL_UART_Receive_IT(UART_HandleTypeDef *huart, uint8_t *pData, uint16_t Size);
      |                                                                  ~~~~~~~~~^~~~~
../Core/Src/main.c:397:44: warning: passing argument 2 of 'HAL_UART_Receive_IT' discards 'volatile' qualifier from pointer target type [-Wdiscarded-qualifiers]
  397 |               HAL_UART_Receive_IT(&huart2, aRxBuffer, 1);
      |                                            ^~~~~~~~~
../Drivers/STM32F4xx_HAL_Driver/Inc/stm32f4xx_hal_uart.h:748:75: note: expected 'uint8_t *' {aka 'unsigned char *'} but argument is of type 'volatile uint8_t *' {aka 'volatile unsigned char *'}
  748 | HAL_StatusTypeDef HAL_UART_Receive_IT(UART_HandleTypeDef *huart, uint8_t *pData, uint16_t Size);
      |                                                                  ~~~~~~~~~^~~~~
../Core/Src/main.c: In function 'HAL_UART_RxCpltCallback':
../Core/Src/main.c:670:38: warning: passing argument 2 of 'HAL_UART_Receive_IT' discards 'volatile' qualifier from pointer target type [-Wdiscarded-qualifiers]
  670 |         HAL_UART_Receive_IT(&huart2, aRxBuffer, 1);
      |                                      ^~~~~~~~~
../Drivers/STM32F4xx_HAL_Driver/Inc/stm32f4xx_hal_uart.h:748:75: note: expected 'uint8_t *' {aka 'unsigned char *'} but argument is of type 'volatile uint8_t *' {aka 'volatile unsigned char *'}
  748 | HAL_StatusTypeDef HAL_UART_Receive_IT(UART_HandleTypeDef *huart, uint8_t *pData, uint16_t Size);
      |                                                                  ~~~~~~~~~^~~~~
arm-none-eabi-gcc -o "MFM383.elf" @"objects.list"   -mcpu=cortex-m4 -T"D:\Project_2026\Modbud_MFM383A-C\QuaVQMFM383\STM32F407VGT\MFM383\STM32F407VGTX_FLASH.ld" --specs=nosys.specs -Wl,-Map="MFM383.map" -Wl,--gc-sections -static --specs=nano.specs -mfpu=fpv4-sp-d16 -mfloat-abi=hard -mthumb -Wl,--start-group -lc -lm -Wl,--end-group
Finished building target: MFM383.elf
 
arm-none-eabi-size  MFM383.elf 
arm-none-eabi-objdump -h -S MFM383.elf  > "MFM383.list"
   text	   data	    bss	    dec	    hex	filename
  15480	     12	  32844	  48336	   bcd0	MFM383.elf
Finished building: default.size.stdout
 
Finished building: MFM383.list
 
07:27:30 **** Incremental Build of configuration Debug for project MFM383 ****
make -j8 all 
arm-none-eabi-size  MFM383.elf 
   text	   data	    bss	    dec	    hex	filename
  15480	     12	  32844	  48336	   bcd0	MFM383.elf
Finished building: default.size.stdout
 
07:29:41 **** Incremental Build of configuration Debug for project MFM383 ****
make -j8 all 
arm-none-eabi-gcc "../Core/Src/main.c" -mcpu=cortex-m4 -std=gnu11 -g3 -DDEBUG -DUSE_HAL_DRIVER -DSTM32F407xx -c -I../Core/Inc -I../Drivers/STM32F4xx_HAL_Driver/Inc -I../Drivers/STM32F4xx_HAL_Driver/Inc/Legacy -I../Drivers/CMSIS/Device/ST/STM32F4xx/Include -I../Drivers/CMSIS/Include -O0 -ffunction-sections -fdata-sections -Wall -fstack-usage -fcyclomatic-complexity -MMD -MP -MF"Core/Src/main.d" -MT"Core/Src/main.o" --specs=nano.specs -mfpu=fpv4-sp-d16 -mfloat-abi=hard -mthumb -o "Core/Src/main.o"
../Core/Src/main.c: In function 'main':
../Core/Src/main.c:381:32: warning: passing argument 2 of 'HAL_UART_Receive_IT' discards 'volatile' qualifier from pointer target type [-Wdiscarded-qualifiers]
  381 |   HAL_UART_Receive_IT(&huart2, aRxBuffer, 1);
      |                                ^~~~~~~~~
In file included from ../Core/Inc/stm32f4xx_hal_conf.h:411,
                 from ../Drivers/STM32F4xx_HAL_Driver/Inc/stm32f4xx_hal.h:29,
                 from ../Core/Inc/main.h:30,
                 from ../Core/Src/main.c:20:
../Drivers/STM32F4xx_HAL_Driver/Inc/stm32f4xx_hal_uart.h:748:75: note: expected 'uint8_t *' {aka 'unsigned char *'} but argument is of type 'volatile uint8_t *' {aka 'volatile unsigned char *'}
  748 | HAL_StatusTypeDef HAL_UART_Receive_IT(UART_HandleTypeDef *huart, uint8_t *pData, uint16_t Size);
      |                                                                  ~~~~~~~~~^~~~~
../Core/Src/main.c:397:44: warning: passing argument 2 of 'HAL_UART_Receive_IT' discards 'volatile' qualifier from pointer target type [-Wdiscarded-qualifiers]
  397 |               HAL_UART_Receive_IT(&huart2, aRxBuffer, 1);
      |                                            ^~~~~~~~~
../Drivers/STM32F4xx_HAL_Driver/Inc/stm32f4xx_hal_uart.h:748:75: note: expected 'uint8_t *' {aka 'unsigned char *'} but argument is of type 'volatile uint8_t *' {aka 'volatile unsigned char *'}
  748 | HAL_StatusTypeDef HAL_UART_Receive_IT(UART_HandleTypeDef *huart, uint8_t *pData, uint16_t Size);
      |                                                                  ~~~~~~~~~^~~~~
../Core/Src/main.c: In function 'HAL_UART_RxCpltCallback':
../Core/Src/main.c:670:38: warning: passing argument 2 of 'HAL_UART_Receive_IT' discards 'volatile' qualifier from pointer target type [-Wdiscarded-qualifiers]
  670 |         HAL_UART_Receive_IT(&huart2, aRxBuffer, 1);
      |                                      ^~~~~~~~~
../Drivers/STM32F4xx_HAL_Driver/Inc/stm32f4xx_hal_uart.h:748:75: note: expected 'uint8_t *' {aka 'unsigned char *'} but argument is of type 'volatile uint8_t *' {aka 'volatile unsigned char *'}
  748 | HAL_StatusTypeDef HAL_UART_Receive_IT(UART_HandleTypeDef *huart, uint8_t *pData, uint16_t Size);
      |                                                                  ~~~~~~~~~^~~~~
arm-none-eabi-gcc -o "MFM383.elf" @"objects.list"   -mcpu=cortex-m4 -T"D:\Project_2026\Modbud_MFM383A-C\QuaVQMFM383\STM32F407VGT\MFM383\STM32F407VGTX_FLASH.ld" --specs=nosys.specs -Wl,-Map="MFM383.map" -Wl,--gc-sections -static --specs=nano.specs -mfpu=fpv4-sp-d16 -mfloat-abi=hard -mthumb -Wl,--start-group -lc -lm -Wl,--end-group
Finished building target: MFM383.elf
 
arm-none-eabi-size  MFM383.elf 
arm-none-eabi-objdump -h -S MFM383.elf  > "MFM383.list"
   text	   data	    bss	    dec	    hex	filename
  15480	     12	  32844	  48336	   bcd0	MFM383.elf
Finished building: default.size.stdout
 
Finished building: MFM383.list
 
07:30:25 **** Incremental Build of configuration Debug for project MFM383 ****
make -j8 all 
arm-none-eabi-size  MFM383.elf 
   text	   data	    bss	    dec	    hex	filename
  15480	     12	  32844	  48336	   bcd0	MFM383.elf
Finished building: default.size.stdout
 
07:30:31 **** Incremental Build of configuration Debug for project MFM383 ****
make -j8 all 
arm-none-eabi-size  MFM383.elf 
   text	   data	    bss	    dec	    hex	filename
  15480	     12	  32844	  48336	   bcd0	MFM383.elf
Finished building: default.size.stdout
 
07:30:45 **** Incremental Build of configuration Debug for project MFM383 ****
make -j8 all 
arm-none-eabi-size  MFM383.elf 
   text	   data	    bss	    dec	    hex	filename
  15480	     12	  32844	  48336	   bcd0	MFM383.elf
Finished building: default.size.stdout
 
18:30:41 **** Incremental Build of configuration Debug for project MFM383 ****
make -j8 all 
arm-none-eabi-gcc "../Core/Src/main.c" -mcpu=cortex-m4 -std=gnu11 -g3 -DDEBUG -DUSE_HAL_DRIVER -DSTM32F407xx -c -I../Core/Inc -I../Drivers/STM32F4xx_HAL_Driver/Inc -I../Drivers/STM32F4xx_HAL_Driver/Inc/Legacy -I../Drivers/CMSIS/Device/ST/STM32F4xx/Include -I../Drivers/CMSIS/Include -O0 -ffunction-sections -fdata-sections -Wall -fstack-usage -fcyclomatic-complexity -MMD -MP -MF"Core/Src/main.d" -MT"Core/Src/main.o" --specs=nano.specs -mfpu=fpv4-sp-d16 -mfloat-abi=hard -mthumb -o "Core/Src/main.o"
../Core/Src/main.c: In function 'main':
../Core/Src/main.c:372:32: warning: passing argument 2 of 'HAL_UART_Receive_IT' discards 'volatile' qualifier from pointer target type [-Wdiscarded-qualifiers]
  372 |   HAL_UART_Receive_IT(&huart2, aRxBuffer, 1);
      |                                ^~~~~~~~~
In file included from ../Core/Inc/stm32f4xx_hal_conf.h:411,
                 from ../Drivers/STM32F4xx_HAL_Driver/Inc/stm32f4xx_hal.h:29,
                 from ../Core/Inc/main.h:30,
                 from ../Core/Src/main.c:20:
../Drivers/STM32F4xx_HAL_Driver/Inc/stm32f4xx_hal_uart.h:748:75: note: expected 'uint8_t *' {aka 'unsigned char *'} but argument is of type 'volatile uint8_t *' {aka 'volatile unsigned char *'}
  748 | HAL_StatusTypeDef HAL_UART_Receive_IT(UART_HandleTypeDef *huart, uint8_t *pData, uint16_t Size);
      |                                                                  ~~~~~~~~~^~~~~
../Core/Src/main.c:388:44: warning: passing argument 2 of 'HAL_UART_Receive_IT' discards 'volatile' qualifier from pointer target type [-Wdiscarded-qualifiers]
  388 |               HAL_UART_Receive_IT(&huart2, aRxBuffer, 1);
      |                                            ^~~~~~~~~
../Drivers/STM32F4xx_HAL_Driver/Inc/stm32f4xx_hal_uart.h:748:75: note: expected 'uint8_t *' {aka 'unsigned char *'} but argument is of type 'volatile uint8_t *' {aka 'volatile unsigned char *'}
  748 | HAL_StatusTypeDef HAL_UART_Receive_IT(UART_HandleTypeDef *huart, uint8_t *pData, uint16_t Size);
      |                                                                  ~~~~~~~~~^~~~~
../Core/Src/main.c: In function 'HAL_UART_RxCpltCallback':
../Core/Src/main.c:661:38: warning: passing argument 2 of 'HAL_UART_Receive_IT' discards 'volatile' qualifier from pointer target type [-Wdiscarded-qualifiers]
  661 |         HAL_UART_Receive_IT(&huart2, aRxBuffer, 1);
      |                                      ^~~~~~~~~
../Drivers/STM32F4xx_HAL_Driver/Inc/stm32f4xx_hal_uart.h:748:75: note: expected 'uint8_t *' {aka 'unsigned char *'} but argument is of type 'volatile uint8_t *' {aka 'volatile unsigned char *'}
  748 | HAL_StatusTypeDef HAL_UART_Receive_IT(UART_HandleTypeDef *huart, uint8_t *pData, uint16_t Size);
      |                                                                  ~~~~~~~~~^~~~~
arm-none-eabi-gcc -o "MFM383.elf" @"objects.list"   -mcpu=cortex-m4 -T"D:\Project_2026\Modbud_MFM383A-C\Source\MFM383_ProjectRs485\STM32F407VGT\MFM383\STM32F407VGTX_FLASH.ld" --specs=nosys.specs -Wl,-Map="MFM383.map" -Wl,--gc-sections -static --specs=nano.specs -mfpu=fpv4-sp-d16 -mfloat-abi=hard -mthumb -Wl,--start-group -lc -lm -Wl,--end-group
Finished building target: MFM383.elf
 
arm-none-eabi-size  MFM383.elf 
arm-none-eabi-objdump -h -S MFM383.elf  > "MFM383.list"
   text	   data	    bss	    dec	    hex	filename
  15480	     12	  32844	  48336	   bcd0	MFM383.elf
Finished building: default.size.stdout
 
Finished building: MFM383.list
 
18:49:29 **** Incremental Build of configuration Debug for project MFM383 ****
make -j8 all 
arm-none-eabi-size  MFM383.elf 
   text	   data	    bss	    dec	    hex	filename
  15480	     12	  32844	  48336	   bcd0	MFM383.elf
Finished building: default.size.stdout
 
18:50:45 **** Incremental Build of configuration Debug for project MFM383 ****
make -j8 all 
arm-none-eabi-size  MFM383.elf 
   text	   data	    bss	    dec	    hex	filename
  15480	     12	  32844	  48336	   bcd0	MFM383.elf
Finished building: default.size.stdout
 
18:51:02 **** Incremental Build of configuration Debug for project MFM383 ****
make -j8 all 
arm-none-eabi-size  MFM383.elf 
   text	   data	    bss	    dec	    hex	filename
  15480	     12	  32844	  48336	   bcd0	MFM383.elf
Finished building: default.size.stdout
 
20:42:08 **** Incremental Build of configuration Debug for project MFM383 ****
make -j8 all 
arm-none-eabi-gcc "../Core/Src/main.c" -mcpu=cortex-m4 -std=gnu11 -g3 -DDEBUG -DUSE_HAL_DRIVER -DSTM32F407xx -c -I../Core/Inc -I../Drivers/STM32F4xx_HAL_Driver/Inc -I../Drivers/STM32F4xx_HAL_Driver/Inc/Legacy -I../Drivers/CMSIS/Device/ST/STM32F4xx/Include -I../Drivers/CMSIS/Include -O0 -ffunction-sections -fdata-sections -Wall -fstack-usage -fcyclomatic-complexity -MMD -MP -MF"Core/Src/main.d" -MT"Core/Src/main.o" --specs=nano.specs -mfpu=fpv4-sp-d16 -mfloat-abi=hard -mthumb -o "Core/Src/main.o"
arm-none-eabi-gcc "../Core/Src/stm32f4xx_hal_msp.c" -mcpu=cortex-m4 -std=gnu11 -g3 -DDEBUG -DUSE_HAL_DRIVER -DSTM32F407xx -c -I../Core/Inc -I../Drivers/STM32F4xx_HAL_Driver/Inc -I../Drivers/STM32F4xx_HAL_Driver/Inc/Legacy -I../Drivers/CMSIS/Device/ST/STM32F4xx/Include -I../Drivers/CMSIS/Include -O0 -ffunction-sections -fdata-sections -Wall -fstack-usage -fcyclomatic-complexity -MMD -MP -MF"Core/Src/stm32f4xx_hal_msp.d" -MT"Core/Src/stm32f4xx_hal_msp.o" --specs=nano.specs -mfpu=fpv4-sp-d16 -mfloat-abi=hard -mthumb -o "Core/Src/stm32f4xx_hal_msp.o"
arm-none-eabi-gcc "../Core/Src/stm32f4xx_it.c" -mcpu=cortex-m4 -std=gnu11 -g3 -DDEBUG -DUSE_HAL_DRIVER -DSTM32F407xx -c -I../Core/Inc -I../Drivers/STM32F4xx_HAL_Driver/Inc -I../Drivers/STM32F4xx_HAL_Driver/Inc/Legacy -I../Drivers/CMSIS/Device/ST/STM32F4xx/Include -I../Drivers/CMSIS/Include -O0 -ffunction-sections -fdata-sections -Wall -fstack-usage -fcyclomatic-complexity -MMD -MP -MF"Core/Src/stm32f4xx_it.d" -MT"Core/Src/stm32f4xx_it.o" --specs=nano.specs -mfpu=fpv4-sp-d16 -mfloat-abi=hard -mthumb -o "Core/Src/stm32f4xx_it.o"
../Core/Src/main.c: In function 'main':
../Core/Src/main.c:375:32: warning: passing argument 2 of 'HAL_UART_Receive_IT' discards 'volatile' qualifier from pointer target type [-Wdiscarded-qualifiers]
  375 |   HAL_UART_Receive_IT(&huart2, aRxBuffer, 1);
      |                                ^~~~~~~~~
In file included from ../Core/Inc/stm32f4xx_hal_conf.h:411,
                 from ../Drivers/STM32F4xx_HAL_Driver/Inc/stm32f4xx_hal.h:29,
                 from ../Core/Inc/main.h:30,
                 from ../Core/Src/main.c:20:
../Drivers/STM32F4xx_HAL_Driver/Inc/stm32f4xx_hal_uart.h:748:75: note: expected 'uint8_t *' {aka 'unsigned char *'} but argument is of type 'volatile uint8_t *' {aka 'volatile unsigned char *'}
  748 | HAL_StatusTypeDef HAL_UART_Receive_IT(UART_HandleTypeDef *huart, uint8_t *pData, uint16_t Size);
      |                                                                  ~~~~~~~~~^~~~~
../Core/Src/main.c:391:44: warning: passing argument 2 of 'HAL_UART_Receive_IT' discards 'volatile' qualifier from pointer target type [-Wdiscarded-qualifiers]
  391 |               HAL_UART_Receive_IT(&huart2, aRxBuffer, 1);
      |                                            ^~~~~~~~~
../Drivers/STM32F4xx_HAL_Driver/Inc/stm32f4xx_hal_uart.h:748:75: note: expected 'uint8_t *' {aka 'unsigned char *'} but argument is of type 'volatile uint8_t *' {aka 'volatile unsigned char *'}
  748 | HAL_StatusTypeDef HAL_UART_Receive_IT(UART_HandleTypeDef *huart, uint8_t *pData, uint16_t Size);
      |                                                                  ~~~~~~~~~^~~~~
../Core/Src/main.c: In function 'HAL_UART_RxCpltCallback':
../Core/Src/main.c:698:38: warning: passing argument 2 of 'HAL_UART_Receive_IT' discards 'volatile' qualifier from pointer target type [-Wdiscarded-qualifiers]
  698 |         HAL_UART_Receive_IT(&huart2, aRxBuffer, 1);
      |                                      ^~~~~~~~~
../Drivers/STM32F4xx_HAL_Driver/Inc/stm32f4xx_hal_uart.h:748:75: note: expected 'uint8_t *' {aka 'unsigned char *'} but argument is of type 'volatile uint8_t *' {aka 'volatile unsigned char *'}
  748 | HAL_StatusTypeDef HAL_UART_Receive_IT(UART_HandleTypeDef *huart, uint8_t *pData, uint16_t Size);
      |                                                                  ~~~~~~~~~^~~~~
arm-none-eabi-gcc -o "MFM383.elf" @"objects.list"   -mcpu=cortex-m4 -T"D:\Project_2026\Modbud_MFM383A-C\Source\MFM383_ProjectRs485\STM32F407VGT\MFM383\STM32F407VGTX_FLASH.ld" --specs=nosys.specs -Wl,-Map="MFM383.map" -Wl,--gc-sections -static --specs=nano.specs -mfpu=fpv4-sp-d16 -mfloat-abi=hard -mthumb -Wl,--start-group -lc -lm -Wl,--end-group
Finished building target: MFM383.elf
 
arm-none-eabi-size  MFM383.elf 
arm-none-eabi-objdump -h -S MFM383.elf  > "MFM383.list"
   text	   data	    bss	    dec	    hex	filename
  15740	     12	  32916	  48668	   be1c	MFM383.elf
Finished building: default.size.stdout
 
Finished building: MFM383.list
 
20:58:35 **** Incremental Build of configuration Debug for project MFM383 ****
make -j8 all 
arm-none-eabi-gcc "../Core/Src/main.c" -mcpu=cortex-m4 -std=gnu11 -g3 -DDEBUG -DUSE_HAL_DRIVER -DSTM32F407xx -c -I../Core/Inc -I../Drivers/STM32F4xx_HAL_Driver/Inc -I../Drivers/STM32F4xx_HAL_Driver/Inc/Legacy -I../Drivers/CMSIS/Device/ST/STM32F4xx/Include -I../Drivers/CMSIS/Include -O0 -ffunction-sections -fdata-sections -Wall -fstack-usage -fcyclomatic-complexity -MMD -MP -MF"Core/Src/main.d" -MT"Core/Src/main.o" --specs=nano.specs -mfpu=fpv4-sp-d16 -mfloat-abi=hard -mthumb -o "Core/Src/main.o"
../Core/Src/main.c: In function 'main':
../Core/Src/main.c:378:32: warning: passing argument 2 of 'HAL_UART_Receive_IT' discards 'volatile' qualifier from pointer target type [-Wdiscarded-qualifiers]
  378 |   HAL_UART_Receive_IT(&huart2, aRxBuffer_uart2, 1);
      |                                ^~~~~~~~~~~~~~~
In file included from ../Core/Inc/stm32f4xx_hal_conf.h:411,
                 from ../Drivers/STM32F4xx_HAL_Driver/Inc/stm32f4xx_hal.h:29,
                 from ../Core/Inc/main.h:30,
                 from ../Core/Src/main.c:20:
../Drivers/STM32F4xx_HAL_Driver/Inc/stm32f4xx_hal_uart.h:748:75: note: expected 'uint8_t *' {aka 'unsigned char *'} but argument is of type 'volatile uint8_t *' {aka 'volatile unsigned char *'}
  748 | HAL_StatusTypeDef HAL_UART_Receive_IT(UART_HandleTypeDef *huart, uint8_t *pData, uint16_t Size);
      |                                                                  ~~~~~~~~~^~~~~
../Core/Src/main.c:380:32: warning: passing argument 2 of 'HAL_UART_Receive_IT' discards 'volatile' qualifier from pointer target type [-Wdiscarded-qualifiers]
  380 |   HAL_UART_Receive_IT(&huart3, aRxBuffer_uart3, 1);
      |                                ^~~~~~~~~~~~~~~
../Drivers/STM32F4xx_HAL_Driver/Inc/stm32f4xx_hal_uart.h:748:75: note: expected 'uint8_t *' {aka 'unsigned char *'} but argument is of type 'volatile uint8_t *' {aka 'volatile unsigned char *'}
  748 | HAL_StatusTypeDef HAL_UART_Receive_IT(UART_HandleTypeDef *huart, uint8_t *pData, uint16_t Size);
      |                                                                  ~~~~~~~~~^~~~~
../Core/Src/main.c:396:44: warning: passing argument 2 of 'HAL_UART_Receive_IT' discards 'volatile' qualifier from pointer target type [-Wdiscarded-qualifiers]
  396 |               HAL_UART_Receive_IT(&huart2, aRxBuffer_uart2, 1);
      |                                            ^~~~~~~~~~~~~~~
../Drivers/STM32F4xx_HAL_Driver/Inc/stm32f4xx_hal_uart.h:748:75: note: expected 'uint8_t *' {aka 'unsigned char *'} but argument is of type 'volatile uint8_t *' {aka 'volatile unsigned char *'}
  748 | HAL_StatusTypeDef HAL_UART_Receive_IT(UART_HandleTypeDef *huart, uint8_t *pData, uint16_t Size);
      |                                                                  ~~~~~~~~~^~~~~
../Core/Src/main.c: In function 'HAL_UART_RxCpltCallback':
../Core/Src/main.c:689:13: error: 'u8_len_rx_mfm383_ID2_ID2_ID2_ID2' undeclared (first use in this function); did you mean 'u8_len_rx_mfm383_ID2_ID2_ID2'?
  689 |             u8_len_rx_mfm383_ID2_ID2_ID2_ID2 = 0;
      |             ^~~~~~~~~~~~~~~~~~~~~~~~~~~~~~~~
      |             u8_len_rx_mfm383_ID2_ID2_ID2
../Core/Src/main.c:689:13: note: each undeclared identifier is reported only once for each function it appears in
../Core/Src/main.c:703:38: warning: passing argument 2 of 'HAL_UART_Receive_IT' discards 'volatile' qualifier from pointer target type [-Wdiscarded-qualifiers]
  703 |         HAL_UART_Receive_IT(&huart2, aRxBuffer_uart2, 1);
      |                                      ^~~~~~~~~~~~~~~
../Drivers/STM32F4xx_HAL_Driver/Inc/stm32f4xx_hal_uart.h:748:75: note: expected 'uint8_t *' {aka 'unsigned char *'} but argument is of type 'volatile uint8_t *' {aka 'volatile unsigned char *'}
  748 | HAL_StatusTypeDef HAL_UART_Receive_IT(UART_HandleTypeDef *huart, uint8_t *pData, uint16_t Size);
      |                                                                  ~~~~~~~~~^~~~~
make: *** [Core/Src/subdir.mk:34: Core/Src/main.o] Error 1
"make -j8 all" terminated with exit code 2. Build might be incomplete.
20:59:33 **** Incremental Build of configuration Debug for project MFM383 ****
make -j8 all 
arm-none-eabi-gcc "../Core/Src/main.c" -mcpu=cortex-m4 -std=gnu11 -g3 -DDEBUG -DUSE_HAL_DRIVER -DSTM32F407xx -c -I../Core/Inc -I../Drivers/STM32F4xx_HAL_Driver/Inc -I../Drivers/STM32F4xx_HAL_Driver/Inc/Legacy -I../Drivers/CMSIS/Device/ST/STM32F4xx/Include -I../Drivers/CMSIS/Include -O0 -ffunction-sections -fdata-sections -Wall -fstack-usage -fcyclomatic-complexity -MMD -MP -MF"Core/Src/main.d" -MT"Core/Src/main.o" --specs=nano.specs -mfpu=fpv4-sp-d16 -mfloat-abi=hard -mthumb -o "Core/Src/main.o"
../Core/Src/main.c: In function 'main':
../Core/Src/main.c:378:32: warning: passing argument 2 of 'HAL_UART_Receive_IT' discards 'volatile' qualifier from pointer target type [-Wdiscarded-qualifiers]
  378 |   HAL_UART_Receive_IT(&huart2, aRxBuffer_uart2, 1);
      |                                ^~~~~~~~~~~~~~~
In file included from ../Core/Inc/stm32f4xx_hal_conf.h:411,
                 from ../Drivers/STM32F4xx_HAL_Driver/Inc/stm32f4xx_hal.h:29,
                 from ../Core/Inc/main.h:30,
                 from ../Core/Src/main.c:20:
../Drivers/STM32F4xx_HAL_Driver/Inc/stm32f4xx_hal_uart.h:748:75: note: expected 'uint8_t *' {aka 'unsigned char *'} but argument is of type 'volatile uint8_t *' {aka 'volatile unsigned char *'}
  748 | HAL_StatusTypeDef HAL_UART_Receive_IT(UART_HandleTypeDef *huart, uint8_t *pData, uint16_t Size);
      |                                                                  ~~~~~~~~~^~~~~
../Core/Src/main.c:380:32: warning: passing argument 2 of 'HAL_UART_Receive_IT' discards 'volatile' qualifier from pointer target type [-Wdiscarded-qualifiers]
  380 |   HAL_UART_Receive_IT(&huart3, aRxBuffer_uart3, 1);
      |                                ^~~~~~~~~~~~~~~
../Drivers/STM32F4xx_HAL_Driver/Inc/stm32f4xx_hal_uart.h:748:75: note: expected 'uint8_t *' {aka 'unsigned char *'} but argument is of type 'volatile uint8_t *' {aka 'volatile unsigned char *'}
  748 | HAL_StatusTypeDef HAL_UART_Receive_IT(UART_HandleTypeDef *huart, uint8_t *pData, uint16_t Size);
      |                                                                  ~~~~~~~~~^~~~~
../Core/Src/main.c:396:44: warning: passing argument 2 of 'HAL_UART_Receive_IT' discards 'volatile' qualifier from pointer target type [-Wdiscarded-qualifiers]
  396 |               HAL_UART_Receive_IT(&huart2, aRxBuffer_uart2, 1);
      |                                            ^~~~~~~~~~~~~~~
../Drivers/STM32F4xx_HAL_Driver/Inc/stm32f4xx_hal_uart.h:748:75: note: expected 'uint8_t *' {aka 'unsigned char *'} but argument is of type 'volatile uint8_t *' {aka 'volatile unsigned char *'}
  748 | HAL_StatusTypeDef HAL_UART_Receive_IT(UART_HandleTypeDef *huart, uint8_t *pData, uint16_t Size);
      |                                                                  ~~~~~~~~~^~~~~
../Core/Src/main.c: In function 'HAL_UART_RxCpltCallback':
../Core/Src/main.c:689:13: error: 'u8_len_rx_mfm383_ID2_ID2_ID2_ID2' undeclared (first use in this function); did you mean 'u8_len_rx_mfm383_ID2_ID2_ID2'?
  689 |             u8_len_rx_mfm383_ID2_ID2_ID2_ID2 = 0;
      |             ^~~~~~~~~~~~~~~~~~~~~~~~~~~~~~~~
      |             u8_len_rx_mfm383_ID2_ID2_ID2
../Core/Src/main.c:689:13: note: each undeclared identifier is reported only once for each function it appears in
../Core/Src/main.c:703:38: warning: passing argument 2 of 'HAL_UART_Receive_IT' discards 'volatile' qualifier from pointer target type [-Wdiscarded-qualifiers]
  703 |         HAL_UART_Receive_IT(&huart2, aRxBuffer_uart2, 1);
      |                                      ^~~~~~~~~~~~~~~
../Drivers/STM32F4xx_HAL_Driver/Inc/stm32f4xx_hal_uart.h:748:75: note: expected 'uint8_t *' {aka 'unsigned char *'} but argument is of type 'volatile uint8_t *' {aka 'volatile unsigned char *'}
  748 | HAL_StatusTypeDef HAL_UART_Receive_IT(UART_HandleTypeDef *huart, uint8_t *pData, uint16_t Size);
      |                                                                  ~~~~~~~~~^~~~~
make: *** [Core/Src/subdir.mk:34: Core/Src/main.o] Error 1
"make -j8 all" terminated with exit code 2. Build might be incomplete.
21:03:55 **** Incremental Build of configuration Debug for project MFM383 ****
make -j8 all 
arm-none-eabi-gcc "../Core/Src/main.c" -mcpu=cortex-m4 -std=gnu11 -g3 -DDEBUG -DUSE_HAL_DRIVER -DSTM32F407xx -c -I../Core/Inc -I../Drivers/STM32F4xx_HAL_Driver/Inc -I../Drivers/STM32F4xx_HAL_Driver/Inc/Legacy -I../Drivers/CMSIS/Device/ST/STM32F4xx/Include -I../Drivers/CMSIS/Include -O0 -ffunction-sections -fdata-sections -Wall -fstack-usage -fcyclomatic-complexity -MMD -MP -MF"Core/Src/main.d" -MT"Core/Src/main.o" --specs=nano.specs -mfpu=fpv4-sp-d16 -mfloat-abi=hard -mthumb -o "Core/Src/main.o"
../Core/Src/main.c: In function 'HAL_UART_RxCpltCallback':
../Core/Src/main.c:689:13: error: 'u8_len_rx_mfm383_ID2_ID2_ID2_ID2' undeclared (first use in this function); did you mean 'u8_len_rx_mfm383_ID2_ID2_ID2'?
  689 |             u8_len_rx_mfm383_ID2_ID2_ID2_ID2 = 0;
      |             ^~~~~~~~~~~~~~~~~~~~~~~~~~~~~~~~
      |             u8_len_rx_mfm383_ID2_ID2_ID2
../Core/Src/main.c:689:13: note: each undeclared identifier is reported only once for each function it appears in
make: *** [Core/Src/subdir.mk:34: Core/Src/main.o] Error 1
"make -j8 all" terminated with exit code 2. Build might be incomplete.
21:04:52 **** Incremental Build of configuration Debug for project MFM383 ****
make -j8 all 
arm-none-eabi-gcc "../Core/Src/main.c" -mcpu=cortex-m4 -std=gnu11 -g3 -DDEBUG -DUSE_HAL_DRIVER -DSTM32F407xx -c -I../Core/Inc -I../Drivers/STM32F4xx_HAL_Driver/Inc -I../Drivers/STM32F4xx_HAL_Driver/Inc/Legacy -I../Drivers/CMSIS/Device/ST/STM32F4xx/Include -I../Drivers/CMSIS/Include -O0 -ffunction-sections -fdata-sections -Wall -fstack-usage -fcyclomatic-complexity -MMD -MP -MF"Core/Src/main.d" -MT"Core/Src/main.o" --specs=nano.specs -mfpu=fpv4-sp-d16 -mfloat-abi=hard -mthumb -o "Core/Src/main.o"
arm-none-eabi-gcc -o "MFM383.elf" @"objects.list"   -mcpu=cortex-m4 -T"D:\Project_2026\Modbud_MFM383A-C\Source\MFM383_ProjectRs485\STM32F407VGT\MFM383\STM32F407VGTX_FLASH.ld" --specs=nosys.specs -Wl,-Map="MFM383.map" -Wl,--gc-sections -static --specs=nano.specs -mfpu=fpv4-sp-d16 -mfloat-abi=hard -mthumb -Wl,--start-group -lc -lm -Wl,--end-group
Finished building target: MFM383.elf
 
arm-none-eabi-size  MFM383.elf 
arm-none-eabi-objdump -h -S MFM383.elf  > "MFM383.list"
   text	   data	    bss	    dec	    hex	filename
  15760	     12	  32916	  48688	   be30	MFM383.elf
Finished building: default.size.stdout
 
Finished building: MFM383.list
 
21:05:55 **** Incremental Build of configuration Debug for project MFM383 ****
make -j8 all 
arm-none-eabi-size  MFM383.elf 
   text	   data	    bss	    dec	    hex	filename
  15760	     12	  32916	  48688	   be30	MFM383.elf
Finished building: default.size.stdout
 
21:05:59 **** Incremental Build of configuration Debug for project MFM383 ****
make -j8 all 
arm-none-eabi-size  MFM383.elf 
   text	   data	    bss	    dec	    hex	filename
  15760	     12	  32916	  48688	   be30	MFM383.elf
Finished building: default.size.stdout
 
21:06:11 **** Incremental Build of configuration Debug for project MFM383 ****
make -j8 all 
arm-none-eabi-size  MFM383.elf 
   text	   data	    bss	    dec	    hex	filename
  15760	     12	  32916	  48688	   be30	MFM383.elf
Finished building: default.size.stdout
 
21:17:11 **** Incremental Build of configuration Debug for project MFM383 ****
make -j8 all 
arm-none-eabi-gcc "../Core/Src/main.c" -mcpu=cortex-m4 -std=gnu11 -g3 -DDEBUG -DUSE_HAL_DRIVER -DSTM32F407xx -c -I../Core/Inc -I../Drivers/STM32F4xx_HAL_Driver/Inc -I../Drivers/STM32F4xx_HAL_Driver/Inc/Legacy -I../Drivers/CMSIS/Device/ST/STM32F4xx/Include -I../Drivers/CMSIS/Include -O0 -ffunction-sections -fdata-sections -Wall -fstack-usage -fcyclomatic-complexity -MMD -MP -MF"Core/Src/main.d" -MT"Core/Src/main.o" --specs=nano.specs -mfpu=fpv4-sp-d16 -mfloat-abi=hard -mthumb -o "Core/Src/main.o"
arm-none-eabi-gcc -o "MFM383.elf" @"objects.list"   -mcpu=cortex-m4 -T"D:\Project_2026\Modbud_MFM383A-C\Source\MFM383_ProjectRs485\STM32F407VGT\MFM383\STM32F407VGTX_FLASH.ld" --specs=nosys.specs -Wl,-Map="MFM383.map" -Wl,--gc-sections -static --specs=nano.specs -mfpu=fpv4-sp-d16 -mfloat-abi=hard -mthumb -Wl,--start-group -lc -lm -Wl,--end-group
Finished building target: MFM383.elf
 
arm-none-eabi-size  MFM383.elf 
arm-none-eabi-objdump -h -S MFM383.elf  > "MFM383.list"
   text	   data	    bss	    dec	    hex	filename
  15760	     12	  32916	  48688	   be30	MFM383.elf
Finished building: default.size.stdout
 
Finished building: MFM383.list
 
21:17:15 **** Incremental Build of configuration Debug for project MFM383 ****
make -j8 all 
arm-none-eabi-size  MFM383.elf 
   text	   data	    bss	    dec	    hex	filename
  15760	     12	  32916	  48688	   be30	MFM383.elf
Finished building: default.size.stdout
 
21:17:28 **** Incremental Build of configuration Debug for project MFM383 ****
make -j8 all 
arm-none-eabi-size  MFM383.elf 
   text	   data	    bss	    dec	    hex	filename
  15760	     12	  32916	  48688	   be30	MFM383.elf
Finished building: default.size.stdout
 
22:01:56 **** Incremental Build of configuration Debug for project MFM383 ****
make -j8 all 
arm-none-eabi-gcc "../Core/Src/main.c" -mcpu=cortex-m4 -std=gnu11 -g3 -DDEBUG -DUSE_HAL_DRIVER -DSTM32F407xx -c -I../Core/Inc -I../Drivers/STM32F4xx_HAL_Driver/Inc -I../Drivers/STM32F4xx_HAL_Driver/Inc/Legacy -I../Drivers/CMSIS/Device/ST/STM32F4xx/Include -I../Drivers/CMSIS/Include -O0 -ffunction-sections -fdata-sections -Wall -fstack-usage -fcyclomatic-complexity -MMD -MP -MF"Core/Src/main.d" -MT"Core/Src/main.o" --specs=nano.specs -mfpu=fpv4-sp-d16 -mfloat-abi=hard -mthumb -o "Core/Src/main.o"
../Core/Src/main.c: In function 'main':
../Core/Src/main.c:435:16: error: 'SenFlag_Modbud_ID1' undeclared (first use in this function); did you mean 'SenFlag_Modbud_ID2'?
  435 |             if(SenFlag_Modbud_ID1==1){
      |                ^~~~~~~~~~~~~~~~~~
      |                SenFlag_Modbud_ID2
../Core/Src/main.c:435:16: note: each undeclared identifier is reported only once for each function it appears in
../Core/Src/main.c: In function 'handle_data_uart_mfm3883_ID2':
../Core/Src/main.c:680:38: error: 'slaveID1' undeclared (first use in this function); did you mean 'slaveID2'?
  680 |     MFM383A_Data_t *meter = &g_meter[slaveID1];
      |                                      ^~~~~~~~
      |                                      slaveID2
make: *** [Core/Src/subdir.mk:34: Core/Src/main.o] Error 1
"make -j8 all" terminated with exit code 2. Build might be incomplete.
22:03:15 **** Incremental Build of configuration Debug for project MFM383 ****
make -j8 all 
arm-none-eabi-gcc "../Core/Src/main.c" -mcpu=cortex-m4 -std=gnu11 -g3 -DDEBUG -DUSE_HAL_DRIVER -DSTM32F407xx -c -I../Core/Inc -I../Drivers/STM32F4xx_HAL_Driver/Inc -I../Drivers/STM32F4xx_HAL_Driver/Inc/Legacy -I../Drivers/CMSIS/Device/ST/STM32F4xx/Include -I../Drivers/CMSIS/Include -O0 -ffunction-sections -fdata-sections -Wall -fstack-usage -fcyclomatic-complexity -MMD -MP -MF"Core/Src/main.d" -MT"Core/Src/main.o" --specs=nano.specs -mfpu=fpv4-sp-d16 -mfloat-abi=hard -mthumb -o "Core/Src/main.o"
../Core/Src/main.c: In function 'handle_data_uart_mfm3883_ID2':
../Core/Src/main.c:681:38: error: 'slaveID1' undeclared (first use in this function); did you mean 'slaveID2'?
  681 |     MFM383A_Data_t *meter = &g_meter[slaveID1];
      |                                      ^~~~~~~~
      |                                      slaveID2
../Core/Src/main.c:681:38: note: each undeclared identifier is reported only once for each function it appears in
make: *** [Core/Src/subdir.mk:34: Core/Src/main.o] Error 1
"make -j8 all" terminated with exit code 2. Build might be incomplete.
22:04:25 **** Incremental Build of configuration Debug for project MFM383 ****
make -j8 all 
arm-none-eabi-gcc "../Core/Src/main.c" -mcpu=cortex-m4 -std=gnu11 -g3 -DDEBUG -DUSE_HAL_DRIVER -DSTM32F407xx -c -I../Core/Inc -I../Drivers/STM32F4xx_HAL_Driver/Inc -I../Drivers/STM32F4xx_HAL_Driver/Inc/Legacy -I../Drivers/CMSIS/Device/ST/STM32F4xx/Include -I../Drivers/CMSIS/Include -O0 -ffunction-sections -fdata-sections -Wall -fstack-usage -fcyclomatic-complexity -MMD -MP -MF"Core/Src/main.d" -MT"Core/Src/main.o" --specs=nano.specs -mfpu=fpv4-sp-d16 -mfloat-abi=hard -mthumb -o "Core/Src/main.o"
arm-none-eabi-gcc -o "MFM383.elf" @"objects.list"   -mcpu=cortex-m4 -T"D:\Project_2026\Modbud_MFM383A-C\Source\MFM383_ProjectRs485\STM32F407VGT\MFM383\STM32F407VGTX_FLASH.ld" --specs=nosys.specs -Wl,-Map="MFM383.map" -Wl,--gc-sections -static --specs=nano.specs -mfpu=fpv4-sp-d16 -mfloat-abi=hard -mthumb -Wl,--start-group -lc -lm -Wl,--end-group
Finished building target: MFM383.elf
 
arm-none-eabi-size  MFM383.elf 
arm-none-eabi-objdump -h -S MFM383.elf  > "MFM383.list"
   text	   data	    bss	    dec	    hex	filename
  16740	     12	  33428	  50180	   c404	MFM383.elf
Finished building: default.size.stdout
 
Finished building: MFM383.list
 
22:04:30 **** Incremental Build of configuration Debug for project MFM383 ****
make -j8 all 
arm-none-eabi-size  MFM383.elf 
   text	   data	    bss	    dec	    hex	filename
  16740	     12	  33428	  50180	   c404	MFM383.elf
Finished building: default.size.stdout
 
22:04:40 **** Incremental Build of configuration Debug for project MFM383 ****
make -j8 all 
arm-none-eabi-size  MFM383.elf 
   text	   data	    bss	    dec	    hex	filename
  16740	     12	  33428	  50180	   c404	MFM383.elf
Finished building: default.size.stdout
 
23:06:12 **** Incremental Build of configuration Debug for project MFM383 ****
make -j8 all 
arm-none-eabi-gcc "../Core/Src/main.c" -mcpu=cortex-m4 -std=gnu11 -g3 -DDEBUG -DUSE_HAL_DRIVER -DSTM32F407xx -c -I../Core/Inc -I../Drivers/STM32F4xx_HAL_Driver/Inc -I../Drivers/STM32F4xx_HAL_Driver/Inc/Legacy -I../Drivers/CMSIS/Device/ST/STM32F4xx/Include -I../Drivers/CMSIS/Include -O0 -ffunction-sections -fdata-sections -Wall -fstack-usage -fcyclomatic-complexity -MMD -MP -MF"Core/Src/main.d" -MT"Core/Src/main.o" --specs=nano.specs -mfpu=fpv4-sp-d16 -mfloat-abi=hard -mthumb -o "Core/Src/main.o"
../Core/Src/main.c: In function 'main':
../Core/Src/main.c:443:22: warning: passing argument 1 of 'memset' makes pointer from integer without a cast [-Wint-conversion]
  443 |               memset(u8_len_rx_mfm383_ID1_Req, 0, sizeof(rx_nfn383_ID1_Red));
      |                      ^~~~~~~~~~~~~~~~~~~~~~~~
      |                      |
      |                      uint16_t {aka short unsigned int}
In file included from ../Core/Src/main.c:28:
C:\ST\STM32CubeIDE_1.16.0\STM32CubeIDE\plugins\com.st.stm32cube.ide.mcu.externaltools.gnu-tools-for-stm32.12.3.rel1.win32_1.0.200.202406191623\tools\bin/../lib/gcc/arm-none-eabi/12.3.1/../../../../arm-none-eabi/include/string.h:33:18: note: expected 'void *' but argument is of type 'uint16_t' {aka 'short unsigned int'}
   33 | void *   memset (void *, int, size_t);
      |                  ^~~~~~
arm-none-eabi-gcc -o "MFM383.elf" @"objects.list"   -mcpu=cortex-m4 -T"D:\Project_2026\Modbud_MFM383A-C\Source\MFM383_ProjectRs485\STM32F407VGT\MFM383\STM32F407VGTX_FLASH.ld" --specs=nosys.specs -Wl,-Map="MFM383.map" -Wl,--gc-sections -static --specs=nano.specs -mfpu=fpv4-sp-d16 -mfloat-abi=hard -mthumb -Wl,--start-group -lc -lm -Wl,--end-group
Finished building target: MFM383.elf
 
arm-none-eabi-size  MFM383.elf 
arm-none-eabi-objdump -h -S MFM383.elf  > "MFM383.list"
   text	   data	    bss	    dec	    hex	filename
  16028	     12	  33428	  49468	   c13c	MFM383.elf
Finished building: default.size.stdout
 
Finished building: MFM383.list
 
23:06:37 **** Incremental Build of configuration Debug for project MFM383 ****
make -j8 all 
arm-none-eabi-size  MFM383.elf 
   text	   data	    bss	    dec	    hex	filename
  16028	     12	  33428	  49468	   c13c	MFM383.elf
Finished building: default.size.stdout
 
23:06:39 **** Incremental Build of configuration Debug for project MFM383 ****
make -j8 all 
arm-none-eabi-size  MFM383.elf 
   text	   data	    bss	    dec	    hex	filename
  16028	     12	  33428	  49468	   c13c	MFM383.elf
Finished building: default.size.stdout
 
23:06:56 **** Incremental Build of configuration Debug for project MFM383 ****
make -j8 all 
arm-none-eabi-size  MFM383.elf 
   text	   data	    bss	    dec	    hex	filename
  16028	     12	  33428	  49468	   c13c	MFM383.elf
Finished building: default.size.stdout
 
23:08:42 **** Incremental Build of configuration Debug for project MFM383 ****
make -j8 all 
arm-none-eabi-gcc "../Core/Src/main.c" -mcpu=cortex-m4 -std=gnu11 -g3 -DDEBUG -DUSE_HAL_DRIVER -DSTM32F407xx -c -I../Core/Inc -I../Drivers/STM32F4xx_HAL_Driver/Inc -I../Drivers/STM32F4xx_HAL_Driver/Inc/Legacy -I../Drivers/CMSIS/Device/ST/STM32F4xx/Include -I../Drivers/CMSIS/Include -O0 -ffunction-sections -fdata-sections -Wall -fstack-usage -fcyclomatic-complexity -MMD -MP -MF"Core/Src/main.d" -MT"Core/Src/main.o" --specs=nano.specs -mfpu=fpv4-sp-d16 -mfloat-abi=hard -mthumb -o "Core/Src/main.o"
../Core/Src/main.c: In function 'main':
../Core/Src/main.c:443:22: warning: passing argument 1 of 'memset' makes pointer from integer without a cast [-Wint-conversion]
  443 |               memset(u8_len_rx_mfm383_ID1_Req, 0, sizeof(rx_nfn383_ID1_Red));
      |                      ^~~~~~~~~~~~~~~~~~~~~~~~
      |                      |
      |                      uint16_t {aka short unsigned int}
In file included from ../Core/Src/main.c:28:
C:\ST\STM32CubeIDE_1.16.0\STM32CubeIDE\plugins\com.st.stm32cube.ide.mcu.externaltools.gnu-tools-for-stm32.12.3.rel1.win32_1.0.200.202406191623\tools\bin/../lib/gcc/arm-none-eabi/12.3.1/../../../../arm-none-eabi/include/string.h:33:18: note: expected 'void *' but argument is of type 'uint16_t' {aka 'short unsigned int'}
   33 | void *   memset (void *, int, size_t);
      |                  ^~~~~~
arm-none-eabi-gcc -o "MFM383.elf" @"objects.list"   -mcpu=cortex-m4 -T"D:\Project_2026\Modbud_MFM383A-C\Source\MFM383_ProjectRs485\STM32F407VGT\MFM383\STM32F407VGTX_FLASH.ld" --specs=nosys.specs -Wl,-Map="MFM383.map" -Wl,--gc-sections -static --specs=nano.specs -mfpu=fpv4-sp-d16 -mfloat-abi=hard -mthumb -Wl,--start-group -lc -lm -Wl,--end-group
Finished building target: MFM383.elf
 
arm-none-eabi-size  MFM383.elf 
arm-none-eabi-objdump -h -S MFM383.elf  > "MFM383.list"
   text	   data	    bss	    dec	    hex	filename
  16052	     12	  33428	  49492	   c154	MFM383.elf
Finished building: default.size.stdout
 
Finished building: MFM383.list
 
23:08:47 **** Incremental Build of configuration Debug for project MFM383 ****
make -j8 all 
arm-none-eabi-size  MFM383.elf 
   text	   data	    bss	    dec	    hex	filename
  16052	     12	  33428	  49492	   c154	MFM383.elf
Finished building: default.size.stdout
 
23:09:18 **** Incremental Build of configuration Debug for project MFM383 ****
make -j8 all 
arm-none-eabi-size  MFM383.elf 
   text	   data	    bss	    dec	    hex	filename
  16052	     12	  33428	  49492	   c154	MFM383.elf
Finished building: default.size.stdout
 
23:16:41 **** Incremental Build of configuration Debug for project MFM383 ****
make -j8 all 
arm-none-eabi-size  MFM383.elf 
   text	   data	    bss	    dec	    hex	filename
  16052	     12	  33428	  49492	   c154	MFM383.elf
Finished building: default.size.stdout
 
23:17:19 **** Incremental Build of configuration Debug for project MFM383 ****
make -j8 all 
arm-none-eabi-size  MFM383.elf 
   text	   data	    bss	    dec	    hex	filename
  16052	     12	  33428	  49492	   c154	MFM383.elf
Finished building: default.size.stdout
 
23:18:48 **** Incremental Build of configuration Debug for project MFM383 ****
make -j8 all 
arm-none-eabi-size  MFM383.elf 
   text	   data	    bss	    dec	    hex	filename
  16052	     12	  33428	  49492	   c154	MFM383.elf
Finished building: default.size.stdout
 
23:24:49 **** Incremental Build of configuration Debug for project MFM383 ****
make -j8 all 
arm-none-eabi-gcc "../Core/Src/main.c" -mcpu=cortex-m4 -std=gnu11 -g3 -DDEBUG -DUSE_HAL_DRIVER -DSTM32F407xx -c -I../Core/Inc -I../Drivers/STM32F4xx_HAL_Driver/Inc -I../Drivers/STM32F4xx_HAL_Driver/Inc/Legacy -I../Drivers/CMSIS/Device/ST/STM32F4xx/Include -I../Drivers/CMSIS/Include -O0 -ffunction-sections -fdata-sections -Wall -fstack-usage -fcyclomatic-complexity -MMD -MP -MF"Core/Src/main.d" -MT"Core/Src/main.o" --specs=nano.specs -mfpu=fpv4-sp-d16 -mfloat-abi=hard -mthumb -o "Core/Src/main.o"
arm-none-eabi-gcc -o "MFM383.elf" @"objects.list"   -mcpu=cortex-m4 -T"D:\Project_2026\Modbud_MFM383A-C\Source\MFM383_ProjectRs485\STM32F407VGT\MFM383\STM32F407VGTX_FLASH.ld" --specs=nosys.specs -Wl,-Map="MFM383.map" -Wl,--gc-sections -static --specs=nano.specs -mfpu=fpv4-sp-d16 -mfloat-abi=hard -mthumb -Wl,--start-group -lc -lm -Wl,--end-group
Finished building target: MFM383.elf
 
arm-none-eabi-size  MFM383.elf 
arm-none-eabi-objdump -h -S MFM383.elf  > "MFM383.list"
   text	   data	    bss	    dec	    hex	filename
  16744	     12	  33428	  50184	   c408	MFM383.elf
Finished building: default.size.stdout
 
Finished building: MFM383.list
 
23:24:55 **** Incremental Build of configuration Debug for project MFM383 ****
make -j8 all 
arm-none-eabi-size  MFM383.elf 
   text	   data	    bss	    dec	    hex	filename
  16744	     12	  33428	  50184	   c408	MFM383.elf
Finished building: default.size.stdout
 
23:25:26 **** Incremental Build of configuration Debug for project MFM383 ****
make -j8 all 
arm-none-eabi-size  MFM383.elf 
   text	   data	    bss	    dec	    hex	filename
  16744	     12	  33428	  50184	   c408	MFM383.elf
Finished building: default.size.stdout
 
23:37:03 **** Incremental Build of configuration Debug for project MFM383 ****
make -j8 all 
arm-none-eabi-gcc "../Core/Src/main.c" -mcpu=cortex-m4 -std=gnu11 -g3 -DDEBUG -DUSE_HAL_DRIVER -DSTM32F407xx -c -I../Core/Inc -I../Drivers/STM32F4xx_HAL_Driver/Inc -I../Drivers/STM32F4xx_HAL_Driver/Inc/Legacy -I../Drivers/CMSIS/Device/ST/STM32F4xx/Include -I../Drivers/CMSIS/Include -O0 -ffunction-sections -fdata-sections -Wall -fstack-usage -fcyclomatic-complexity -MMD -MP -MF"Core/Src/main.d" -MT"Core/Src/main.o" --specs=nano.specs -mfpu=fpv4-sp-d16 -mfloat-abi=hard -mthumb -o "Core/Src/main.o"
arm-none-eabi-gcc -o "MFM383.elf" @"objects.list"   -mcpu=cortex-m4 -T"D:\Project_2026\Modbud_MFM383A-C\Source\MFM383_ProjectRs485\STM32F407VGT\MFM383\STM32F407VGTX_FLASH.ld" --specs=nosys.specs -Wl,-Map="MFM383.map" -Wl,--gc-sections -static --specs=nano.specs -mfpu=fpv4-sp-d16 -mfloat-abi=hard -mthumb -Wl,--start-group -lc -lm -Wl,--end-group
Finished building target: MFM383.elf
 
arm-none-eabi-size  MFM383.elf 
arm-none-eabi-objdump -h -S MFM383.elf  > "MFM383.list"
   text	   data	    bss	    dec	    hex	filename
  16768	     12	  33428	  50208	   c420	MFM383.elf
Finished building: default.size.stdout
 
Finished building: MFM383.list
 
23:37:07 **** Incremental Build of configuration Debug for project MFM383 ****
make -j8 all 
arm-none-eabi-size  MFM383.elf 
   text	   data	    bss	    dec	    hex	filename
  16768	     12	  33428	  50208	   c420	MFM383.elf
Finished building: default.size.stdout
 
23:37:19 **** Incremental Build of configuration Debug for project MFM383 ****
make -j8 all 
arm-none-eabi-size  MFM383.elf 
   text	   data	    bss	    dec	    hex	filename
  16768	     12	  33428	  50208	   c420	MFM383.elf
Finished building: default.size.stdout
 
23:47:09 **** Incremental Build of configuration Debug for project MFM383 ****
make -j8 all 
arm-none-eabi-gcc "../Core/Src/main.c" -mcpu=cortex-m4 -std=gnu11 -g3 -DDEBUG -DUSE_HAL_DRIVER -DSTM32F407xx -c -I../Core/Inc -I../Drivers/STM32F4xx_HAL_Driver/Inc -I../Drivers/STM32F4xx_HAL_Driver/Inc/Legacy -I../Drivers/CMSIS/Device/ST/STM32F4xx/Include -I../Drivers/CMSIS/Include -O0 -ffunction-sections -fdata-sections -Wall -fstack-usage -fcyclomatic-complexity -MMD -MP -MF"Core/Src/main.d" -MT"Core/Src/main.o" --specs=nano.specs -mfpu=fpv4-sp-d16 -mfloat-abi=hard -mthumb -o "Core/Src/main.o"
../Core/Src/main.c: In function 'main':
../Core/Src/main.c:443:22: warning: passing argument 1 of 'memset' makes pointer from integer without a cast [-Wint-conversion]
  443 |               memset(u8_len_rx_mfm383_ID1_Req, 0, sizeof(rx_nfn383_ID1_Red));
      |                      ^~~~~~~~~~~~~~~~~~~~~~~~
      |                      |
      |                      uint16_t {aka short unsigned int}
In file included from ../Core/Src/main.c:28:
C:\ST\STM32CubeIDE_1.16.0\STM32CubeIDE\plugins\com.st.stm32cube.ide.mcu.externaltools.gnu-tools-for-stm32.12.3.rel1.win32_1.0.200.202406191623\tools\bin/../lib/gcc/arm-none-eabi/12.3.1/../../../../arm-none-eabi/include/string.h:33:18: note: expected 'void *' but argument is of type 'uint16_t' {aka 'short unsigned int'}
   33 | void *   memset (void *, int, size_t);
      |                  ^~~~~~
arm-none-eabi-gcc -o "MFM383.elf" @"objects.list"   -mcpu=cortex-m4 -T"D:\Project_2026\Modbud_MFM383A-C\Source\MFM383_ProjectRs485\STM32F407VGT\MFM383\STM32F407VGTX_FLASH.ld" --specs=nosys.specs -Wl,-Map="MFM383.map" -Wl,--gc-sections -static --specs=nano.specs -mfpu=fpv4-sp-d16 -mfloat-abi=hard -mthumb -Wl,--start-group -lc -lm -Wl,--end-group
Finished building target: MFM383.elf
 
arm-none-eabi-size  MFM383.elf 
arm-none-eabi-objdump -h -S MFM383.elf  > "MFM383.list"
   text	   data	    bss	    dec	    hex	filename
  16052	     12	  33428	  49492	   c154	MFM383.elf
Finished building: default.size.stdout
 
Finished building: MFM383.list
 
23:47:13 **** Incremental Build of configuration Debug for project MFM383 ****
make -j8 all 
arm-none-eabi-size  MFM383.elf 
   text	   data	    bss	    dec	    hex	filename
  16052	     12	  33428	  49492	   c154	MFM383.elf
Finished building: default.size.stdout
 
23:47:25 **** Incremental Build of configuration Debug for project MFM383 ****
make -j8 all 
arm-none-eabi-size  MFM383.elf 
   text	   data	    bss	    dec	    hex	filename
  16052	     12	  33428	  49492	   c154	MFM383.elf
Finished building: default.size.stdout
 
23:51:24 **** Incremental Build of configuration Debug for project MFM383 ****
make -j8 all 
arm-none-eabi-gcc "../Core/Src/main.c" -mcpu=cortex-m4 -std=gnu11 -g3 -DDEBUG -DUSE_HAL_DRIVER -DSTM32F407xx -c -I../Core/Inc -I../Drivers/STM32F4xx_HAL_Driver/Inc -I../Drivers/STM32F4xx_HAL_Driver/Inc/Legacy -I../Drivers/CMSIS/Device/ST/STM32F4xx/Include -I../Drivers/CMSIS/Include -O0 -ffunction-sections -fdata-sections -Wall -fstack-usage -fcyclomatic-complexity -MMD -MP -MF"Core/Src/main.d" -MT"Core/Src/main.o" --specs=nano.specs -mfpu=fpv4-sp-d16 -mfloat-abi=hard -mthumb -o "Core/Src/main.o"
../Core/Src/main.c: In function 'main':
../Core/Src/main.c:443:22: warning: passing argument 1 of 'memset' makes pointer from integer without a cast [-Wint-conversion]
  443 |               memset(u8_len_rx_mfm383_ID1_Req, 0, sizeof(rx_nfn383_ID1_Red));
      |                      ^~~~~~~~~~~~~~~~~~~~~~~~
      |                      |
      |                      uint16_t {aka short unsigned int}
In file included from ../Core/Src/main.c:28:
C:\ST\STM32CubeIDE_1.16.0\STM32CubeIDE\plugins\com.st.stm32cube.ide.mcu.externaltools.gnu-tools-for-stm32.12.3.rel1.win32_1.0.200.202406191623\tools\bin/../lib/gcc/arm-none-eabi/12.3.1/../../../../arm-none-eabi/include/string.h:33:18: note: expected 'void *' but argument is of type 'uint16_t' {aka 'short unsigned int'}
   33 | void *   memset (void *, int, size_t);
      |                  ^~~~~~
arm-none-eabi-gcc -o "MFM383.elf" @"objects.list"   -mcpu=cortex-m4 -T"D:\Project_2026\Modbud_MFM383A-C\Source\MFM383_ProjectRs485\STM32F407VGT\MFM383\STM32F407VGTX_FLASH.ld" --specs=nosys.specs -Wl,-Map="MFM383.map" -Wl,--gc-sections -static --specs=nano.specs -mfpu=fpv4-sp-d16 -mfloat-abi=hard -mthumb -Wl,--start-group -lc -lm -Wl,--end-group
Finished building target: MFM383.elf
 
arm-none-eabi-size  MFM383.elf 
arm-none-eabi-objdump -h -S MFM383.elf  > "MFM383.list"
   text	   data	    bss	    dec	    hex	filename
  16052	     12	  33428	  49492	   c154	MFM383.elf
Finished building: default.size.stdout
 
Finished building: MFM383.list
 
23:51:32 **** Incremental Build of configuration Debug for project MFM383 ****
make -j8 all 
arm-none-eabi-size  MFM383.elf 
   text	   data	    bss	    dec	    hex	filename
  16052	     12	  33428	  49492	   c154	MFM383.elf
Finished building: default.size.stdout
 
00:06:55 **** Incremental Build of configuration Debug for project MFM383 ****
make -j8 all 
arm-none-eabi-gcc "../Core/Src/main.c" -mcpu=cortex-m4 -std=gnu11 -g3 -DDEBUG -DUSE_HAL_DRIVER -DSTM32F407xx -c -I../Core/Inc -I../Drivers/STM32F4xx_HAL_Driver/Inc -I../Drivers/STM32F4xx_HAL_Driver/Inc/Legacy -I../Drivers/CMSIS/Device/ST/STM32F4xx/Include -I../Drivers/CMSIS/Include -O0 -ffunction-sections -fdata-sections -Wall -fstack-usage -fcyclomatic-complexity -MMD -MP -MF"Core/Src/main.d" -MT"Core/Src/main.o" --specs=nano.specs -mfpu=fpv4-sp-d16 -mfloat-abi=hard -mthumb -o "Core/Src/main.o"
../Core/Src/main.c: In function 'main':
../Core/Src/main.c:443:22: warning: passing argument 1 of 'memset' makes pointer from integer without a cast [-Wint-conversion]
  443 |               memset(u8_len_rx_mfm383_ID1_Req, 0, sizeof(rx_nfn383_ID1_Red));
      |                      ^~~~~~~~~~~~~~~~~~~~~~~~
      |                      |
      |                      uint16_t {aka short unsigned int}
In file included from ../Core/Src/main.c:28:
C:\ST\STM32CubeIDE_1.16.0\STM32CubeIDE\plugins\com.st.stm32cube.ide.mcu.externaltools.gnu-tools-for-stm32.12.3.rel1.win32_1.0.200.202406191623\tools\bin/../lib/gcc/arm-none-eabi/12.3.1/../../../../arm-none-eabi/include/string.h:33:18: note: expected 'void *' but argument is of type 'uint16_t' {aka 'short unsigned int'}
   33 | void *   memset (void *, int, size_t);
      |                  ^~~~~~
arm-none-eabi-gcc -o "MFM383.elf" @"objects.list"   -mcpu=cortex-m4 -T"D:\Project_2026\Modbud_MFM383A-C\Source\MFM383_ProjectRs485\STM32F407VGT\MFM383\STM32F407VGTX_FLASH.ld" --specs=nosys.specs -Wl,-Map="MFM383.map" -Wl,--gc-sections -static --specs=nano.specs -mfpu=fpv4-sp-d16 -mfloat-abi=hard -mthumb -Wl,--start-group -lc -lm -Wl,--end-group
Finished building target: MFM383.elf
 
arm-none-eabi-size  MFM383.elf 
arm-none-eabi-objdump -h -S MFM383.elf  > "MFM383.list"
   text	   data	    bss	    dec	    hex	filename
  16020	     12	  33428	  49460	   c134	MFM383.elf
Finished building: default.size.stdout
 
Finished building: MFM383.list
 
00:07:00 **** Incremental Build of configuration Debug for project MFM383 ****
make -j8 all 
arm-none-eabi-size  MFM383.elf 
   text	   data	    bss	    dec	    hex	filename
  16020	     12	  33428	  49460	   c134	MFM383.elf
Finished building: default.size.stdout
 
00:07:11 **** Incremental Build of configuration Debug for project MFM383 ****
make -j8 all 
arm-none-eabi-size  MFM383.elf 
   text	   data	    bss	    dec	    hex	filename
  16020	     12	  33428	  49460	   c134	MFM383.elf
Finished building: default.size.stdout
 
00:08:41 **** Incremental Build of configuration Debug for project MFM383 ****
make -j8 all 
arm-none-eabi-gcc "../Core/Src/main.c" -mcpu=cortex-m4 -std=gnu11 -g3 -DDEBUG -DUSE_HAL_DRIVER -DSTM32F407xx -c -I../Core/Inc -I../Drivers/STM32F4xx_HAL_Driver/Inc -I../Drivers/STM32F4xx_HAL_Driver/Inc/Legacy -I../Drivers/CMSIS/Device/ST/STM32F4xx/Include -I../Drivers/CMSIS/Include -O0 -ffunction-sections -fdata-sections -Wall -fstack-usage -fcyclomatic-complexity -MMD -MP -MF"Core/Src/main.d" -MT"Core/Src/main.o" --specs=nano.specs -mfpu=fpv4-sp-d16 -mfloat-abi=hard -mthumb -o "Core/Src/main.o"
../Core/Src/main.c: In function 'main':
../Core/Src/main.c:443:22: warning: passing argument 1 of 'memset' makes pointer from integer without a cast [-Wint-conversion]
  443 |               memset(u8_len_rx_mfm383_ID1_Req, 0, sizeof(rx_nfn383_ID1_Red));
      |                      ^~~~~~~~~~~~~~~~~~~~~~~~
      |                      |
      |                      uint16_t {aka short unsigned int}
In file included from ../Core/Src/main.c:28:
C:\ST\STM32CubeIDE_1.16.0\STM32CubeIDE\plugins\com.st.stm32cube.ide.mcu.externaltools.gnu-tools-for-stm32.12.3.rel1.win32_1.0.200.202406191623\tools\bin/../lib/gcc/arm-none-eabi/12.3.1/../../../../arm-none-eabi/include/string.h:33:18: note: expected 'void *' but argument is of type 'uint16_t' {aka 'short unsigned int'}
   33 | void *   memset (void *, int, size_t);
      |                  ^~~~~~
arm-none-eabi-gcc -o "MFM383.elf" @"objects.list"   -mcpu=cortex-m4 -T"D:\Project_2026\Modbud_MFM383A-C\Source\MFM383_ProjectRs485\STM32F407VGT\MFM383\STM32F407VGTX_FLASH.ld" --specs=nosys.specs -Wl,-Map="MFM383.map" -Wl,--gc-sections -static --specs=nano.specs -mfpu=fpv4-sp-d16 -mfloat-abi=hard -mthumb -Wl,--start-group -lc -lm -Wl,--end-group
Finished building target: MFM383.elf
 
arm-none-eabi-size  MFM383.elf 
arm-none-eabi-objdump -h -S MFM383.elf  > "MFM383.list"
   text	   data	    bss	    dec	    hex	filename
  16020	     12	  33428	  49460	   c134	MFM383.elf
Finished building: default.size.stdout
 
Finished building: MFM383.list
 
00:08:45 **** Incremental Build of configuration Debug for project MFM383 ****
make -j8 all 
arm-none-eabi-size  MFM383.elf 
   text	   data	    bss	    dec	    hex	filename
  16020	     12	  33428	  49460	   c134	MFM383.elf
Finished building: default.size.stdout
 
00:08:57 **** Incremental Build of configuration Debug for project MFM383 ****
make -j8 all 
arm-none-eabi-size  MFM383.elf 
   text	   data	    bss	    dec	    hex	filename
  16020	     12	  33428	  49460	   c134	MFM383.elf
Finished building: default.size.stdout
 
00:12:53 **** Incremental Build of configuration Debug for project MFM383 ****
make -j8 all 
arm-none-eabi-gcc "../Core/Src/main.c" -mcpu=cortex-m4 -std=gnu11 -g3 -DDEBUG -DUSE_HAL_DRIVER -DSTM32F407xx -c -I../Core/Inc -I../Drivers/STM32F4xx_HAL_Driver/Inc -I../Drivers/STM32F4xx_HAL_Driver/Inc/Legacy -I../Drivers/CMSIS/Device/ST/STM32F4xx/Include -I../Drivers/CMSIS/Include -O0 -ffunction-sections -fdata-sections -Wall -fstack-usage -fcyclomatic-complexity -MMD -MP -MF"Core/Src/main.d" -MT"Core/Src/main.o" --specs=nano.specs -mfpu=fpv4-sp-d16 -mfloat-abi=hard -mthumb -o "Core/Src/main.o"
arm-none-eabi-gcc -o "MFM383.elf" @"objects.list"   -mcpu=cortex-m4 -T"D:\Project_2026\Modbud_MFM383A-C\Source\MFM383_ProjectRs485\STM32F407VGT\MFM383\STM32F407VGTX_FLASH.ld" --specs=nosys.specs -Wl,-Map="MFM383.map" -Wl,--gc-sections -static --specs=nano.specs -mfpu=fpv4-sp-d16 -mfloat-abi=hard -mthumb -Wl,--start-group -lc -lm -Wl,--end-group
Finished building target: MFM383.elf
 
arm-none-eabi-size  MFM383.elf 
arm-none-eabi-objdump -h -S MFM383.elf  > "MFM383.list"
   text	   data	    bss	    dec	    hex	filename
  16016	     12	  33428	  49456	   c130	MFM383.elf
Finished building: default.size.stdout
 
Finished building: MFM383.list
 
00:12:57 **** Incremental Build of configuration Debug for project MFM383 ****
make -j8 all 
arm-none-eabi-size  MFM383.elf 
   text	   data	    bss	    dec	    hex	filename
  16016	     12	  33428	  49456	   c130	MFM383.elf
Finished building: default.size.stdout
 
00:13:08 **** Incremental Build of configuration Debug for project MFM383 ****
make -j8 all 
arm-none-eabi-size  MFM383.elf 
   text	   data	    bss	    dec	    hex	filename
  16016	     12	  33428	  49456	   c130	MFM383.elf
Finished building: default.size.stdout
 
00:16:00 **** Incremental Build of configuration Debug for project MFM383 ****
make -j8 all 
arm-none-eabi-gcc "../Core/Src/main.c" -mcpu=cortex-m4 -std=gnu11 -g3 -DDEBUG -DUSE_HAL_DRIVER -DSTM32F407xx -c -I../Core/Inc -I../Drivers/STM32F4xx_HAL_Driver/Inc -I../Drivers/STM32F4xx_HAL_Driver/Inc/Legacy -I../Drivers/CMSIS/Device/ST/STM32F4xx/Include -I../Drivers/CMSIS/Include -O0 -ffunction-sections -fdata-sections -Wall -fstack-usage -fcyclomatic-complexity -MMD -MP -MF"Core/Src/main.d" -MT"Core/Src/main.o" --specs=nano.specs -mfpu=fpv4-sp-d16 -mfloat-abi=hard -mthumb -o "Core/Src/main.o"
arm-none-eabi-gcc -o "MFM383.elf" @"objects.list"   -mcpu=cortex-m4 -T"D:\Project_2026\Modbud_MFM383A-C\Source\MFM383_ProjectRs485\STM32F407VGT\MFM383\STM32F407VGTX_FLASH.ld" --specs=nosys.specs -Wl,-Map="MFM383.map" -Wl,--gc-sections -static --specs=nano.specs -mfpu=fpv4-sp-d16 -mfloat-abi=hard -mthumb -Wl,--start-group -lc -lm -Wl,--end-group
Finished building target: MFM383.elf
 
arm-none-eabi-size  MFM383.elf 
arm-none-eabi-objdump -h -S MFM383.elf  > "MFM383.list"
   text	   data	    bss	    dec	    hex	filename
  16020	     12	  33428	  49460	   c134	MFM383.elf
Finished building: default.size.stdout
 
Finished building: MFM383.list
 
00:16:10 **** Incremental Build of configuration Debug for project MFM383 ****
make -j8 all 
arm-none-eabi-size  MFM383.elf 
   text	   data	    bss	    dec	    hex	filename
  16020	     12	  33428	  49460	   c134	MFM383.elf
Finished building: default.size.stdout
 
00:16:23 **** Incremental Build of configuration Debug for project MFM383 ****
make -j8 all 
arm-none-eabi-size  MFM383.elf 
   text	   data	    bss	    dec	    hex	filename
  16020	     12	  33428	  49460	   c134	MFM383.elf
Finished building: default.size.stdout
 
00:26:25 **** Incremental Build of configuration Debug for project MFM383 ****
make -j8 all 
arm-none-eabi-gcc "../Core/Src/main.c" -mcpu=cortex-m4 -std=gnu11 -g3 -DDEBUG -DUSE_HAL_DRIVER -DSTM32F407xx -c -I../Core/Inc -I../Drivers/STM32F4xx_HAL_Driver/Inc -I../Drivers/STM32F4xx_HAL_Driver/Inc/Legacy -I../Drivers/CMSIS/Device/ST/STM32F4xx/Include -I../Drivers/CMSIS/Include -O0 -ffunction-sections -fdata-sections -Wall -fstack-usage -fcyclomatic-complexity -MMD -MP -MF"Core/Src/main.d" -MT"Core/Src/main.o" --specs=nano.specs -mfpu=fpv4-sp-d16 -mfloat-abi=hard -mthumb -o "Core/Src/main.o"
arm-none-eabi-gcc -o "MFM383.elf" @"objects.list"   -mcpu=cortex-m4 -T"D:\Project_2026\Modbud_MFM383A-C\Source\MFM383_ProjectRs485\STM32F407VGT\MFM383\STM32F407VGTX_FLASH.ld" --specs=nosys.specs -Wl,-Map="MFM383.map" -Wl,--gc-sections -static --specs=nano.specs -mfpu=fpv4-sp-d16 -mfloat-abi=hard -mthumb -Wl,--start-group -lc -lm -Wl,--end-group
Finished building target: MFM383.elf
 
arm-none-eabi-size  MFM383.elf 
arm-none-eabi-objdump -h -S MFM383.elf  > "MFM383.list"
   text	   data	    bss	    dec	    hex	filename
  16004	     12	  32916	  48932	   bf24	MFM383.elf
Finished building: default.size.stdout
 
Finished building: MFM383.list
 
00:27:40 **** Incremental Build of configuration Debug for project MFM383 ****
make -j8 all 
arm-none-eabi-size  MFM383.elf 
   text	   data	    bss	    dec	    hex	filename
  16004	     12	  32916	  48932	   bf24	MFM383.elf
Finished building: default.size.stdout
 
00:27:50 **** Incremental Build of configuration Debug for project MFM383 ****
make -j8 all 
arm-none-eabi-size  MFM383.elf 
   text	   data	    bss	    dec	    hex	filename
  16004	     12	  32916	  48932	   bf24	MFM383.elf
Finished building: default.size.stdout
 
00:33:14 **** Incremental Build of configuration Debug for project MFM383 ****
make -j8 all 
arm-none-eabi-gcc "../Core/Src/main.c" -mcpu=cortex-m4 -std=gnu11 -g3 -DDEBUG -DUSE_HAL_DRIVER -DSTM32F407xx -c -I../Core/Inc -I../Drivers/STM32F4xx_HAL_Driver/Inc -I../Drivers/STM32F4xx_HAL_Driver/Inc/Legacy -I../Drivers/CMSIS/Device/ST/STM32F4xx/Include -I../Drivers/CMSIS/Include -O0 -ffunction-sections -fdata-sections -Wall -fstack-usage -fcyclomatic-complexity -MMD -MP -MF"Core/Src/main.d" -MT"Core/Src/main.o" --specs=nano.specs -mfpu=fpv4-sp-d16 -mfloat-abi=hard -mthumb -o "Core/Src/main.o"
arm-none-eabi-gcc -o "MFM383.elf" @"objects.list"   -mcpu=cortex-m4 -T"D:\Project_2026\Modbud_MFM383A-C\Source\MFM383_ProjectRs485\STM32F407VGT\MFM383\STM32F407VGTX_FLASH.ld" --specs=nosys.specs -Wl,-Map="MFM383.map" -Wl,--gc-sections -static --specs=nano.specs -mfpu=fpv4-sp-d16 -mfloat-abi=hard -mthumb -Wl,--start-group -lc -lm -Wl,--end-group
Finished building target: MFM383.elf
 
arm-none-eabi-size  MFM383.elf 
arm-none-eabi-objdump -h -S MFM383.elf  > "MFM383.list"
   text	   data	    bss	    dec	    hex	filename
  16004	     12	  32916	  48932	   bf24	MFM383.elf
Finished building: default.size.stdout
 
Finished building: MFM383.list
 
00:33:19 **** Incremental Build of configuration Debug for project MFM383 ****
make -j8 all 
arm-none-eabi-size  MFM383.elf 
   text	   data	    bss	    dec	    hex	filename
  16004	     12	  32916	  48932	   bf24	MFM383.elf
Finished building: default.size.stdout
 
00:33:33 **** Incremental Build of configuration Debug for project MFM383 ****
make -j8 all 
arm-none-eabi-size  MFM383.elf 
   text	   data	    bss	    dec	    hex	filename
  16004	     12	  32916	  48932	   bf24	MFM383.elf
Finished building: default.size.stdout
 
00:35:42 **** Incremental Build of configuration Debug for project MFM383 ****
make -j8 all 
arm-none-eabi-gcc "../Core/Src/main.c" -mcpu=cortex-m4 -std=gnu11 -g3 -DDEBUG -DUSE_HAL_DRIVER -DSTM32F407xx -c -I../Core/Inc -I../Drivers/STM32F4xx_HAL_Driver/Inc -I../Drivers/STM32F4xx_HAL_Driver/Inc/Legacy -I../Drivers/CMSIS/Device/ST/STM32F4xx/Include -I../Drivers/CMSIS/Include -O0 -ffunction-sections -fdata-sections -Wall -fstack-usage -fcyclomatic-complexity -MMD -MP -MF"Core/Src/main.d" -MT"Core/Src/main.o" --specs=nano.specs -mfpu=fpv4-sp-d16 -mfloat-abi=hard -mthumb -o "Core/Src/main.o"
arm-none-eabi-gcc -o "MFM383.elf" @"objects.list"   -mcpu=cortex-m4 -T"D:\Project_2026\Modbud_MFM383A-C\Source\MFM383_ProjectRs485\STM32F407VGT\MFM383\STM32F407VGTX_FLASH.ld" --specs=nosys.specs -Wl,-Map="MFM383.map" -Wl,--gc-sections -static --specs=nano.specs -mfpu=fpv4-sp-d16 -mfloat-abi=hard -mthumb -Wl,--start-group -lc -lm -Wl,--end-group
Finished building target: MFM383.elf
 
arm-none-eabi-size  MFM383.elf 
arm-none-eabi-objdump -h -S MFM383.elf  > "MFM383.list"
   text	   data	    bss	    dec	    hex	filename
  16004	     12	  32916	  48932	   bf24	MFM383.elf
Finished building: default.size.stdout
 
Finished building: MFM383.list
 
00:35:45 **** Incremental Build of configuration Debug for project MFM383 ****
make -j8 all 
arm-none-eabi-size  MFM383.elf 
   text	   data	    bss	    dec	    hex	filename
  16004	     12	  32916	  48932	   bf24	MFM383.elf
Finished building: default.size.stdout
 
00:37:31 **** Incremental Build of configuration Debug for project MFM383 ****
make -j8 all 
arm-none-eabi-gcc "../Core/Src/main.c" -mcpu=cortex-m4 -std=gnu11 -g3 -DDEBUG -DUSE_HAL_DRIVER -DSTM32F407xx -c -I../Core/Inc -I../Drivers/STM32F4xx_HAL_Driver/Inc -I../Drivers/STM32F4xx_HAL_Driver/Inc/Legacy -I../Drivers/CMSIS/Device/ST/STM32F4xx/Include -I../Drivers/CMSIS/Include -O0 -ffunction-sections -fdata-sections -Wall -fstack-usage -fcyclomatic-complexity -MMD -MP -MF"Core/Src/main.d" -MT"Core/Src/main.o" --specs=nano.specs -mfpu=fpv4-sp-d16 -mfloat-abi=hard -mthumb -o "Core/Src/main.o"
arm-none-eabi-gcc -o "MFM383.elf" @"objects.list"   -mcpu=cortex-m4 -T"D:\Project_2026\Modbud_MFM383A-C\Source\MFM383_ProjectRs485\STM32F407VGT\MFM383\STM32F407VGTX_FLASH.ld" --specs=nosys.specs -Wl,-Map="MFM383.map" -Wl,--gc-sections -static --specs=nano.specs -mfpu=fpv4-sp-d16 -mfloat-abi=hard -mthumb -Wl,--start-group -lc -lm -Wl,--end-group
Finished building target: MFM383.elf
 
arm-none-eabi-size  MFM383.elf 
arm-none-eabi-objdump -h -S MFM383.elf  > "MFM383.list"
   text	   data	    bss	    dec	    hex	filename
  16004	     12	  32916	  48932	   bf24	MFM383.elf
Finished building: default.size.stdout
 
Finished building: MFM383.list
 
00:37:37 **** Incremental Build of configuration Debug for project MFM383 ****
make -j8 all 
arm-none-eabi-size  MFM383.elf 
   text	   data	    bss	    dec	    hex	filename
  16004	     12	  32916	  48932	   bf24	MFM383.elf
Finished building: default.size.stdout
 
00:38:00 **** Incremental Build of configuration Debug for project MFM383 ****
make -j8 all 
arm-none-eabi-size  MFM383.elf 
   text	   data	    bss	    dec	    hex	filename
  16004	     12	  32916	  48932	   bf24	MFM383.elf
Finished building: default.size.stdout
 
00:40:36 **** Incremental Build of configuration Debug for project MFM383 ****
make -j8 all 
arm-none-eabi-gcc "../Core/Src/main.c" -mcpu=cortex-m4 -std=gnu11 -g3 -DDEBUG -DUSE_HAL_DRIVER -DSTM32F407xx -c -I../Core/Inc -I../Drivers/STM32F4xx_HAL_Driver/Inc -I../Drivers/STM32F4xx_HAL_Driver/Inc/Legacy -I../Drivers/CMSIS/Device/ST/STM32F4xx/Include -I../Drivers/CMSIS/Include -O0 -ffunction-sections -fdata-sections -Wall -fstack-usage -fcyclomatic-complexity -MMD -MP -MF"Core/Src/main.d" -MT"Core/Src/main.o" --specs=nano.specs -mfpu=fpv4-sp-d16 -mfloat-abi=hard -mthumb -o "Core/Src/main.o"
arm-none-eabi-gcc -o "MFM383.elf" @"objects.list"   -mcpu=cortex-m4 -T"D:\Project_2026\Modbud_MFM383A-C\Source\MFM383_ProjectRs485\STM32F407VGT\MFM383\STM32F407VGTX_FLASH.ld" --specs=nosys.specs -Wl,-Map="MFM383.map" -Wl,--gc-sections -static --specs=nano.specs -mfpu=fpv4-sp-d16 -mfloat-abi=hard -mthumb -Wl,--start-group -lc -lm -Wl,--end-group
Finished building target: MFM383.elf
 
arm-none-eabi-size  MFM383.elf 
arm-none-eabi-objdump -h -S MFM383.elf  > "MFM383.list"
   text	   data	    bss	    dec	    hex	filename
  16028	     12	  32916	  48956	   bf3c	MFM383.elf
Finished building: default.size.stdout
 
Finished building: MFM383.list
 
00:40:44 **** Incremental Build of configuration Debug for project MFM383 ****
make -j8 all 
arm-none-eabi-size  MFM383.elf 
   text	   data	    bss	    dec	    hex	filename
  16028	     12	  32916	  48956	   bf3c	MFM383.elf
Finished building: default.size.stdout
 
00:40:49 **** Incremental Build of configuration Debug for project MFM383 ****
make -j8 all 
arm-none-eabi-size  MFM383.elf 
   text	   data	    bss	    dec	    hex	filename
  16028	     12	  32916	  48956	   bf3c	MFM383.elf
Finished building: default.size.stdout
 
00:41:04 **** Incremental Build of configuration Debug for project MFM383 ****
make -j8 all 
arm-none-eabi-size  MFM383.elf 
   text	   data	    bss	    dec	    hex	filename
  16028	     12	  32916	  48956	   bf3c	MFM383.elf
Finished building: default.size.stdout
 
00:42:56 **** Incremental Build of configuration Debug for project MFM383 ****
make -j8 all 
arm-none-eabi-size  MFM383.elf 
   text	   data	    bss	    dec	    hex	filename
  16028	     12	  32916	  48956	   bf3c	MFM383.elf
Finished building: default.size.stdout
 
00:43:11 **** Clean-only build of configuration Debug for project MFM383 ****
make -j8 clean 
rm -rf ./Drivers/STM32F4xx_HAL_Driver/Src/stm32f4xx_hal.cyclo ./Drivers/STM32F4xx_HAL_Driver/Src/stm32f4xx_hal.d ./Drivers/STM32F4xx_HAL_Driver/Src/stm32f4xx_hal.o ./Drivers/STM32F4xx_HAL_Driver/Src/stm32f4xx_hal.su ./Drivers/STM32F4xx_HAL_Driver/Src/stm32f4xx_hal_cortex.cyclo ./Drivers/STM32F4xx_HAL_Driver/Src/stm32f4xx_hal_cortex.d ./Drivers/STM32F4xx_HAL_Driver/Src/stm32f4xx_hal_cortex.o ./Drivers/STM32F4xx_HAL_Driver/Src/stm32f4xx_hal_cortex.su ./Drivers/STM32F4xx_HAL_Driver/Src/stm32f4xx_hal_dma.cyclo ./Drivers/STM32F4xx_HAL_Driver/Src/stm32f4xx_hal_dma.d ./Drivers/STM32F4xx_HAL_Driver/Src/stm32f4xx_hal_dma.o ./Drivers/STM32F4xx_HAL_Driver/Src/stm32f4xx_hal_dma.su ./Drivers/STM32F4xx_HAL_Driver/Src/stm32f4xx_hal_dma_ex.cyclo ./Drivers/STM32F4xx_HAL_Driver/Src/stm32f4xx_hal_dma_ex.d ./Drivers/STM32F4xx_HAL_Driver/Src/stm32f4xx_hal_dma_ex.o ./Drivers/STM32F4xx_HAL_Driver/Src/stm32f4xx_hal_dma_ex.su ./Drivers/STM32F4xx_HAL_Driver/Src/stm32f4xx_hal_exti.cyclo ./Drivers/STM32F4xx_HAL_Driver/Src/stm32f4xx_hal_exti.d ./Drivers/STM32F4xx_HAL_Driver/Src/stm32f4xx_hal_exti.o ./Drivers/STM32F4xx_HAL_Driver/Src/stm32f4xx_hal_exti.su ./Drivers/STM32F4xx_HAL_Driver/Src/stm32f4xx_hal_flash.cyclo ./Drivers/STM32F4xx_HAL_Driver/Src/stm32f4xx_hal_flash.d ./Drivers/STM32F4xx_HAL_Driver/Src/stm32f4xx_hal_flash.o ./Drivers/STM32F4xx_HAL_Driver/Src/stm32f4xx_hal_flash.su ./Drivers/STM32F4xx_HAL_Driver/Src/stm32f4xx_hal_flash_ex.cyclo ./Drivers/STM32F4xx_HAL_Driver/Src/stm32f4xx_hal_flash_ex.d ./Drivers/STM32F4xx_HAL_Driver/Src/stm32f4xx_hal_flash_ex.o ./Drivers/STM32F4xx_HAL_Driver/Src/stm32f4xx_hal_flash_ex.su ./Drivers/STM32F4xx_HAL_Driver/Src/stm32f4xx_hal_flash_ramfunc.cyclo ./Drivers/STM32F4xx_HAL_Driver/Src/stm32f4xx_hal_flash_ramfunc.d ./Drivers/STM32F4xx_HAL_Driver/Src/stm32f4xx_hal_flash_ramfunc.o ./Drivers/STM32F4xx_HAL_Driver/Src/stm32f4xx_hal_flash_ramfunc.su ./Drivers/STM32F4xx_HAL_Driver/Src/stm32f4xx_hal_gpio.cyclo ./Drivers/STM32F4xx_HAL_Driver/Src/stm32f4xx_hal_gpio.d ./Drivers/STM32F4xx_HAL_Driver/Src/stm32f4xx_hal_gpio.o ./Drivers/STM32F4xx_HAL_Driver/Src/stm32f4xx_hal_gpio.su ./Drivers/STM32F4xx_HAL_Driver/Src/stm32f4xx_hal_pwr.cyclo ./Drivers/STM32F4xx_HAL_Driver/Src/stm32f4xx_hal_pwr.d ./Drivers/STM32F4xx_HAL_Driver/Src/stm32f4xx_hal_pwr.o ./Drivers/STM32F4xx_HAL_Driver/Src/stm32f4xx_hal_pwr.su ./Drivers/STM32F4xx_HAL_Driver/Src/stm32f4xx_hal_pwr_ex.cyclo ./Drivers/STM32F4xx_HAL_Driver/Src/stm32f4xx_hal_pwr_ex.d ./Drivers/STM32F4xx_HAL_Driver/Src/stm32f4xx_hal_pwr_ex.o ./Drivers/STM32F4xx_HAL_Driver/Src/stm32f4xx_hal_pwr_ex.su ./Drivers/STM32F4xx_HAL_Driver/Src/stm32f4xx_hal_rcc.cyclo ./Drivers/STM32F4xx_HAL_Driver/Src/stm32f4xx_hal_rcc.d ./Drivers/STM32F4xx_HAL_Driver/Src/stm32f4xx_hal_rcc.o ./Drivers/STM32F4xx_HAL_Driver/Src/stm32f4xx_hal_rcc.su ./Drivers/STM32F4xx_HAL_Driver/Src/stm32f4xx_hal_rcc_ex.cyclo ./Drivers/STM32F4xx_HAL_Driver/Src/stm32f4xx_hal_rcc_ex.d ./Drivers/STM32F4xx_HAL_Driver/Src/stm32f4xx_hal_rcc_ex.o ./Drivers/STM32F4xx_HAL_Driver/Src/stm32f4xx_hal_rcc_ex.su ./Drivers/STM32F4xx_HAL_Driver/Src/stm32f4xx_hal_tim.cyclo ./Drivers/STM32F4xx_HAL_Driver/Src/stm32f4xx_hal_tim.d ./Drivers/STM32F4xx_HAL_Driver/Src/stm32f4xx_hal_tim.o ./Drivers/STM32F4xx_HAL_Driver/Src/stm32f4xx_hal_tim.su ./Drivers/STM32F4xx_HAL_Driver/Src/stm32f4xx_hal_tim_ex.cyclo ./Drivers/STM32F4xx_HAL_Driver/Src/stm32f4xx_hal_tim_ex.d ./Drivers/STM32F4xx_HAL_Driver/Src/stm32f4xx_hal_tim_ex.o ./Drivers/STM32F4xx_HAL_Driver/Src/stm32f4xx_hal_tim_ex.su ./Drivers/STM32F4xx_HAL_Driver/Src/stm32f4xx_hal_uart.cyclo ./Drivers/STM32F4xx_HAL_Driver/Src/stm32f4xx_hal_uart.d ./Drivers/STM32F4xx_HAL_Driver/Src/stm32f4xx_hal_uart.o ./Drivers/STM32F4xx_HAL_Driver/Src/stm32f4xx_hal_uart.su
rm -rf ./Core/Startup/startup_stm32f407vgtx.d ./Core/Startup/startup_stm32f407vgtx.o
rm -rf ./Core/Src/main.cyclo ./Core/Src/main.d ./Core/Src/main.o ./Core/Src/main.su ./Core/Src/stm32f4xx_hal_msp.cyclo ./Core/Src/stm32f4xx_hal_msp.d ./Core/Src/stm32f4xx_hal_msp.o ./Core/Src/stm32f4xx_hal_msp.su ./Core/Src/stm32f4xx_it.cyclo ./Core/Src/stm32f4xx_it.d ./Core/Src/stm32f4xx_it.o ./Core/Src/stm32f4xx_it.su ./Core/Src/syscalls.cyclo ./Core/Src/syscalls.d ./Core/Src/syscalls.o ./Core/Src/syscalls.su ./Core/Src/sysmem.cyclo ./Core/Src/sysmem.d ./Core/Src/sysmem.o ./Core/Src/sysmem.su ./Core/Src/system_stm32f4xx.cyclo ./Core/Src/system_stm32f4xx.d ./Core/Src/system_stm32f4xx.o ./Core/Src/system_stm32f4xx.su
rm -rf MFM383.elf MFM383.list MFM383.map default.size.stdout
rm: can't remove 'MFM383.elf': Permission denied
make: [makefile:80: clean] Error 1 (ignored)
 
00:43:12 **** Build of configuration Debug for project MFM383 ****
make -j8 all 
arm-none-eabi-gcc "../Drivers/STM32F4xx_HAL_Driver/Src/stm32f4xx_hal.c" -mcpu=cortex-m4 -std=gnu11 -g3 -DDEBUG -DUSE_HAL_DRIVER -DSTM32F407xx -c -I../Core/Inc -I../Drivers/STM32F4xx_HAL_Driver/Inc -I../Drivers/STM32F4xx_HAL_Driver/Inc/Legacy -I../Drivers/CMSIS/Device/ST/STM32F4xx/Include -I../Drivers/CMSIS/Include -O0 -ffunction-sections -fdata-sections -Wall -fstack-usage -fcyclomatic-complexity -MMD -MP -MF"Drivers/STM32F4xx_HAL_Driver/Src/stm32f4xx_hal.d" -MT"Drivers/STM32F4xx_HAL_Driver/Src/stm32f4xx_hal.o" --specs=nano.specs -mfpu=fpv4-sp-d16 -mfloat-abi=hard -mthumb -o "Drivers/STM32F4xx_HAL_Driver/Src/stm32f4xx_hal.o"
arm-none-eabi-gcc "../Drivers/STM32F4xx_HAL_Driver/Src/stm32f4xx_hal_cortex.c" -mcpu=cortex-m4 -std=gnu11 -g3 -DDEBUG -DUSE_HAL_DRIVER -DSTM32F407xx -c -I../Core/Inc -I../Drivers/STM32F4xx_HAL_Driver/Inc -I../Drivers/STM32F4xx_HAL_Driver/Inc/Legacy -I../Drivers/CMSIS/Device/ST/STM32F4xx/Include -I../Drivers/CMSIS/Include -O0 -ffunction-sections -fdata-sections -Wall -fstack-usage -fcyclomatic-complexity -MMD -MP -MF"Drivers/STM32F4xx_HAL_Driver/Src/stm32f4xx_hal_cortex.d" -MT"Drivers/STM32F4xx_HAL_Driver/Src/stm32f4xx_hal_cortex.o" --specs=nano.specs -mfpu=fpv4-sp-d16 -mfloat-abi=hard -mthumb -o "Drivers/STM32F4xx_HAL_Driver/Src/stm32f4xx_hal_cortex.o"
arm-none-eabi-gcc "../Drivers/STM32F4xx_HAL_Driver/Src/stm32f4xx_hal_dma.c" -mcpu=cortex-m4 -std=gnu11 -g3 -DDEBUG -DUSE_HAL_DRIVER -DSTM32F407xx -c -I../Core/Inc -I../Drivers/STM32F4xx_HAL_Driver/Inc -I../Drivers/STM32F4xx_HAL_Driver/Inc/Legacy -I../Drivers/CMSIS/Device/ST/STM32F4xx/Include -I../Drivers/CMSIS/Include -O0 -ffunction-sections -fdata-sections -Wall -fstack-usage -fcyclomatic-complexity -MMD -MP -MF"Drivers/STM32F4xx_HAL_Driver/Src/stm32f4xx_hal_dma.d" -MT"Drivers/STM32F4xx_HAL_Driver/Src/stm32f4xx_hal_dma.o" --specs=nano.specs -mfpu=fpv4-sp-d16 -mfloat-abi=hard -mthumb -o "Drivers/STM32F4xx_HAL_Driver/Src/stm32f4xx_hal_dma.o"
arm-none-eabi-gcc "../Drivers/STM32F4xx_HAL_Driver/Src/stm32f4xx_hal_dma_ex.c" -mcpu=cortex-m4 -std=gnu11 -g3 -DDEBUG -DUSE_HAL_DRIVER -DSTM32F407xx -c -I../Core/Inc -I../Drivers/STM32F4xx_HAL_Driver/Inc -I../Drivers/STM32F4xx_HAL_Driver/Inc/Legacy -I../Drivers/CMSIS/Device/ST/STM32F4xx/Include -I../Drivers/CMSIS/Include -O0 -ffunction-sections -fdata-sections -Wall -fstack-usage -fcyclomatic-complexity -MMD -MP -MF"Drivers/STM32F4xx_HAL_Driver/Src/stm32f4xx_hal_dma_ex.d" -MT"Drivers/STM32F4xx_HAL_Driver/Src/stm32f4xx_hal_dma_ex.o" --specs=nano.specs -mfpu=fpv4-sp-d16 -mfloat-abi=hard -mthumb -o "Drivers/STM32F4xx_HAL_Driver/Src/stm32f4xx_hal_dma_ex.o"
arm-none-eabi-gcc "../Drivers/STM32F4xx_HAL_Driver/Src/stm32f4xx_hal_exti.c" -mcpu=cortex-m4 -std=gnu11 -g3 -DDEBUG -DUSE_HAL_DRIVER -DSTM32F407xx -c -I../Core/Inc -I../Drivers/STM32F4xx_HAL_Driver/Inc -I../Drivers/STM32F4xx_HAL_Driver/Inc/Legacy -I../Drivers/CMSIS/Device/ST/STM32F4xx/Include -I../Drivers/CMSIS/Include -O0 -ffunction-sections -fdata-sections -Wall -fstack-usage -fcyclomatic-complexity -MMD -MP -MF"Drivers/STM32F4xx_HAL_Driver/Src/stm32f4xx_hal_exti.d" -MT"Drivers/STM32F4xx_HAL_Driver/Src/stm32f4xx_hal_exti.o" --specs=nano.specs -mfpu=fpv4-sp-d16 -mfloat-abi=hard -mthumb -o "Drivers/STM32F4xx_HAL_Driver/Src/stm32f4xx_hal_exti.o"
arm-none-eabi-gcc "../Drivers/STM32F4xx_HAL_Driver/Src/stm32f4xx_hal_flash.c" -mcpu=cortex-m4 -std=gnu11 -g3 -DDEBUG -DUSE_HAL_DRIVER -DSTM32F407xx -c -I../Core/Inc -I../Drivers/STM32F4xx_HAL_Driver/Inc -I../Drivers/STM32F4xx_HAL_Driver/Inc/Legacy -I../Drivers/CMSIS/Device/ST/STM32F4xx/Include -I../Drivers/CMSIS/Include -O0 -ffunction-sections -fdata-sections -Wall -fstack-usage -fcyclomatic-complexity -MMD -MP -MF"Drivers/STM32F4xx_HAL_Driver/Src/stm32f4xx_hal_flash.d" -MT"Drivers/STM32F4xx_HAL_Driver/Src/stm32f4xx_hal_flash.o" --specs=nano.specs -mfpu=fpv4-sp-d16 -mfloat-abi=hard -mthumb -o "Drivers/STM32F4xx_HAL_Driver/Src/stm32f4xx_hal_flash.o"
arm-none-eabi-gcc "../Drivers/STM32F4xx_HAL_Driver/Src/stm32f4xx_hal_flash_ex.c" -mcpu=cortex-m4 -std=gnu11 -g3 -DDEBUG -DUSE_HAL_DRIVER -DSTM32F407xx -c -I../Core/Inc -I../Drivers/STM32F4xx_HAL_Driver/Inc -I../Drivers/STM32F4xx_HAL_Driver/Inc/Legacy -I../Drivers/CMSIS/Device/ST/STM32F4xx/Include -I../Drivers/CMSIS/Include -O0 -ffunction-sections -fdata-sections -Wall -fstack-usage -fcyclomatic-complexity -MMD -MP -MF"Drivers/STM32F4xx_HAL_Driver/Src/stm32f4xx_hal_flash_ex.d" -MT"Drivers/STM32F4xx_HAL_Driver/Src/stm32f4xx_hal_flash_ex.o" --specs=nano.specs -mfpu=fpv4-sp-d16 -mfloat-abi=hard -mthumb -o "Drivers/STM32F4xx_HAL_Driver/Src/stm32f4xx_hal_flash_ex.o"
arm-none-eabi-gcc "../Drivers/STM32F4xx_HAL_Driver/Src/stm32f4xx_hal_flash_ramfunc.c" -mcpu=cortex-m4 -std=gnu11 -g3 -DDEBUG -DUSE_HAL_DRIVER -DSTM32F407xx -c -I../Core/Inc -I../Drivers/STM32F4xx_HAL_Driver/Inc -I../Drivers/STM32F4xx_HAL_Driver/Inc/Legacy -I../Drivers/CMSIS/Device/ST/STM32F4xx/Include -I../Drivers/CMSIS/Include -O0 -ffunction-sections -fdata-sections -Wall -fstack-usage -fcyclomatic-complexity -MMD -MP -MF"Drivers/STM32F4xx_HAL_Driver/Src/stm32f4xx_hal_flash_ramfunc.d" -MT"Drivers/STM32F4xx_HAL_Driver/Src/stm32f4xx_hal_flash_ramfunc.o" --specs=nano.specs -mfpu=fpv4-sp-d16 -mfloat-abi=hard -mthumb -o "Drivers/STM32F4xx_HAL_Driver/Src/stm32f4xx_hal_flash_ramfunc.o"
arm-none-eabi-gcc "../Drivers/STM32F4xx_HAL_Driver/Src/stm32f4xx_hal_gpio.c" -mcpu=cortex-m4 -std=gnu11 -g3 -DDEBUG -DUSE_HAL_DRIVER -DSTM32F407xx -c -I../Core/Inc -I../Drivers/STM32F4xx_HAL_Driver/Inc -I../Drivers/STM32F4xx_HAL_Driver/Inc/Legacy -I../Drivers/CMSIS/Device/ST/STM32F4xx/Include -I../Drivers/CMSIS/Include -O0 -ffunction-sections -fdata-sections -Wall -fstack-usage -fcyclomatic-complexity -MMD -MP -MF"Drivers/STM32F4xx_HAL_Driver/Src/stm32f4xx_hal_gpio.d" -MT"Drivers/STM32F4xx_HAL_Driver/Src/stm32f4xx_hal_gpio.o" --specs=nano.specs -mfpu=fpv4-sp-d16 -mfloat-abi=hard -mthumb -o "Drivers/STM32F4xx_HAL_Driver/Src/stm32f4xx_hal_gpio.o"
arm-none-eabi-gcc "../Drivers/STM32F4xx_HAL_Driver/Src/stm32f4xx_hal_pwr.c" -mcpu=cortex-m4 -std=gnu11 -g3 -DDEBUG -DUSE_HAL_DRIVER -DSTM32F407xx -c -I../Core/Inc -I../Drivers/STM32F4xx_HAL_Driver/Inc -I../Drivers/STM32F4xx_HAL_Driver/Inc/Legacy -I../Drivers/CMSIS/Device/ST/STM32F4xx/Include -I../Drivers/CMSIS/Include -O0 -ffunction-sections -fdata-sections -Wall -fstack-usage -fcyclomatic-complexity -MMD -MP -MF"Drivers/STM32F4xx_HAL_Driver/Src/stm32f4xx_hal_pwr.d" -MT"Drivers/STM32F4xx_HAL_Driver/Src/stm32f4xx_hal_pwr.o" --specs=nano.specs -mfpu=fpv4-sp-d16 -mfloat-abi=hard -mthumb -o "Drivers/STM32F4xx_HAL_Driver/Src/stm32f4xx_hal_pwr.o"
arm-none-eabi-gcc "../Drivers/STM32F4xx_HAL_Driver/Src/stm32f4xx_hal_pwr_ex.c" -mcpu=cortex-m4 -std=gnu11 -g3 -DDEBUG -DUSE_HAL_DRIVER -DSTM32F407xx -c -I../Core/Inc -I../Drivers/STM32F4xx_HAL_Driver/Inc -I../Drivers/STM32F4xx_HAL_Driver/Inc/Legacy -I../Drivers/CMSIS/Device/ST/STM32F4xx/Include -I../Drivers/CMSIS/Include -O0 -ffunction-sections -fdata-sections -Wall -fstack-usage -fcyclomatic-complexity -MMD -MP -MF"Drivers/STM32F4xx_HAL_Driver/Src/stm32f4xx_hal_pwr_ex.d" -MT"Drivers/STM32F4xx_HAL_Driver/Src/stm32f4xx_hal_pwr_ex.o" --specs=nano.specs -mfpu=fpv4-sp-d16 -mfloat-abi=hard -mthumb -o "Drivers/STM32F4xx_HAL_Driver/Src/stm32f4xx_hal_pwr_ex.o"
arm-none-eabi-gcc "../Drivers/STM32F4xx_HAL_Driver/Src/stm32f4xx_hal_rcc.c" -mcpu=cortex-m4 -std=gnu11 -g3 -DDEBUG -DUSE_HAL_DRIVER -DSTM32F407xx -c -I../Core/Inc -I../Drivers/STM32F4xx_HAL_Driver/Inc -I../Drivers/STM32F4xx_HAL_Driver/Inc/Legacy -I../Drivers/CMSIS/Device/ST/STM32F4xx/Include -I../Drivers/CMSIS/Include -O0 -ffunction-sections -fdata-sections -Wall -fstack-usage -fcyclomatic-complexity -MMD -MP -MF"Drivers/STM32F4xx_HAL_Driver/Src/stm32f4xx_hal_rcc.d" -MT"Drivers/STM32F4xx_HAL_Driver/Src/stm32f4xx_hal_rcc.o" --specs=nano.specs -mfpu=fpv4-sp-d16 -mfloat-abi=hard -mthumb -o "Drivers/STM32F4xx_HAL_Driver/Src/stm32f4xx_hal_rcc.o"
arm-none-eabi-gcc "../Drivers/STM32F4xx_HAL_Driver/Src/stm32f4xx_hal_rcc_ex.c" -mcpu=cortex-m4 -std=gnu11 -g3 -DDEBUG -DUSE_HAL_DRIVER -DSTM32F407xx -c -I../Core/Inc -I../Drivers/STM32F4xx_HAL_Driver/Inc -I../Drivers/STM32F4xx_HAL_Driver/Inc/Legacy -I../Drivers/CMSIS/Device/ST/STM32F4xx/Include -I../Drivers/CMSIS/Include -O0 -ffunction-sections -fdata-sections -Wall -fstack-usage -fcyclomatic-complexity -MMD -MP -MF"Drivers/STM32F4xx_HAL_Driver/Src/stm32f4xx_hal_rcc_ex.d" -MT"Drivers/STM32F4xx_HAL_Driver/Src/stm32f4xx_hal_rcc_ex.o" --specs=nano.specs -mfpu=fpv4-sp-d16 -mfloat-abi=hard -mthumb -o "Drivers/STM32F4xx_HAL_Driver/Src/stm32f4xx_hal_rcc_ex.o"
arm-none-eabi-gcc "../Drivers/STM32F4xx_HAL_Driver/Src/stm32f4xx_hal_tim.c" -mcpu=cortex-m4 -std=gnu11 -g3 -DDEBUG -DUSE_HAL_DRIVER -DSTM32F407xx -c -I../Core/Inc -I../Drivers/STM32F4xx_HAL_Driver/Inc -I../Drivers/STM32F4xx_HAL_Driver/Inc/Legacy -I../Drivers/CMSIS/Device/ST/STM32F4xx/Include -I../Drivers/CMSIS/Include -O0 -ffunction-sections -fdata-sections -Wall -fstack-usage -fcyclomatic-complexity -MMD -MP -MF"Drivers/STM32F4xx_HAL_Driver/Src/stm32f4xx_hal_tim.d" -MT"Drivers/STM32F4xx_HAL_Driver/Src/stm32f4xx_hal_tim.o" --specs=nano.specs -mfpu=fpv4-sp-d16 -mfloat-abi=hard -mthumb -o "Drivers/STM32F4xx_HAL_Driver/Src/stm32f4xx_hal_tim.o"
arm-none-eabi-gcc "../Drivers/STM32F4xx_HAL_Driver/Src/stm32f4xx_hal_tim_ex.c" -mcpu=cortex-m4 -std=gnu11 -g3 -DDEBUG -DUSE_HAL_DRIVER -DSTM32F407xx -c -I../Core/Inc -I../Drivers/STM32F4xx_HAL_Driver/Inc -I../Drivers/STM32F4xx_HAL_Driver/Inc/Legacy -I../Drivers/CMSIS/Device/ST/STM32F4xx/Include -I../Drivers/CMSIS/Include -O0 -ffunction-sections -fdata-sections -Wall -fstack-usage -fcyclomatic-complexity -MMD -MP -MF"Drivers/STM32F4xx_HAL_Driver/Src/stm32f4xx_hal_tim_ex.d" -MT"Drivers/STM32F4xx_HAL_Driver/Src/stm32f4xx_hal_tim_ex.o" --specs=nano.specs -mfpu=fpv4-sp-d16 -mfloat-abi=hard -mthumb -o "Drivers/STM32F4xx_HAL_Driver/Src/stm32f4xx_hal_tim_ex.o"
arm-none-eabi-gcc "../Drivers/STM32F4xx_HAL_Driver/Src/stm32f4xx_hal_uart.c" -mcpu=cortex-m4 -std=gnu11 -g3 -DDEBUG -DUSE_HAL_DRIVER -DSTM32F407xx -c -I../Core/Inc -I../Drivers/STM32F4xx_HAL_Driver/Inc -I../Drivers/STM32F4xx_HAL_Driver/Inc/Legacy -I../Drivers/CMSIS/Device/ST/STM32F4xx/Include -I../Drivers/CMSIS/Include -O0 -ffunction-sections -fdata-sections -Wall -fstack-usage -fcyclomatic-complexity -MMD -MP -MF"Drivers/STM32F4xx_HAL_Driver/Src/stm32f4xx_hal_uart.d" -MT"Drivers/STM32F4xx_HAL_Driver/Src/stm32f4xx_hal_uart.o" --specs=nano.specs -mfpu=fpv4-sp-d16 -mfloat-abi=hard -mthumb -o "Drivers/STM32F4xx_HAL_Driver/Src/stm32f4xx_hal_uart.o"
arm-none-eabi-gcc -mcpu=cortex-m4 -g3 -DDEBUG -c -x assembler-with-cpp -MMD -MP -MF"Core/Startup/startup_stm32f407vgtx.d" -MT"Core/Startup/startup_stm32f407vgtx.o" --specs=nano.specs -mfpu=fpv4-sp-d16 -mfloat-abi=hard -mthumb -o "Core/Startup/startup_stm32f407vgtx.o" "../Core/Startup/startup_stm32f407vgtx.s"
arm-none-eabi-gcc "../Core/Src/main.c" -mcpu=cortex-m4 -std=gnu11 -g3 -DDEBUG -DUSE_HAL_DRIVER -DSTM32F407xx -c -I../Core/Inc -I../Drivers/STM32F4xx_HAL_Driver/Inc -I../Drivers/STM32F4xx_HAL_Driver/Inc/Legacy -I../Drivers/CMSIS/Device/ST/STM32F4xx/Include -I../Drivers/CMSIS/Include -O0 -ffunction-sections -fdata-sections -Wall -fstack-usage -fcyclomatic-complexity -MMD -MP -MF"Core/Src/main.d" -MT"Core/Src/main.o" --specs=nano.specs -mfpu=fpv4-sp-d16 -mfloat-abi=hard -mthumb -o "Core/Src/main.o"
arm-none-eabi-gcc "../Core/Src/stm32f4xx_hal_msp.c" -mcpu=cortex-m4 -std=gnu11 -g3 -DDEBUG -DUSE_HAL_DRIVER -DSTM32F407xx -c -I../Core/Inc -I../Drivers/STM32F4xx_HAL_Driver/Inc -I../Drivers/STM32F4xx_HAL_Driver/Inc/Legacy -I../Drivers/CMSIS/Device/ST/STM32F4xx/Include -I../Drivers/CMSIS/Include -O0 -ffunction-sections -fdata-sections -Wall -fstack-usage -fcyclomatic-complexity -MMD -MP -MF"Core/Src/stm32f4xx_hal_msp.d" -MT"Core/Src/stm32f4xx_hal_msp.o" --specs=nano.specs -mfpu=fpv4-sp-d16 -mfloat-abi=hard -mthumb -o "Core/Src/stm32f4xx_hal_msp.o"
arm-none-eabi-gcc "../Core/Src/stm32f4xx_it.c" -mcpu=cortex-m4 -std=gnu11 -g3 -DDEBUG -DUSE_HAL_DRIVER -DSTM32F407xx -c -I../Core/Inc -I../Drivers/STM32F4xx_HAL_Driver/Inc -I../Drivers/STM32F4xx_HAL_Driver/Inc/Legacy -I../Drivers/CMSIS/Device/ST/STM32F4xx/Include -I../Drivers/CMSIS/Include -O0 -ffunction-sections -fdata-sections -Wall -fstack-usage -fcyclomatic-complexity -MMD -MP -MF"Core/Src/stm32f4xx_it.d" -MT"Core/Src/stm32f4xx_it.o" --specs=nano.specs -mfpu=fpv4-sp-d16 -mfloat-abi=hard -mthumb -o "Core/Src/stm32f4xx_it.o"
arm-none-eabi-gcc "../Core/Src/syscalls.c" -mcpu=cortex-m4 -std=gnu11 -g3 -DDEBUG -DUSE_HAL_DRIVER -DSTM32F407xx -c -I../Core/Inc -I../Drivers/STM32F4xx_HAL_Driver/Inc -I../Drivers/STM32F4xx_HAL_Driver/Inc/Legacy -I../Drivers/CMSIS/Device/ST/STM32F4xx/Include -I../Drivers/CMSIS/Include -O0 -ffunction-sections -fdata-sections -Wall -fstack-usage -fcyclomatic-complexity -MMD -MP -MF"Core/Src/syscalls.d" -MT"Core/Src/syscalls.o" --specs=nano.specs -mfpu=fpv4-sp-d16 -mfloat-abi=hard -mthumb -o "Core/Src/syscalls.o"
arm-none-eabi-gcc "../Core/Src/sysmem.c" -mcpu=cortex-m4 -std=gnu11 -g3 -DDEBUG -DUSE_HAL_DRIVER -DSTM32F407xx -c -I../Core/Inc -I../Drivers/STM32F4xx_HAL_Driver/Inc -I../Drivers/STM32F4xx_HAL_Driver/Inc/Legacy -I../Drivers/CMSIS/Device/ST/STM32F4xx/Include -I../Drivers/CMSIS/Include -O0 -ffunction-sections -fdata-sections -Wall -fstack-usage -fcyclomatic-complexity -MMD -MP -MF"Core/Src/sysmem.d" -MT"Core/Src/sysmem.o" --specs=nano.specs -mfpu=fpv4-sp-d16 -mfloat-abi=hard -mthumb -o "Core/Src/sysmem.o"
arm-none-eabi-gcc "../Core/Src/system_stm32f4xx.c" -mcpu=cortex-m4 -std=gnu11 -g3 -DDEBUG -DUSE_HAL_DRIVER -DSTM32F407xx -c -I../Core/Inc -I../Drivers/STM32F4xx_HAL_Driver/Inc -I../Drivers/STM32F4xx_HAL_Driver/Inc/Legacy -I../Drivers/CMSIS/Device/ST/STM32F4xx/Include -I../Drivers/CMSIS/Include -O0 -ffunction-sections -fdata-sections -Wall -fstack-usage -fcyclomatic-complexity -MMD -MP -MF"Core/Src/system_stm32f4xx.d" -MT"Core/Src/system_stm32f4xx.o" --specs=nano.specs -mfpu=fpv4-sp-d16 -mfloat-abi=hard -mthumb -o "Core/Src/system_stm32f4xx.o"
arm-none-eabi-gcc -o "MFM383.elf" @"objects.list"   -mcpu=cortex-m4 -T"D:\Project_2026\Modbud_MFM383A-C\Source\MFM383_ProjectRs485\STM32F407VGT\MFM383\STM32F407VGTX_FLASH.ld" --specs=nosys.specs -Wl,-Map="MFM383.map" -Wl,--gc-sections -static --specs=nano.specs -mfpu=fpv4-sp-d16 -mfloat-abi=hard -mthumb -Wl,--start-group -lc -lm -Wl,--end-group
Finished building target: MFM383.elf
 
arm-none-eabi-size  MFM383.elf 
arm-none-eabi-objdump -h -S MFM383.elf  > "MFM383.list"
   text	   data	    bss	    dec	    hex	filename
  16028	     12	  32916	  48956	   bf3c	MFM383.elf
Finished building: default.size.stdout
 
Finished building: MFM383.list
 
00:43:21 **** Incremental Build of configuration Debug for project MFM383 ****
make -j8 all 
arm-none-eabi-size  MFM383.elf 
   text	   data	    bss	    dec	    hex	filename
  16028	     12	  32916	  48956	   bf3c	MFM383.elf
Finished building: default.size.stdout
 
00:43:27 **** Incremental Build of configuration Debug for project MFM383 ****
make -j8 all 
arm-none-eabi-size  MFM383.elf 
   text	   data	    bss	    dec	    hex	filename
  16028	     12	  32916	  48956	   bf3c	MFM383.elf
Finished building: default.size.stdout
 
00:43:30 **** Incremental Build of configuration Debug for project MFM383 ****
make -j8 all 
arm-none-eabi-size  MFM383.elf 
   text	   data	    bss	    dec	    hex	filename
  16028	     12	  32916	  48956	   bf3c	MFM383.elf
Finished building: default.size.stdout
 
00:45:32 **** Incremental Build of configuration Debug for project MFM383 ****
make -j8 all 
arm-none-eabi-gcc "../Core/Src/main.c" -mcpu=cortex-m4 -std=gnu11 -g3 -DDEBUG -DUSE_HAL_DRIVER -DSTM32F407xx -c -I../Core/Inc -I../Drivers/STM32F4xx_HAL_Driver/Inc -I../Drivers/STM32F4xx_HAL_Driver/Inc/Legacy -I../Drivers/CMSIS/Device/ST/STM32F4xx/Include -I../Drivers/CMSIS/Include -O0 -ffunction-sections -fdata-sections -Wall -fstack-usage -fcyclomatic-complexity -MMD -MP -MF"Core/Src/main.d" -MT"Core/Src/main.o" --specs=nano.specs -mfpu=fpv4-sp-d16 -mfloat-abi=hard -mthumb -o "Core/Src/main.o"
arm-none-eabi-gcc -o "MFM383.elf" @"objects.list"   -mcpu=cortex-m4 -T"D:\Project_2026\Modbud_MFM383A-C\Source\MFM383_ProjectRs485\STM32F407VGT\MFM383\STM32F407VGTX_FLASH.ld" --specs=nosys.specs -Wl,-Map="MFM383.map" -Wl,--gc-sections -static --specs=nano.specs -mfpu=fpv4-sp-d16 -mfloat-abi=hard -mthumb -Wl,--start-group -lc -lm -Wl,--end-group
Finished building target: MFM383.elf
 
arm-none-eabi-size  MFM383.elf 
arm-none-eabi-objdump -h -S MFM383.elf  > "MFM383.list"
   text	   data	    bss	    dec	    hex	filename
  16028	     12	  32916	  48956	   bf3c	MFM383.elf
Finished building: default.size.stdout
 
Finished building: MFM383.list
 
00:45:37 **** Incremental Build of configuration Debug for project MFM383 ****
make -j8 all 
arm-none-eabi-size  MFM383.elf 
   text	   data	    bss	    dec	    hex	filename
  16028	     12	  32916	  48956	   bf3c	MFM383.elf
Finished building: default.size.stdout
 
00:46:57 **** Incremental Build of configuration Debug for project MFM383 ****
make -j8 all 
arm-none-eabi-gcc "../Core/Src/main.c" -mcpu=cortex-m4 -std=gnu11 -g3 -DDEBUG -DUSE_HAL_DRIVER -DSTM32F407xx -c -I../Core/Inc -I../Drivers/STM32F4xx_HAL_Driver/Inc -I../Drivers/STM32F4xx_HAL_Driver/Inc/Legacy -I../Drivers/CMSIS/Device/ST/STM32F4xx/Include -I../Drivers/CMSIS/Include -O0 -ffunction-sections -fdata-sections -Wall -fstack-usage -fcyclomatic-complexity -MMD -MP -MF"Core/Src/main.d" -MT"Core/Src/main.o" --specs=nano.specs -mfpu=fpv4-sp-d16 -mfloat-abi=hard -mthumb -o "Core/Src/main.o"
arm-none-eabi-gcc -o "MFM383.elf" @"objects.list"   -mcpu=cortex-m4 -T"D:\Project_2026\Modbud_MFM383A-C\Source\MFM383_ProjectRs485\STM32F407VGT\MFM383\STM32F407VGTX_FLASH.ld" --specs=nosys.specs -Wl,-Map="MFM383.map" -Wl,--gc-sections -static --specs=nano.specs -mfpu=fpv4-sp-d16 -mfloat-abi=hard -mthumb -Wl,--start-group -lc -lm -Wl,--end-group
Finished building target: MFM383.elf
 
arm-none-eabi-size  MFM383.elf 
arm-none-eabi-objdump -h -S MFM383.elf  > "MFM383.list"
   text	   data	    bss	    dec	    hex	filename
  16024	     12	  32916	  48952	   bf38	MFM383.elf
Finished building: default.size.stdout
 
Finished building: MFM383.list
 
00:47:59 **** Incremental Build of configuration Debug for project MFM383 ****
make -j8 all 
arm-none-eabi-gcc "../Core/Src/main.c" -mcpu=cortex-m4 -std=gnu11 -g3 -DDEBUG -DUSE_HAL_DRIVER -DSTM32F407xx -c -I../Core/Inc -I../Drivers/STM32F4xx_HAL_Driver/Inc -I../Drivers/STM32F4xx_HAL_Driver/Inc/Legacy -I../Drivers/CMSIS/Device/ST/STM32F4xx/Include -I../Drivers/CMSIS/Include -O0 -ffunction-sections -fdata-sections -Wall -fstack-usage -fcyclomatic-complexity -MMD -MP -MF"Core/Src/main.d" -MT"Core/Src/main.o" --specs=nano.specs -mfpu=fpv4-sp-d16 -mfloat-abi=hard -mthumb -o "Core/Src/main.o"
arm-none-eabi-gcc -o "MFM383.elf" @"objects.list"   -mcpu=cortex-m4 -T"D:\Project_2026\Modbud_MFM383A-C\Source\MFM383_ProjectRs485\STM32F407VGT\MFM383\STM32F407VGTX_FLASH.ld" --specs=nosys.specs -Wl,-Map="MFM383.map" -Wl,--gc-sections -static --specs=nano.specs -mfpu=fpv4-sp-d16 -mfloat-abi=hard -mthumb -Wl,--start-group -lc -lm -Wl,--end-group
Finished building target: MFM383.elf
 
arm-none-eabi-size  MFM383.elf 
arm-none-eabi-objdump -h -S MFM383.elf  > "MFM383.list"
   text	   data	    bss	    dec	    hex	filename
  16024	     12	  32916	  48952	   bf38	MFM383.elf
Finished building: default.size.stdout
 
Finished building: MFM383.list
 
00:48:03 **** Incremental Build of configuration Debug for project MFM383 ****
make -j8 all 
arm-none-eabi-size  MFM383.elf 
   text	   data	    bss	    dec	    hex	filename
  16024	     12	  32916	  48952	   bf38	MFM383.elf
Finished building: default.size.stdout
 
00:50:07 **** Incremental Build of configuration Debug for project MFM383 ****
make -j8 all 
arm-none-eabi-gcc "../Core/Src/main.c" -mcpu=cortex-m4 -std=gnu11 -g3 -DDEBUG -DUSE_HAL_DRIVER -DSTM32F407xx -c -I../Core/Inc -I../Drivers/STM32F4xx_HAL_Driver/Inc -I../Drivers/STM32F4xx_HAL_Driver/Inc/Legacy -I../Drivers/CMSIS/Device/ST/STM32F4xx/Include -I../Drivers/CMSIS/Include -O0 -ffunction-sections -fdata-sections -Wall -fstack-usage -fcyclomatic-complexity -MMD -MP -MF"Core/Src/main.d" -MT"Core/Src/main.o" --specs=nano.specs -mfpu=fpv4-sp-d16 -mfloat-abi=hard -mthumb -o "Core/Src/main.o"
arm-none-eabi-gcc -o "MFM383.elf" @"objects.list"   -mcpu=cortex-m4 -T"D:\Project_2026\Modbud_MFM383A-C\Source\MFM383_ProjectRs485\STM32F407VGT\MFM383\STM32F407VGTX_FLASH.ld" --specs=nosys.specs -Wl,-Map="MFM383.map" -Wl,--gc-sections -static --specs=nano.specs -mfpu=fpv4-sp-d16 -mfloat-abi=hard -mthumb -Wl,--start-group -lc -lm -Wl,--end-group
Finished building target: MFM383.elf
 
arm-none-eabi-size  MFM383.elf 
arm-none-eabi-objdump -h -S MFM383.elf  > "MFM383.list"
   text	   data	    bss	    dec	    hex	filename
  16036	     12	  32916	  48964	   bf44	MFM383.elf
Finished building: default.size.stdout
 
Finished building: MFM383.list
 
00:50:12 **** Incremental Build of configuration Debug for project MFM383 ****
make -j8 all 
arm-none-eabi-size  MFM383.elf 
   text	   data	    bss	    dec	    hex	filename
  16036	     12	  32916	  48964	   bf44	MFM383.elf
Finished building: default.size.stdout
 
00:51:03 **** Incremental Build of configuration Debug for project MFM383 ****
make -j8 all 
arm-none-eabi-gcc "../Core/Src/main.c" -mcpu=cortex-m4 -std=gnu11 -g3 -DDEBUG -DUSE_HAL_DRIVER -DSTM32F407xx -c -I../Core/Inc -I../Drivers/STM32F4xx_HAL_Driver/Inc -I../Drivers/STM32F4xx_HAL_Driver/Inc/Legacy -I../Drivers/CMSIS/Device/ST/STM32F4xx/Include -I../Drivers/CMSIS/Include -O0 -ffunction-sections -fdata-sections -Wall -fstack-usage -fcyclomatic-complexity -MMD -MP -MF"Core/Src/main.d" -MT"Core/Src/main.o" --specs=nano.specs -mfpu=fpv4-sp-d16 -mfloat-abi=hard -mthumb -o "Core/Src/main.o"
arm-none-eabi-gcc -o "MFM383.elf" @"objects.list"   -mcpu=cortex-m4 -T"D:\Project_2026\Modbud_MFM383A-C\Source\MFM383_ProjectRs485\STM32F407VGT\MFM383\STM32F407VGTX_FLASH.ld" --specs=nosys.specs -Wl,-Map="MFM383.map" -Wl,--gc-sections -static --specs=nano.specs -mfpu=fpv4-sp-d16 -mfloat-abi=hard -mthumb -Wl,--start-group -lc -lm -Wl,--end-group
Finished building target: MFM383.elf
 
arm-none-eabi-size  MFM383.elf 
arm-none-eabi-objdump -h -S MFM383.elf  > "MFM383.list"
   text	   data	    bss	    dec	    hex	filename
  16036	     12	  32916	  48964	   bf44	MFM383.elf
Finished building: default.size.stdout
 
Finished building: MFM383.list
 
00:51:07 **** Incremental Build of configuration Debug for project MFM383 ****
make -j8 all 
arm-none-eabi-size  MFM383.elf 
   text	   data	    bss	    dec	    hex	filename
  16036	     12	  32916	  48964	   bf44	MFM383.elf
Finished building: default.size.stdout
 
00:51:52 **** Incremental Build of configuration Debug for project MFM383 ****
make -j8 all 
arm-none-eabi-size  MFM383.elf 
   text	   data	    bss	    dec	    hex	filename
  16036	     12	  32916	  48964	   bf44	MFM383.elf
Finished building: default.size.stdout
 
00:54:03 **** Incremental Build of configuration Debug for project MFM383 ****
make -j8 all 
arm-none-eabi-gcc "../Core/Src/main.c" -mcpu=cortex-m4 -std=gnu11 -g3 -DDEBUG -DUSE_HAL_DRIVER -DSTM32F407xx -c -I../Core/Inc -I../Drivers/STM32F4xx_HAL_Driver/Inc -I../Drivers/STM32F4xx_HAL_Driver/Inc/Legacy -I../Drivers/CMSIS/Device/ST/STM32F4xx/Include -I../Drivers/CMSIS/Include -O0 -ffunction-sections -fdata-sections -Wall -fstack-usage -fcyclomatic-complexity -MMD -MP -MF"Core/Src/main.d" -MT"Core/Src/main.o" --specs=nano.specs -mfpu=fpv4-sp-d16 -mfloat-abi=hard -mthumb -o "Core/Src/main.o"
arm-none-eabi-gcc -o "MFM383.elf" @"objects.list"   -mcpu=cortex-m4 -T"D:\Project_2026\Modbud_MFM383A-C\Source\MFM383_ProjectRs485\STM32F407VGT\MFM383\STM32F407VGTX_FLASH.ld" --specs=nosys.specs -Wl,-Map="MFM383.map" -Wl,--gc-sections -static --specs=nano.specs -mfpu=fpv4-sp-d16 -mfloat-abi=hard -mthumb -Wl,--start-group -lc -lm -Wl,--end-group
Finished building target: MFM383.elf
 
arm-none-eabi-size  MFM383.elf 
arm-none-eabi-objdump -h -S MFM383.elf  > "MFM383.list"
   text	   data	    bss	    dec	    hex	filename
  16768	     12	  33428	  50208	   c420	MFM383.elf
Finished building: default.size.stdout
 
Finished building: MFM383.list
 
00:54:07 **** Incremental Build of configuration Debug for project MFM383 ****
make -j8 all 
arm-none-eabi-size  MFM383.elf 
   text	   data	    bss	    dec	    hex	filename
  16768	     12	  33428	  50208	   c420	MFM383.elf
Finished building: default.size.stdout
 
00:54:21 **** Incremental Build of configuration Debug for project MFM383 ****
make -j8 all 
arm-none-eabi-size  MFM383.elf 
   text	   data	    bss	    dec	    hex	filename
  16768	     12	  33428	  50208	   c420	MFM383.elf
Finished building: default.size.stdout
 
00:56:37 **** Incremental Build of configuration Debug for project MFM383 ****
make -j8 all 
arm-none-eabi-gcc "../Core/Src/main.c" -mcpu=cortex-m4 -std=gnu11 -g3 -DDEBUG -DUSE_HAL_DRIVER -DSTM32F407xx -c -I../Core/Inc -I../Drivers/STM32F4xx_HAL_Driver/Inc -I../Drivers/STM32F4xx_HAL_Driver/Inc/Legacy -I../Drivers/CMSIS/Device/ST/STM32F4xx/Include -I../Drivers/CMSIS/Include -O0 -ffunction-sections -fdata-sections -Wall -fstack-usage -fcyclomatic-complexity -MMD -MP -MF"Core/Src/main.d" -MT"Core/Src/main.o" --specs=nano.specs -mfpu=fpv4-sp-d16 -mfloat-abi=hard -mthumb -o "Core/Src/main.o"
arm-none-eabi-gcc -o "MFM383.elf" @"objects.list"   -mcpu=cortex-m4 -T"D:\Project_2026\Modbud_MFM383A-C\Source\MFM383_ProjectRs485\STM32F407VGT\MFM383\STM32F407VGTX_FLASH.ld" --specs=nosys.specs -Wl,-Map="MFM383.map" -Wl,--gc-sections -static --specs=nano.specs -mfpu=fpv4-sp-d16 -mfloat-abi=hard -mthumb -Wl,--start-group -lc -lm -Wl,--end-group
Finished building target: MFM383.elf
 
arm-none-eabi-size  MFM383.elf 
arm-none-eabi-objdump -h -S MFM383.elf  > "MFM383.list"
   text	   data	    bss	    dec	    hex	filename
  16768	     12	  33428	  50208	   c420	MFM383.elf
Finished building: default.size.stdout
 
Finished building: MFM383.list
 
00:56:43 **** Incremental Build of configuration Debug for project MFM383 ****
make -j8 all 
arm-none-eabi-size  MFM383.elf 
   text	   data	    bss	    dec	    hex	filename
  16768	     12	  33428	  50208	   c420	MFM383.elf
Finished building: default.size.stdout
 
01:04:27 **** Incremental Build of configuration Debug for project MFM383 ****
make -j8 all 
arm-none-eabi-gcc "../Core/Src/main.c" -mcpu=cortex-m4 -std=gnu11 -g3 -DDEBUG -DUSE_HAL_DRIVER -DSTM32F407xx -c -I../Core/Inc -I../Drivers/STM32F4xx_HAL_Driver/Inc -I../Drivers/STM32F4xx_HAL_Driver/Inc/Legacy -I../Drivers/CMSIS/Device/ST/STM32F4xx/Include -I../Drivers/CMSIS/Include -O0 -ffunction-sections -fdata-sections -Wall -fstack-usage -fcyclomatic-complexity -MMD -MP -MF"Core/Src/main.d" -MT"Core/Src/main.o" --specs=nano.specs -mfpu=fpv4-sp-d16 -mfloat-abi=hard -mthumb -o "Core/Src/main.o"
arm-none-eabi-gcc "../Core/Src/stm32f4xx_hal_msp.c" -mcpu=cortex-m4 -std=gnu11 -g3 -DDEBUG -DUSE_HAL_DRIVER -DSTM32F407xx -c -I../Core/Inc -I../Drivers/STM32F4xx_HAL_Driver/Inc -I../Drivers/STM32F4xx_HAL_Driver/Inc/Legacy -I../Drivers/CMSIS/Device/ST/STM32F4xx/Include -I../Drivers/CMSIS/Include -O0 -ffunction-sections -fdata-sections -Wall -fstack-usage -fcyclomatic-complexity -MMD -MP -MF"Core/Src/stm32f4xx_hal_msp.d" -MT"Core/Src/stm32f4xx_hal_msp.o" --specs=nano.specs -mfpu=fpv4-sp-d16 -mfloat-abi=hard -mthumb -o "Core/Src/stm32f4xx_hal_msp.o"
arm-none-eabi-gcc "../Core/Src/stm32f4xx_it.c" -mcpu=cortex-m4 -std=gnu11 -g3 -DDEBUG -DUSE_HAL_DRIVER -DSTM32F407xx -c -I../Core/Inc -I../Drivers/STM32F4xx_HAL_Driver/Inc -I../Drivers/STM32F4xx_HAL_Driver/Inc/Legacy -I../Drivers/CMSIS/Device/ST/STM32F4xx/Include -I../Drivers/CMSIS/Include -O0 -ffunction-sections -fdata-sections -Wall -fstack-usage -fcyclomatic-complexity -MMD -MP -MF"Core/Src/stm32f4xx_it.d" -MT"Core/Src/stm32f4xx_it.o" --specs=nano.specs -mfpu=fpv4-sp-d16 -mfloat-abi=hard -mthumb -o "Core/Src/stm32f4xx_it.o"
arm-none-eabi-gcc -o "MFM383.elf" @"objects.list"   -mcpu=cortex-m4 -T"D:\Project_2026\Modbud_MFM383A-C\Source\MFM383_ProjectRs485\STM32F407VGT\MFM383\STM32F407VGTX_FLASH.ld" --specs=nosys.specs -Wl,-Map="MFM383.map" -Wl,--gc-sections -static --specs=nano.specs -mfpu=fpv4-sp-d16 -mfloat-abi=hard -mthumb -Wl,--start-group -lc -lm -Wl,--end-group
Finished building target: MFM383.elf
 
arm-none-eabi-size  MFM383.elf 
arm-none-eabi-objdump -h -S MFM383.elf  > "MFM383.list"
   text	   data	    bss	    dec	    hex	filename
  17000	     12	  33500	  50512	   c550	MFM383.elf
Finished building: default.size.stdout
 
Finished building: MFM383.list
 
01:04:33 **** Incremental Build of configuration Debug for project MFM383 ****
make -j8 all 
arm-none-eabi-size  MFM383.elf 
   text	   data	    bss	    dec	    hex	filename
  17000	     12	  33500	  50512	   c550	MFM383.elf
Finished building: default.size.stdout
 
01:04:50 **** Incremental Build of configuration Debug for project MFM383 ****
make -j8 all 
arm-none-eabi-size  MFM383.elf 
   text	   data	    bss	    dec	    hex	filename
  17000	     12	  33500	  50512	   c550	MFM383.elf
Finished building: default.size.stdout
 
01:44:54 **** Incremental Build of configuration Debug for project MFM383 ****
make -j8 all 
arm-none-eabi-gcc "../Core/Src/main.c" -mcpu=cortex-m4 -std=gnu11 -g3 -DDEBUG -DUSE_HAL_DRIVER -DSTM32F407xx -c -I../Core/Inc -I../Drivers/STM32F4xx_HAL_Driver/Inc -I../Drivers/STM32F4xx_HAL_Driver/Inc/Legacy -I../Drivers/CMSIS/Device/ST/STM32F4xx/Include -I../Drivers/CMSIS/Include -O0 -ffunction-sections -fdata-sections -Wall -fstack-usage -fcyclomatic-complexity -MMD -MP -MF"Core/Src/main.d" -MT"Core/Src/main.o" --specs=nano.specs -mfpu=fpv4-sp-d16 -mfloat-abi=hard -mthumb -o "Core/Src/main.o"
arm-none-eabi-gcc -o "MFM383.elf" @"objects.list"   -mcpu=cortex-m4 -T"D:\Project_2026\Modbud_MFM383A-C\Source\MFM383_ProjectRs485\STM32F407VGT\MFM383\STM32F407VGTX_FLASH.ld" --specs=nosys.specs -Wl,-Map="MFM383.map" -Wl,--gc-sections -static --specs=nano.specs -mfpu=fpv4-sp-d16 -mfloat-abi=hard -mthumb -Wl,--start-group -lc -lm -Wl,--end-group
Finished building target: MFM383.elf
 
arm-none-eabi-size  MFM383.elf 
arm-none-eabi-objdump -h -S MFM383.elf  > "MFM383.list"
   text	   data	    bss	    dec	    hex	filename
  17404	     12	  33572	  50988	   c72c	MFM383.elf
Finished building: default.size.stdout
 
Finished building: MFM383.list
 
01:45:19 **** Incremental Build of configuration Debug for project MFM383 ****
make -j8 all 
arm-none-eabi-size  MFM383.elf 
   text	   data	    bss	    dec	    hex	filename
  17404	     12	  33572	  50988	   c72c	MFM383.elf
Finished building: default.size.stdout
 
01:45:39 **** Incremental Build of configuration Debug for project MFM383 ****
make -j8 all 
arm-none-eabi-size  MFM383.elf 
   text	   data	    bss	    dec	    hex	filename
  17404	     12	  33572	  50988	   c72c	MFM383.elf
Finished building: default.size.stdout
 
01:45:46 **** Incremental Build of configuration Debug for project MFM383 ****
make -j8 all 
arm-none-eabi-size  MFM383.elf 
   text	   data	    bss	    dec	    hex	filename
  17404	     12	  33572	  50988	   c72c	MFM383.elf
Finished building: default.size.stdout
 
01:46:19 **** Incremental Build of configuration Debug for project MFM383 ****
make -j8 all 
arm-none-eabi-size  MFM383.elf 
   text	   data	    bss	    dec	    hex	filename
  17404	     12	  33572	  50988	   c72c	MFM383.elf
Finished building: default.size.stdout
 
01:46:35 **** Incremental Build of configuration Debug for project MFM383 ****
make -j8 all 
arm-none-eabi-size  MFM383.elf 
   text	   data	    bss	    dec	    hex	filename
  17404	     12	  33572	  50988	   c72c	MFM383.elf
Finished building: default.size.stdout
 
01:46:38 **** Incremental Build of configuration Debug for project MFM383 ****
make -j8 all 
arm-none-eabi-size  MFM383.elf 
   text	   data	    bss	    dec	    hex	filename
  17404	     12	  33572	  50988	   c72c	MFM383.elf
Finished building: default.size.stdout
 
01:48:40 **** Incremental Build of configuration Debug for project MFM383 ****
make -j8 all 
arm-none-eabi-size  MFM383.elf 
   text	   data	    bss	    dec	    hex	filename
  17404	     12	  33572	  50988	   c72c	MFM383.elf
Finished building: default.size.stdout
 
01:55:52 **** Incremental Build of configuration Debug for project MFM383 ****
make -j8 all 
arm-none-eabi-gcc "../Core/Src/main.c" -mcpu=cortex-m4 -std=gnu11 -g3 -DDEBUG -DUSE_HAL_DRIVER -DSTM32F407xx -c -I../Core/Inc -I../Drivers/STM32F4xx_HAL_Driver/Inc -I../Drivers/STM32F4xx_HAL_Driver/Inc/Legacy -I../Drivers/CMSIS/Device/ST/STM32F4xx/Include -I../Drivers/CMSIS/Include -O0 -ffunction-sections -fdata-sections -Wall -fstack-usage -fcyclomatic-complexity -MMD -MP -MF"Core/Src/main.d" -MT"Core/Src/main.o" --specs=nano.specs -mfpu=fpv4-sp-d16 -mfloat-abi=hard -mthumb -o "Core/Src/main.o"
arm-none-eabi-gcc -o "MFM383.elf" @"objects.list"   -mcpu=cortex-m4 -T"D:\Project_2026\Modbud_MFM383A-C\Source\MFM383_ProjectRs485\STM32F407VGT\MFM383\STM32F407VGTX_FLASH.ld" --specs=nosys.specs -Wl,-Map="MFM383.map" -Wl,--gc-sections -static --specs=nano.specs -mfpu=fpv4-sp-d16 -mfloat-abi=hard -mthumb -Wl,--start-group -lc -lm -Wl,--end-group
Finished building target: MFM383.elf
 
arm-none-eabi-size  MFM383.elf 
arm-none-eabi-objdump -h -S MFM383.elf  > "MFM383.list"
   text	   data	    bss	    dec	    hex	filename
  17444	     12	  33572	  51028	   c754	MFM383.elf
Finished building: default.size.stdout
 
Finished building: MFM383.list
 
01:55:58 **** Incremental Build of configuration Debug for project MFM383 ****
make -j8 all 
arm-none-eabi-size  MFM383.elf 
   text	   data	    bss	    dec	    hex	filename
  17444	     12	  33572	  51028	   c754	MFM383.elf
Finished building: default.size.stdout
 
01:56:11 **** Incremental Build of configuration Debug for project MFM383 ****
make -j8 all 
arm-none-eabi-size  MFM383.elf 
   text	   data	    bss	    dec	    hex	filename
  17444	     12	  33572	  51028	   c754	MFM383.elf
Finished building: default.size.stdout
 
01:58:28 **** Incremental Build of configuration Debug for project MFM383 ****
make -j8 all 
arm-none-eabi-gcc "../Core/Src/main.c" -mcpu=cortex-m4 -std=gnu11 -g3 -DDEBUG -DUSE_HAL_DRIVER -DSTM32F407xx -c -I../Core/Inc -I../Drivers/STM32F4xx_HAL_Driver/Inc -I../Drivers/STM32F4xx_HAL_Driver/Inc/Legacy -I../Drivers/CMSIS/Device/ST/STM32F4xx/Include -I../Drivers/CMSIS/Include -O0 -ffunction-sections -fdata-sections -Wall -fstack-usage -fcyclomatic-complexity -MMD -MP -MF"Core/Src/main.d" -MT"Core/Src/main.o" --specs=nano.specs -mfpu=fpv4-sp-d16 -mfloat-abi=hard -mthumb -o "Core/Src/main.o"
arm-none-eabi-gcc -o "MFM383.elf" @"objects.list"   -mcpu=cortex-m4 -T"D:\Project_2026\Modbud_MFM383A-C\Source\MFM383_ProjectRs485\STM32F407VGT\MFM383\STM32F407VGTX_FLASH.ld" --specs=nosys.specs -Wl,-Map="MFM383.map" -Wl,--gc-sections -static --specs=nano.specs -mfpu=fpv4-sp-d16 -mfloat-abi=hard -mthumb -Wl,--start-group -lc -lm -Wl,--end-group
Finished building target: MFM383.elf
 
arm-none-eabi-size  MFM383.elf 
arm-none-eabi-objdump -h -S MFM383.elf  > "MFM383.list"
   text	   data	    bss	    dec	    hex	filename
  17444	     12	  33572	  51028	   c754	MFM383.elf
Finished building: default.size.stdout
 
Finished building: MFM383.list
 
01:58:37 **** Incremental Build of configuration Debug for project MFM383 ****
make -j8 all 
arm-none-eabi-size  MFM383.elf 
   text	   data	    bss	    dec	    hex	filename
  17444	     12	  33572	  51028	   c754	MFM383.elf
Finished building: default.size.stdout
 
01:58:51 **** Incremental Build of configuration Debug for project MFM383 ****
make -j8 all 
arm-none-eabi-size  MFM383.elf 
   text	   data	    bss	    dec	    hex	filename
  17444	     12	  33572	  51028	   c754	MFM383.elf
Finished building: default.size.stdout
 
02:02:28 **** Incremental Build of configuration Debug for project MFM383 ****
make -j8 all 
arm-none-eabi-gcc "../Core/Src/main.c" -mcpu=cortex-m4 -std=gnu11 -g3 -DDEBUG -DUSE_HAL_DRIVER -DSTM32F407xx -c -I../Core/Inc -I../Drivers/STM32F4xx_HAL_Driver/Inc -I../Drivers/STM32F4xx_HAL_Driver/Inc/Legacy -I../Drivers/CMSIS/Device/ST/STM32F4xx/Include -I../Drivers/CMSIS/Include -O0 -ffunction-sections -fdata-sections -Wall -fstack-usage -fcyclomatic-complexity -MMD -MP -MF"Core/Src/main.d" -MT"Core/Src/main.o" --specs=nano.specs -mfpu=fpv4-sp-d16 -mfloat-abi=hard -mthumb -o "Core/Src/main.o"
arm-none-eabi-gcc -o "MFM383.elf" @"objects.list"   -mcpu=cortex-m4 -T"D:\Project_2026\Modbud_MFM383A-C\Source\MFM383_ProjectRs485\STM32F407VGT\MFM383\STM32F407VGTX_FLASH.ld" --specs=nosys.specs -Wl,-Map="MFM383.map" -Wl,--gc-sections -static --specs=nano.specs -mfpu=fpv4-sp-d16 -mfloat-abi=hard -mthumb -Wl,--start-group -lc -lm -Wl,--end-group
Finished building target: MFM383.elf
 
arm-none-eabi-size  MFM383.elf 
arm-none-eabi-objdump -h -S MFM383.elf  > "MFM383.list"
   text	   data	    bss	    dec	    hex	filename
  17312	     12	  33572	  50896	   c6d0	MFM383.elf
Finished building: default.size.stdout
 
Finished building: MFM383.list
 
02:02:33 **** Incremental Build of configuration Debug for project MFM383 ****
make -j8 all 
arm-none-eabi-size  MFM383.elf 
   text	   data	    bss	    dec	    hex	filename
  17312	     12	  33572	  50896	   c6d0	MFM383.elf
Finished building: default.size.stdout
 
02:02:48 **** Incremental Build of configuration Debug for project MFM383 ****
make -j8 all 
arm-none-eabi-size  MFM383.elf 
   text	   data	    bss	    dec	    hex	filename
  17312	     12	  33572	  50896	   c6d0	MFM383.elf
Finished building: default.size.stdout
 
02:57:23 **** Incremental Build of configuration Debug for project MFM383 ****
make -j8 all 
arm-none-eabi-gcc "../Core/Src/main.c" -mcpu=cortex-m4 -std=gnu11 -g3 -DDEBUG -DUSE_HAL_DRIVER -DSTM32F407xx -c -I../Core/Inc -I../Drivers/STM32F4xx_HAL_Driver/Inc -I../Drivers/STM32F4xx_HAL_Driver/Inc/Legacy -I../Drivers/CMSIS/Device/ST/STM32F4xx/Include -I../Drivers/CMSIS/Include -O0 -ffunction-sections -fdata-sections -Wall -fstack-usage -fcyclomatic-complexity -MMD -MP -MF"Core/Src/main.d" -MT"Core/Src/main.o" --specs=nano.specs -mfpu=fpv4-sp-d16 -mfloat-abi=hard -mthumb -o "Core/Src/main.o"
arm-none-eabi-gcc -o "MFM383.elf" @"objects.list"   -mcpu=cortex-m4 -T"D:\Project_2026\Modbud_MFM383A-C\Source\MFM383_ProjectRs485\STM32F407VGT\MFM383\STM32F407VGTX_FLASH.ld" --specs=nosys.specs -Wl,-Map="MFM383.map" -Wl,--gc-sections -static --specs=nano.specs -mfpu=fpv4-sp-d16 -mfloat-abi=hard -mthumb -Wl,--start-group -lc -lm -Wl,--end-group
Finished building target: MFM383.elf
 
arm-none-eabi-size  MFM383.elf 
arm-none-eabi-objdump -h -S MFM383.elf  > "MFM383.list"
   text	   data	    bss	    dec	    hex	filename
  17308	     12	  33572	  50892	   c6cc	MFM383.elf
Finished building: default.size.stdout
 
Finished building: MFM383.list
 
02:57:27 **** Incremental Build of configuration Debug for project MFM383 ****
make -j8 all 
arm-none-eabi-size  MFM383.elf 
   text	   data	    bss	    dec	    hex	filename
  17308	     12	  33572	  50892	   c6cc	MFM383.elf
Finished building: default.size.stdout
 
03:03:06 **** Incremental Build of configuration Debug for project MFM383 ****
make -j8 all 
arm-none-eabi-gcc "../Core/Src/main.c" -mcpu=cortex-m4 -std=gnu11 -g3 -DDEBUG -DUSE_HAL_DRIVER -DSTM32F407xx -c -I../Core/Inc -I../Drivers/STM32F4xx_HAL_Driver/Inc -I../Drivers/STM32F4xx_HAL_Driver/Inc/Legacy -I../Drivers/CMSIS/Device/ST/STM32F4xx/Include -I../Drivers/CMSIS/Include -O0 -ffunction-sections -fdata-sections -Wall -fstack-usage -fcyclomatic-complexity -MMD -MP -MF"Core/Src/main.d" -MT"Core/Src/main.o" --specs=nano.specs -mfpu=fpv4-sp-d16 -mfloat-abi=hard -mthumb -o "Core/Src/main.o"
arm-none-eabi-gcc -o "MFM383.elf" @"objects.list"   -mcpu=cortex-m4 -T"D:\Project_2026\Modbud_MFM383A-C\Source\MFM383_ProjectRs485\STM32F407VGT\MFM383\STM32F407VGTX_FLASH.ld" --specs=nosys.specs -Wl,-Map="MFM383.map" -Wl,--gc-sections -static --specs=nano.specs -mfpu=fpv4-sp-d16 -mfloat-abi=hard -mthumb -Wl,--start-group -lc -lm -Wl,--end-group
Finished building target: MFM383.elf
 
arm-none-eabi-size  MFM383.elf 
arm-none-eabi-objdump -h -S MFM383.elf  > "MFM383.list"
   text	   data	    bss	    dec	    hex	filename
  17284	     12	  33572	  50868	   c6b4	MFM383.elf
Finished building: default.size.stdout
 
Finished building: MFM383.list
 
03:03:29 **** Incremental Build of configuration Debug for project MFM383 ****
make -j8 all 
arm-none-eabi-size  MFM383.elf 
   text	   data	    bss	    dec	    hex	filename
  17284	     12	  33572	  50868	   c6b4	MFM383.elf
Finished building: default.size.stdout
 
03:15:48 **** Incremental Build of configuration Debug for project MFM383 ****
make -j8 all 
arm-none-eabi-gcc "../Core/Src/main.c" -mcpu=cortex-m4 -std=gnu11 -g3 -DDEBUG -DUSE_HAL_DRIVER -DSTM32F407xx -c -I../Core/Inc -I../Drivers/STM32F4xx_HAL_Driver/Inc -I../Drivers/STM32F4xx_HAL_Driver/Inc/Legacy -I../Drivers/CMSIS/Device/ST/STM32F4xx/Include -I../Drivers/CMSIS/Include -O0 -ffunction-sections -fdata-sections -Wall -fstack-usage -fcyclomatic-complexity -MMD -MP -MF"Core/Src/main.d" -MT"Core/Src/main.o" --specs=nano.specs -mfpu=fpv4-sp-d16 -mfloat-abi=hard -mthumb -o "Core/Src/main.o"
arm-none-eabi-gcc -o "MFM383.elf" @"objects.list"   -mcpu=cortex-m4 -T"D:\Project_2026\Modbud_MFM383A-C\Source\MFM383_ProjectRs485\STM32F407VGT\MFM383\STM32F407VGTX_FLASH.ld" --specs=nosys.specs -Wl,-Map="MFM383.map" -Wl,--gc-sections -static --specs=nano.specs -mfpu=fpv4-sp-d16 -mfloat-abi=hard -mthumb -Wl,--start-group -lc -lm -Wl,--end-group
Finished building target: MFM383.elf
 
arm-none-eabi-size  MFM383.elf 
arm-none-eabi-objdump -h -S MFM383.elf  > "MFM383.list"
   text	   data	    bss	    dec	    hex	filename
  17284	     12	  33572	  50868	   c6b4	MFM383.elf
Finished building: default.size.stdout
 
Finished building: MFM383.list
 
03:15:53 **** Incremental Build of configuration Debug for project MFM383 ****
make -j8 all 
arm-none-eabi-size  MFM383.elf 
   text	   data	    bss	    dec	    hex	filename
  17284	     12	  33572	  50868	   c6b4	MFM383.elf
Finished building: default.size.stdout
 
03:27:14 **** Incremental Build of configuration Debug for project MFM383 ****
make -j8 all 
arm-none-eabi-size  MFM383.elf 
   text	   data	    bss	    dec	    hex	filename
  17284	     12	  33572	  50868	   c6b4	MFM383.elf
Finished building: default.size.stdout
 
03:28:08 **** Incremental Build of configuration Debug for project MFM383 ****
make -j8 all 
arm-none-eabi-gcc "../Core/Src/main.c" -mcpu=cortex-m4 -std=gnu11 -g3 -DDEBUG -DUSE_HAL_DRIVER -DSTM32F407xx -c -I../Core/Inc -I../Drivers/STM32F4xx_HAL_Driver/Inc -I../Drivers/STM32F4xx_HAL_Driver/Inc/Legacy -I../Drivers/CMSIS/Device/ST/STM32F4xx/Include -I../Drivers/CMSIS/Include -O0 -ffunction-sections -fdata-sections -Wall -fstack-usage -fcyclomatic-complexity -MMD -MP -MF"Core/Src/main.d" -MT"Core/Src/main.o" --specs=nano.specs -mfpu=fpv4-sp-d16 -mfloat-abi=hard -mthumb -o "Core/Src/main.o"
arm-none-eabi-gcc -o "MFM383.elf" @"objects.list"   -mcpu=cortex-m4 -T"D:\Project_2026\Modbud_MFM383A-C\Source\MFM383_ProjectRs485\STM32F407VGT\MFM383\STM32F407VGTX_FLASH.ld" --specs=nosys.specs -Wl,-Map="MFM383.map" -Wl,--gc-sections -static --specs=nano.specs -mfpu=fpv4-sp-d16 -mfloat-abi=hard -mthumb -Wl,--start-group -lc -lm -Wl,--end-group
Finished building target: MFM383.elf
 
arm-none-eabi-size  MFM383.elf 
arm-none-eabi-objdump -h -S MFM383.elf  > "MFM383.list"
   text	   data	    bss	    dec	    hex	filename
  17284	     12	  33572	  50868	   c6b4	MFM383.elf
Finished building: default.size.stdout
 
Finished building: MFM383.list
 
03:28:15 **** Incremental Build of configuration Debug for project MFM383 ****
make -j8 all 
arm-none-eabi-size  MFM383.elf 
   text	   data	    bss	    dec	    hex	filename
  17284	     12	  33572	  50868	   c6b4	MFM383.elf
Finished building: default.size.stdout
 
03:36:21 **** Incremental Build of configuration Debug for project MFM383 ****
make -j8 all 
arm-none-eabi-gcc "../Core/Src/main.c" -mcpu=cortex-m4 -std=gnu11 -g3 -DDEBUG -DUSE_HAL_DRIVER -DSTM32F407xx -c -I../Core/Inc -I../Drivers/STM32F4xx_HAL_Driver/Inc -I../Drivers/STM32F4xx_HAL_Driver/Inc/Legacy -I../Drivers/CMSIS/Device/ST/STM32F4xx/Include -I../Drivers/CMSIS/Include -O0 -ffunction-sections -fdata-sections -Wall -fstack-usage -fcyclomatic-complexity -MMD -MP -MF"Core/Src/main.d" -MT"Core/Src/main.o" --specs=nano.specs -mfpu=fpv4-sp-d16 -mfloat-abi=hard -mthumb -o "Core/Src/main.o"
arm-none-eabi-gcc -o "MFM383.elf" @"objects.list"   -mcpu=cortex-m4 -T"D:\Project_2026\Modbud_MFM383A-C\Source\MFM383_ProjectRs485\STM32F407VGT\MFM383\STM32F407VGTX_FLASH.ld" --specs=nosys.specs -Wl,-Map="MFM383.map" -Wl,--gc-sections -static --specs=nano.specs -mfpu=fpv4-sp-d16 -mfloat-abi=hard -mthumb -Wl,--start-group -lc -lm -Wl,--end-group
Finished building target: MFM383.elf
 
arm-none-eabi-size  MFM383.elf 
arm-none-eabi-objdump -h -S MFM383.elf  > "MFM383.list"
   text	   data	    bss	    dec	    hex	filename
  17296	     12	  33572	  50880	   c6c0	MFM383.elf
Finished building: default.size.stdout
 
Finished building: MFM383.list
 
03:36:26 **** Incremental Build of configuration Debug for project MFM383 ****
make -j8 all 
arm-none-eabi-size  MFM383.elf 
   text	   data	    bss	    dec	    hex	filename
  17296	     12	  33572	  50880	   c6c0	MFM383.elf
Finished building: default.size.stdout
 
03:40:24 **** Incremental Build of configuration Debug for project MFM383 ****
make -j8 all 
arm-none-eabi-gcc "../Core/Src/main.c" -mcpu=cortex-m4 -std=gnu11 -g3 -DDEBUG -DUSE_HAL_DRIVER -DSTM32F407xx -c -I../Core/Inc -I../Drivers/STM32F4xx_HAL_Driver/Inc -I../Drivers/STM32F4xx_HAL_Driver/Inc/Legacy -I../Drivers/CMSIS/Device/ST/STM32F4xx/Include -I../Drivers/CMSIS/Include -O0 -ffunction-sections -fdata-sections -Wall -fstack-usage -fcyclomatic-complexity -MMD -MP -MF"Core/Src/main.d" -MT"Core/Src/main.o" --specs=nano.specs -mfpu=fpv4-sp-d16 -mfloat-abi=hard -mthumb -o "Core/Src/main.o"
arm-none-eabi-gcc -o "MFM383.elf" @"objects.list"   -mcpu=cortex-m4 -T"D:\Project_2026\Modbud_MFM383A-C\Source\MFM383_ProjectRs485\STM32F407VGT\MFM383\STM32F407VGTX_FLASH.ld" --specs=nosys.specs -Wl,-Map="MFM383.map" -Wl,--gc-sections -static --specs=nano.specs -mfpu=fpv4-sp-d16 -mfloat-abi=hard -mthumb -Wl,--start-group -lc -lm -Wl,--end-group
C:/ST/STM32CubeIDE_1.16.0/STM32CubeIDE/plugins/com.st.stm32cube.ide.mcu.externaltools.gnu-tools-for-stm32.12.3.rel1.win32_1.0.200.202406191623/tools/bin/../lib/gcc/arm-none-eabi/12.3.1/../../../../arm-none-eabi/bin/ld.exe: ./Core/Src/stm32f4xx_it.o: in function `USART1_IRQHandler':
D:/Project_2026/Modbud_MFM383A-C/Source/MFM383_ProjectRs485/STM32F407VGT/MFM383/Debug/../Core/Src/stm32f4xx_it.c:230: undefined reference to `huart1'
collect2.exe: error: ld returned 1 exit status
make: *** [makefile:64: MFM383.elf] Error 1
"make -j8 all" terminated with exit code 2. Build might be incomplete.
03:41:40 **** Incremental Build of configuration Debug for project MFM383 ****
make -j8 all 
arm-none-eabi-gcc "../Core/Src/main.c" -mcpu=cortex-m4 -std=gnu11 -g3 -DDEBUG -DUSE_HAL_DRIVER -DSTM32F407xx -c -I../Core/Inc -I../Drivers/STM32F4xx_HAL_Driver/Inc -I../Drivers/STM32F4xx_HAL_Driver/Inc/Legacy -I../Drivers/CMSIS/Device/ST/STM32F4xx/Include -I../Drivers/CMSIS/Include -O0 -ffunction-sections -fdata-sections -Wall -fstack-usage -fcyclomatic-complexity -MMD -MP -MF"Core/Src/main.d" -MT"Core/Src/main.o" --specs=nano.specs -mfpu=fpv4-sp-d16 -mfloat-abi=hard -mthumb -o "Core/Src/main.o"
arm-none-eabi-gcc -o "MFM383.elf" @"objects.list"   -mcpu=cortex-m4 -T"D:\Project_2026\Modbud_MFM383A-C\Source\MFM383_ProjectRs485\STM32F407VGT\MFM383\STM32F407VGTX_FLASH.ld" --specs=nosys.specs -Wl,-Map="MFM383.map" -Wl,--gc-sections -static --specs=nano.specs -mfpu=fpv4-sp-d16 -mfloat-abi=hard -mthumb -Wl,--start-group -lc -lm -Wl,--end-group
C:/ST/STM32CubeIDE_1.16.0/STM32CubeIDE/plugins/com.st.stm32cube.ide.mcu.externaltools.gnu-tools-for-stm32.12.3.rel1.win32_1.0.200.202406191623/tools/bin/../lib/gcc/arm-none-eabi/12.3.1/../../../../arm-none-eabi/bin/ld.exe: ./Core/Src/stm32f4xx_it.o: in function `USART1_IRQHandler':
D:/Project_2026/Modbud_MFM383A-C/Source/MFM383_ProjectRs485/STM32F407VGT/MFM383/Debug/../Core/Src/stm32f4xx_it.c:230: undefined reference to `huart1'
collect2.exe: error: ld returned 1 exit status
make: *** [makefile:64: MFM383.elf] Error 1
"make -j8 all" terminated with exit code 2. Build might be incomplete.
03:42:48 **** Incremental Build of configuration Debug for project MFM383 ****
make -j8 all 
arm-none-eabi-gcc "../Core/Src/main.c" -mcpu=cortex-m4 -std=gnu11 -g3 -DDEBUG -DUSE_HAL_DRIVER -DSTM32F407xx -c -I../Core/Inc -I../Drivers/STM32F4xx_HAL_Driver/Inc -I../Drivers/STM32F4xx_HAL_Driver/Inc/Legacy -I../Drivers/CMSIS/Device/ST/STM32F4xx/Include -I../Drivers/CMSIS/Include -O0 -ffunction-sections -fdata-sections -Wall -fstack-usage -fcyclomatic-complexity -MMD -MP -MF"Core/Src/main.d" -MT"Core/Src/main.o" --specs=nano.specs -mfpu=fpv4-sp-d16 -mfloat-abi=hard -mthumb -o "Core/Src/main.o"
arm-none-eabi-gcc -o "MFM383.elf" @"objects.list"   -mcpu=cortex-m4 -T"D:\Project_2026\Modbud_MFM383A-C\Source\MFM383_ProjectRs485\STM32F407VGT\MFM383\STM32F407VGTX_FLASH.ld" --specs=nosys.specs -Wl,-Map="MFM383.map" -Wl,--gc-sections -static --specs=nano.specs -mfpu=fpv4-sp-d16 -mfloat-abi=hard -mthumb -Wl,--start-group -lc -lm -Wl,--end-group
C:/ST/STM32CubeIDE_1.16.0/STM32CubeIDE/plugins/com.st.stm32cube.ide.mcu.externaltools.gnu-tools-for-stm32.12.3.rel1.win32_1.0.200.202406191623/tools/bin/../lib/gcc/arm-none-eabi/12.3.1/../../../../arm-none-eabi/bin/ld.exe: ./Core/Src/stm32f4xx_it.o: in function `USART1_IRQHandler':
D:/Project_2026/Modbud_MFM383A-C/Source/MFM383_ProjectRs485/STM32F407VGT/MFM383/Debug/../Core/Src/stm32f4xx_it.c:230: undefined reference to `huart1'
collect2.exe: error: ld returned 1 exit status
make: *** [makefile:64: MFM383.elf] Error 1
"make -j8 all" terminated with exit code 2. Build might be incomplete.
03:43:23 **** Incremental Build of configuration Debug for project MFM383 ****
make -j8 all 
arm-none-eabi-gcc "../Core/Src/main.c" -mcpu=cortex-m4 -std=gnu11 -g3 -DDEBUG -DUSE_HAL_DRIVER -DSTM32F407xx -c -I../Core/Inc -I../Drivers/STM32F4xx_HAL_Driver/Inc -I../Drivers/STM32F4xx_HAL_Driver/Inc/Legacy -I../Drivers/CMSIS/Device/ST/STM32F4xx/Include -I../Drivers/CMSIS/Include -O0 -ffunction-sections -fdata-sections -Wall -fstack-usage -fcyclomatic-complexity -MMD -MP -MF"Core/Src/main.d" -MT"Core/Src/main.o" --specs=nano.specs -mfpu=fpv4-sp-d16 -mfloat-abi=hard -mthumb -o "Core/Src/main.o"
arm-none-eabi-gcc -o "MFM383.elf" @"objects.list"   -mcpu=cortex-m4 -T"D:\Project_2026\Modbud_MFM383A-C\Source\MFM383_ProjectRs485\STM32F407VGT\MFM383\STM32F407VGTX_FLASH.ld" --specs=nosys.specs -Wl,-Map="MFM383.map" -Wl,--gc-sections -static --specs=nano.specs -mfpu=fpv4-sp-d16 -mfloat-abi=hard -mthumb -Wl,--start-group -lc -lm -Wl,--end-group
C:/ST/STM32CubeIDE_1.16.0/STM32CubeIDE/plugins/com.st.stm32cube.ide.mcu.externaltools.gnu-tools-for-stm32.12.3.rel1.win32_1.0.200.202406191623/tools/bin/../lib/gcc/arm-none-eabi/12.3.1/../../../../arm-none-eabi/bin/ld.exe: ./Core/Src/stm32f4xx_it.o: in function `USART1_IRQHandler':
D:/Project_2026/Modbud_MFM383A-C/Source/MFM383_ProjectRs485/STM32F407VGT/MFM383/Debug/../Core/Src/stm32f4xx_it.c:230: undefined reference to `huart1'
collect2.exe: error: ld returned 1 exit status
make: *** [makefile:64: MFM383.elf] Error 1
"make -j8 all" terminated with exit code 2. Build might be incomplete.
03:43:31 **** Incremental Build of configuration Debug for project MFM383 ****
make -j8 all 
arm-none-eabi-gcc -o "MFM383.elf" @"objects.list"   -mcpu=cortex-m4 -T"D:\Project_2026\Modbud_MFM383A-C\Source\MFM383_ProjectRs485\STM32F407VGT\MFM383\STM32F407VGTX_FLASH.ld" --specs=nosys.specs -Wl,-Map="MFM383.map" -Wl,--gc-sections -static --specs=nano.specs -mfpu=fpv4-sp-d16 -mfloat-abi=hard -mthumb -Wl,--start-group -lc -lm -Wl,--end-group
C:/ST/STM32CubeIDE_1.16.0/STM32CubeIDE/plugins/com.st.stm32cube.ide.mcu.externaltools.gnu-tools-for-stm32.12.3.rel1.win32_1.0.200.202406191623/tools/bin/../lib/gcc/arm-none-eabi/12.3.1/../../../../arm-none-eabi/bin/ld.exe: ./Core/Src/stm32f4xx_it.o: in function `USART1_IRQHandler':
D:/Project_2026/Modbud_MFM383A-C/Source/MFM383_ProjectRs485/STM32F407VGT/MFM383/Debug/../Core/Src/stm32f4xx_it.c:230: undefined reference to `huart1'
collect2.exe: error: ld returned 1 exit status
make: *** [makefile:64: MFM383.elf] Error 1
"make -j8 all" terminated with exit code 2. Build might be incomplete.
03:44:15 **** Incremental Build of configuration Debug for project MFM383 ****
make -j8 all 
arm-none-eabi-gcc -o "MFM383.elf" @"objects.list"   -mcpu=cortex-m4 -T"D:\Project_2026\Modbud_MFM383A-C\Source\MFM383_ProjectRs485\STM32F407VGT\MFM383\STM32F407VGTX_FLASH.ld" --specs=nosys.specs -Wl,-Map="MFM383.map" -Wl,--gc-sections -static --specs=nano.specs -mfpu=fpv4-sp-d16 -mfloat-abi=hard -mthumb -Wl,--start-group -lc -lm -Wl,--end-group
C:/ST/STM32CubeIDE_1.16.0/STM32CubeIDE/plugins/com.st.stm32cube.ide.mcu.externaltools.gnu-tools-for-stm32.12.3.rel1.win32_1.0.200.202406191623/tools/bin/../lib/gcc/arm-none-eabi/12.3.1/../../../../arm-none-eabi/bin/ld.exe: ./Core/Src/stm32f4xx_it.o: in function `USART1_IRQHandler':
D:/Project_2026/Modbud_MFM383A-C/Source/MFM383_ProjectRs485/STM32F407VGT/MFM383/Debug/../Core/Src/stm32f4xx_it.c:230: undefined reference to `huart1'
collect2.exe: error: ld returned 1 exit status
make: *** [makefile:64: MFM383.elf] Error 1
"make -j8 all" terminated with exit code 2. Build might be incomplete.
03:44:38 **** Clean-only build of configuration Debug for project MFM383 ****
make -j8 clean 
rm -rf ./Drivers/STM32F4xx_HAL_Driver/Src/stm32f4xx_hal.cyclo ./Drivers/STM32F4xx_HAL_Driver/Src/stm32f4xx_hal.d ./Drivers/STM32F4xx_HAL_Driver/Src/stm32f4xx_hal.o ./Drivers/STM32F4xx_HAL_Driver/Src/stm32f4xx_hal.su ./Drivers/STM32F4xx_HAL_Driver/Src/stm32f4xx_hal_cortex.cyclo ./Drivers/STM32F4xx_HAL_Driver/Src/stm32f4xx_hal_cortex.d ./Drivers/STM32F4xx_HAL_Driver/Src/stm32f4xx_hal_cortex.o ./Drivers/STM32F4xx_HAL_Driver/Src/stm32f4xx_hal_cortex.su ./Drivers/STM32F4xx_HAL_Driver/Src/stm32f4xx_hal_dma.cyclo ./Drivers/STM32F4xx_HAL_Driver/Src/stm32f4xx_hal_dma.d ./Drivers/STM32F4xx_HAL_Driver/Src/stm32f4xx_hal_dma.o ./Drivers/STM32F4xx_HAL_Driver/Src/stm32f4xx_hal_dma.su ./Drivers/STM32F4xx_HAL_Driver/Src/stm32f4xx_hal_dma_ex.cyclo ./Drivers/STM32F4xx_HAL_Driver/Src/stm32f4xx_hal_dma_ex.d ./Drivers/STM32F4xx_HAL_Driver/Src/stm32f4xx_hal_dma_ex.o ./Drivers/STM32F4xx_HAL_Driver/Src/stm32f4xx_hal_dma_ex.su ./Drivers/STM32F4xx_HAL_Driver/Src/stm32f4xx_hal_exti.cyclo ./Drivers/STM32F4xx_HAL_Driver/Src/stm32f4xx_hal_exti.d ./Drivers/STM32F4xx_HAL_Driver/Src/stm32f4xx_hal_exti.o ./Drivers/STM32F4xx_HAL_Driver/Src/stm32f4xx_hal_exti.su ./Drivers/STM32F4xx_HAL_Driver/Src/stm32f4xx_hal_flash.cyclo ./Drivers/STM32F4xx_HAL_Driver/Src/stm32f4xx_hal_flash.d ./Drivers/STM32F4xx_HAL_Driver/Src/stm32f4xx_hal_flash.o ./Drivers/STM32F4xx_HAL_Driver/Src/stm32f4xx_hal_flash.su ./Drivers/STM32F4xx_HAL_Driver/Src/stm32f4xx_hal_flash_ex.cyclo ./Drivers/STM32F4xx_HAL_Driver/Src/stm32f4xx_hal_flash_ex.d ./Drivers/STM32F4xx_HAL_Driver/Src/stm32f4xx_hal_flash_ex.o ./Drivers/STM32F4xx_HAL_Driver/Src/stm32f4xx_hal_flash_ex.su ./Drivers/STM32F4xx_HAL_Driver/Src/stm32f4xx_hal_flash_ramfunc.cyclo ./Drivers/STM32F4xx_HAL_Driver/Src/stm32f4xx_hal_flash_ramfunc.d ./Drivers/STM32F4xx_HAL_Driver/Src/stm32f4xx_hal_flash_ramfunc.o ./Drivers/STM32F4xx_HAL_Driver/Src/stm32f4xx_hal_flash_ramfunc.su ./Drivers/STM32F4xx_HAL_Driver/Src/stm32f4xx_hal_gpio.cyclo ./Drivers/STM32F4xx_HAL_Driver/Src/stm32f4xx_hal_gpio.d ./Drivers/STM32F4xx_HAL_Driver/Src/stm32f4xx_hal_gpio.o ./Drivers/STM32F4xx_HAL_Driver/Src/stm32f4xx_hal_gpio.su ./Drivers/STM32F4xx_HAL_Driver/Src/stm32f4xx_hal_pwr.cyclo ./Drivers/STM32F4xx_HAL_Driver/Src/stm32f4xx_hal_pwr.d ./Drivers/STM32F4xx_HAL_Driver/Src/stm32f4xx_hal_pwr.o ./Drivers/STM32F4xx_HAL_Driver/Src/stm32f4xx_hal_pwr.su ./Drivers/STM32F4xx_HAL_Driver/Src/stm32f4xx_hal_pwr_ex.cyclo ./Drivers/STM32F4xx_HAL_Driver/Src/stm32f4xx_hal_pwr_ex.d ./Drivers/STM32F4xx_HAL_Driver/Src/stm32f4xx_hal_pwr_ex.o ./Drivers/STM32F4xx_HAL_Driver/Src/stm32f4xx_hal_pwr_ex.su ./Drivers/STM32F4xx_HAL_Driver/Src/stm32f4xx_hal_rcc.cyclo ./Drivers/STM32F4xx_HAL_Driver/Src/stm32f4xx_hal_rcc.d ./Drivers/STM32F4xx_HAL_Driver/Src/stm32f4xx_hal_rcc.o ./Drivers/STM32F4xx_HAL_Driver/Src/stm32f4xx_hal_rcc.su ./Drivers/STM32F4xx_HAL_Driver/Src/stm32f4xx_hal_rcc_ex.cyclo ./Drivers/STM32F4xx_HAL_Driver/Src/stm32f4xx_hal_rcc_ex.d ./Drivers/STM32F4xx_HAL_Driver/Src/stm32f4xx_hal_rcc_ex.o ./Drivers/STM32F4xx_HAL_Driver/Src/stm32f4xx_hal_rcc_ex.su ./Drivers/STM32F4xx_HAL_Driver/Src/stm32f4xx_hal_tim.cyclo ./Drivers/STM32F4xx_HAL_Driver/Src/stm32f4xx_hal_tim.d ./Drivers/STM32F4xx_HAL_Driver/Src/stm32f4xx_hal_tim.o ./Drivers/STM32F4xx_HAL_Driver/Src/stm32f4xx_hal_tim.su ./Drivers/STM32F4xx_HAL_Driver/Src/stm32f4xx_hal_tim_ex.cyclo ./Drivers/STM32F4xx_HAL_Driver/Src/stm32f4xx_hal_tim_ex.d ./Drivers/STM32F4xx_HAL_Driver/Src/stm32f4xx_hal_tim_ex.o ./Drivers/STM32F4xx_HAL_Driver/Src/stm32f4xx_hal_tim_ex.su ./Drivers/STM32F4xx_HAL_Driver/Src/stm32f4xx_hal_uart.cyclo ./Drivers/STM32F4xx_HAL_Driver/Src/stm32f4xx_hal_uart.d ./Drivers/STM32F4xx_HAL_Driver/Src/stm32f4xx_hal_uart.o ./Drivers/STM32F4xx_HAL_Driver/Src/stm32f4xx_hal_uart.su
rm -rf ./Core/Startup/startup_stm32f407vgtx.d ./Core/Startup/startup_stm32f407vgtx.o
rm -rf ./Core/Src/main.cyclo ./Core/Src/main.d ./Core/Src/main.o ./Core/Src/main.su ./Core/Src/stm32f4xx_hal_msp.cyclo ./Core/Src/stm32f4xx_hal_msp.d ./Core/Src/stm32f4xx_hal_msp.o ./Core/Src/stm32f4xx_hal_msp.su ./Core/Src/stm32f4xx_it.cyclo ./Core/Src/stm32f4xx_it.d ./Core/Src/stm32f4xx_it.o ./Core/Src/stm32f4xx_it.su ./Core/Src/syscalls.cyclo ./Core/Src/syscalls.d ./Core/Src/syscalls.o ./Core/Src/syscalls.su ./Core/Src/sysmem.cyclo ./Core/Src/sysmem.d ./Core/Src/sysmem.o ./Core/Src/sysmem.su ./Core/Src/system_stm32f4xx.cyclo ./Core/Src/system_stm32f4xx.d ./Core/Src/system_stm32f4xx.o ./Core/Src/system_stm32f4xx.su
rm -rf MFM383.elf MFM383.list MFM383.map default.size.stdout
 
03:44:39 **** Build of configuration Debug for project MFM383 ****
make -j8 all 
arm-none-eabi-gcc "../Drivers/STM32F4xx_HAL_Driver/Src/stm32f4xx_hal.c" -mcpu=cortex-m4 -std=gnu11 -g3 -DDEBUG -DUSE_HAL_DRIVER -DSTM32F407xx -c -I../Core/Inc -I../Drivers/STM32F4xx_HAL_Driver/Inc -I../Drivers/STM32F4xx_HAL_Driver/Inc/Legacy -I../Drivers/CMSIS/Device/ST/STM32F4xx/Include -I../Drivers/CMSIS/Include -O0 -ffunction-sections -fdata-sections -Wall -fstack-usage -fcyclomatic-complexity -MMD -MP -MF"Drivers/STM32F4xx_HAL_Driver/Src/stm32f4xx_hal.d" -MT"Drivers/STM32F4xx_HAL_Driver/Src/stm32f4xx_hal.o" --specs=nano.specs -mfpu=fpv4-sp-d16 -mfloat-abi=hard -mthumb -o "Drivers/STM32F4xx_HAL_Driver/Src/stm32f4xx_hal.o"
arm-none-eabi-gcc "../Drivers/STM32F4xx_HAL_Driver/Src/stm32f4xx_hal_cortex.c" -mcpu=cortex-m4 -std=gnu11 -g3 -DDEBUG -DUSE_HAL_DRIVER -DSTM32F407xx -c -I../Core/Inc -I../Drivers/STM32F4xx_HAL_Driver/Inc -I../Drivers/STM32F4xx_HAL_Driver/Inc/Legacy -I../Drivers/CMSIS/Device/ST/STM32F4xx/Include -I../Drivers/CMSIS/Include -O0 -ffunction-sections -fdata-sections -Wall -fstack-usage -fcyclomatic-complexity -MMD -MP -MF"Drivers/STM32F4xx_HAL_Driver/Src/stm32f4xx_hal_cortex.d" -MT"Drivers/STM32F4xx_HAL_Driver/Src/stm32f4xx_hal_cortex.o" --specs=nano.specs -mfpu=fpv4-sp-d16 -mfloat-abi=hard -mthumb -o "Drivers/STM32F4xx_HAL_Driver/Src/stm32f4xx_hal_cortex.o"
arm-none-eabi-gcc "../Drivers/STM32F4xx_HAL_Driver/Src/stm32f4xx_hal_dma.c" -mcpu=cortex-m4 -std=gnu11 -g3 -DDEBUG -DUSE_HAL_DRIVER -DSTM32F407xx -c -I../Core/Inc -I../Drivers/STM32F4xx_HAL_Driver/Inc -I../Drivers/STM32F4xx_HAL_Driver/Inc/Legacy -I../Drivers/CMSIS/Device/ST/STM32F4xx/Include -I../Drivers/CMSIS/Include -O0 -ffunction-sections -fdata-sections -Wall -fstack-usage -fcyclomatic-complexity -MMD -MP -MF"Drivers/STM32F4xx_HAL_Driver/Src/stm32f4xx_hal_dma.d" -MT"Drivers/STM32F4xx_HAL_Driver/Src/stm32f4xx_hal_dma.o" --specs=nano.specs -mfpu=fpv4-sp-d16 -mfloat-abi=hard -mthumb -o "Drivers/STM32F4xx_HAL_Driver/Src/stm32f4xx_hal_dma.o"
arm-none-eabi-gcc "../Drivers/STM32F4xx_HAL_Driver/Src/stm32f4xx_hal_dma_ex.c" -mcpu=cortex-m4 -std=gnu11 -g3 -DDEBUG -DUSE_HAL_DRIVER -DSTM32F407xx -c -I../Core/Inc -I../Drivers/STM32F4xx_HAL_Driver/Inc -I../Drivers/STM32F4xx_HAL_Driver/Inc/Legacy -I../Drivers/CMSIS/Device/ST/STM32F4xx/Include -I../Drivers/CMSIS/Include -O0 -ffunction-sections -fdata-sections -Wall -fstack-usage -fcyclomatic-complexity -MMD -MP -MF"Drivers/STM32F4xx_HAL_Driver/Src/stm32f4xx_hal_dma_ex.d" -MT"Drivers/STM32F4xx_HAL_Driver/Src/stm32f4xx_hal_dma_ex.o" --specs=nano.specs -mfpu=fpv4-sp-d16 -mfloat-abi=hard -mthumb -o "Drivers/STM32F4xx_HAL_Driver/Src/stm32f4xx_hal_dma_ex.o"
arm-none-eabi-gcc "../Drivers/STM32F4xx_HAL_Driver/Src/stm32f4xx_hal_exti.c" -mcpu=cortex-m4 -std=gnu11 -g3 -DDEBUG -DUSE_HAL_DRIVER -DSTM32F407xx -c -I../Core/Inc -I../Drivers/STM32F4xx_HAL_Driver/Inc -I../Drivers/STM32F4xx_HAL_Driver/Inc/Legacy -I../Drivers/CMSIS/Device/ST/STM32F4xx/Include -I../Drivers/CMSIS/Include -O0 -ffunction-sections -fdata-sections -Wall -fstack-usage -fcyclomatic-complexity -MMD -MP -MF"Drivers/STM32F4xx_HAL_Driver/Src/stm32f4xx_hal_exti.d" -MT"Drivers/STM32F4xx_HAL_Driver/Src/stm32f4xx_hal_exti.o" --specs=nano.specs -mfpu=fpv4-sp-d16 -mfloat-abi=hard -mthumb -o "Drivers/STM32F4xx_HAL_Driver/Src/stm32f4xx_hal_exti.o"
arm-none-eabi-gcc "../Drivers/STM32F4xx_HAL_Driver/Src/stm32f4xx_hal_flash.c" -mcpu=cortex-m4 -std=gnu11 -g3 -DDEBUG -DUSE_HAL_DRIVER -DSTM32F407xx -c -I../Core/Inc -I../Drivers/STM32F4xx_HAL_Driver/Inc -I../Drivers/STM32F4xx_HAL_Driver/Inc/Legacy -I../Drivers/CMSIS/Device/ST/STM32F4xx/Include -I../Drivers/CMSIS/Include -O0 -ffunction-sections -fdata-sections -Wall -fstack-usage -fcyclomatic-complexity -MMD -MP -MF"Drivers/STM32F4xx_HAL_Driver/Src/stm32f4xx_hal_flash.d" -MT"Drivers/STM32F4xx_HAL_Driver/Src/stm32f4xx_hal_flash.o" --specs=nano.specs -mfpu=fpv4-sp-d16 -mfloat-abi=hard -mthumb -o "Drivers/STM32F4xx_HAL_Driver/Src/stm32f4xx_hal_flash.o"
arm-none-eabi-gcc "../Drivers/STM32F4xx_HAL_Driver/Src/stm32f4xx_hal_flash_ex.c" -mcpu=cortex-m4 -std=gnu11 -g3 -DDEBUG -DUSE_HAL_DRIVER -DSTM32F407xx -c -I../Core/Inc -I../Drivers/STM32F4xx_HAL_Driver/Inc -I../Drivers/STM32F4xx_HAL_Driver/Inc/Legacy -I../Drivers/CMSIS/Device/ST/STM32F4xx/Include -I../Drivers/CMSIS/Include -O0 -ffunction-sections -fdata-sections -Wall -fstack-usage -fcyclomatic-complexity -MMD -MP -MF"Drivers/STM32F4xx_HAL_Driver/Src/stm32f4xx_hal_flash_ex.d" -MT"Drivers/STM32F4xx_HAL_Driver/Src/stm32f4xx_hal_flash_ex.o" --specs=nano.specs -mfpu=fpv4-sp-d16 -mfloat-abi=hard -mthumb -o "Drivers/STM32F4xx_HAL_Driver/Src/stm32f4xx_hal_flash_ex.o"
arm-none-eabi-gcc "../Drivers/STM32F4xx_HAL_Driver/Src/stm32f4xx_hal_flash_ramfunc.c" -mcpu=cortex-m4 -std=gnu11 -g3 -DDEBUG -DUSE_HAL_DRIVER -DSTM32F407xx -c -I../Core/Inc -I../Drivers/STM32F4xx_HAL_Driver/Inc -I../Drivers/STM32F4xx_HAL_Driver/Inc/Legacy -I../Drivers/CMSIS/Device/ST/STM32F4xx/Include -I../Drivers/CMSIS/Include -O0 -ffunction-sections -fdata-sections -Wall -fstack-usage -fcyclomatic-complexity -MMD -MP -MF"Drivers/STM32F4xx_HAL_Driver/Src/stm32f4xx_hal_flash_ramfunc.d" -MT"Drivers/STM32F4xx_HAL_Driver/Src/stm32f4xx_hal_flash_ramfunc.o" --specs=nano.specs -mfpu=fpv4-sp-d16 -mfloat-abi=hard -mthumb -o "Drivers/STM32F4xx_HAL_Driver/Src/stm32f4xx_hal_flash_ramfunc.o"
arm-none-eabi-gcc "../Drivers/STM32F4xx_HAL_Driver/Src/stm32f4xx_hal_gpio.c" -mcpu=cortex-m4 -std=gnu11 -g3 -DDEBUG -DUSE_HAL_DRIVER -DSTM32F407xx -c -I../Core/Inc -I../Drivers/STM32F4xx_HAL_Driver/Inc -I../Drivers/STM32F4xx_HAL_Driver/Inc/Legacy -I../Drivers/CMSIS/Device/ST/STM32F4xx/Include -I../Drivers/CMSIS/Include -O0 -ffunction-sections -fdata-sections -Wall -fstack-usage -fcyclomatic-complexity -MMD -MP -MF"Drivers/STM32F4xx_HAL_Driver/Src/stm32f4xx_hal_gpio.d" -MT"Drivers/STM32F4xx_HAL_Driver/Src/stm32f4xx_hal_gpio.o" --specs=nano.specs -mfpu=fpv4-sp-d16 -mfloat-abi=hard -mthumb -o "Drivers/STM32F4xx_HAL_Driver/Src/stm32f4xx_hal_gpio.o"
arm-none-eabi-gcc "../Drivers/STM32F4xx_HAL_Driver/Src/stm32f4xx_hal_pwr.c" -mcpu=cortex-m4 -std=gnu11 -g3 -DDEBUG -DUSE_HAL_DRIVER -DSTM32F407xx -c -I../Core/Inc -I../Drivers/STM32F4xx_HAL_Driver/Inc -I../Drivers/STM32F4xx_HAL_Driver/Inc/Legacy -I../Drivers/CMSIS/Device/ST/STM32F4xx/Include -I../Drivers/CMSIS/Include -O0 -ffunction-sections -fdata-sections -Wall -fstack-usage -fcyclomatic-complexity -MMD -MP -MF"Drivers/STM32F4xx_HAL_Driver/Src/stm32f4xx_hal_pwr.d" -MT"Drivers/STM32F4xx_HAL_Driver/Src/stm32f4xx_hal_pwr.o" --specs=nano.specs -mfpu=fpv4-sp-d16 -mfloat-abi=hard -mthumb -o "Drivers/STM32F4xx_HAL_Driver/Src/stm32f4xx_hal_pwr.o"
arm-none-eabi-gcc "../Drivers/STM32F4xx_HAL_Driver/Src/stm32f4xx_hal_pwr_ex.c" -mcpu=cortex-m4 -std=gnu11 -g3 -DDEBUG -DUSE_HAL_DRIVER -DSTM32F407xx -c -I../Core/Inc -I../Drivers/STM32F4xx_HAL_Driver/Inc -I../Drivers/STM32F4xx_HAL_Driver/Inc/Legacy -I../Drivers/CMSIS/Device/ST/STM32F4xx/Include -I../Drivers/CMSIS/Include -O0 -ffunction-sections -fdata-sections -Wall -fstack-usage -fcyclomatic-complexity -MMD -MP -MF"Drivers/STM32F4xx_HAL_Driver/Src/stm32f4xx_hal_pwr_ex.d" -MT"Drivers/STM32F4xx_HAL_Driver/Src/stm32f4xx_hal_pwr_ex.o" --specs=nano.specs -mfpu=fpv4-sp-d16 -mfloat-abi=hard -mthumb -o "Drivers/STM32F4xx_HAL_Driver/Src/stm32f4xx_hal_pwr_ex.o"
arm-none-eabi-gcc "../Drivers/STM32F4xx_HAL_Driver/Src/stm32f4xx_hal_rcc.c" -mcpu=cortex-m4 -std=gnu11 -g3 -DDEBUG -DUSE_HAL_DRIVER -DSTM32F407xx -c -I../Core/Inc -I../Drivers/STM32F4xx_HAL_Driver/Inc -I../Drivers/STM32F4xx_HAL_Driver/Inc/Legacy -I../Drivers/CMSIS/Device/ST/STM32F4xx/Include -I../Drivers/CMSIS/Include -O0 -ffunction-sections -fdata-sections -Wall -fstack-usage -fcyclomatic-complexity -MMD -MP -MF"Drivers/STM32F4xx_HAL_Driver/Src/stm32f4xx_hal_rcc.d" -MT"Drivers/STM32F4xx_HAL_Driver/Src/stm32f4xx_hal_rcc.o" --specs=nano.specs -mfpu=fpv4-sp-d16 -mfloat-abi=hard -mthumb -o "Drivers/STM32F4xx_HAL_Driver/Src/stm32f4xx_hal_rcc.o"
arm-none-eabi-gcc "../Drivers/STM32F4xx_HAL_Driver/Src/stm32f4xx_hal_rcc_ex.c" -mcpu=cortex-m4 -std=gnu11 -g3 -DDEBUG -DUSE_HAL_DRIVER -DSTM32F407xx -c -I../Core/Inc -I../Drivers/STM32F4xx_HAL_Driver/Inc -I../Drivers/STM32F4xx_HAL_Driver/Inc/Legacy -I../Drivers/CMSIS/Device/ST/STM32F4xx/Include -I../Drivers/CMSIS/Include -O0 -ffunction-sections -fdata-sections -Wall -fstack-usage -fcyclomatic-complexity -MMD -MP -MF"Drivers/STM32F4xx_HAL_Driver/Src/stm32f4xx_hal_rcc_ex.d" -MT"Drivers/STM32F4xx_HAL_Driver/Src/stm32f4xx_hal_rcc_ex.o" --specs=nano.specs -mfpu=fpv4-sp-d16 -mfloat-abi=hard -mthumb -o "Drivers/STM32F4xx_HAL_Driver/Src/stm32f4xx_hal_rcc_ex.o"
arm-none-eabi-gcc "../Drivers/STM32F4xx_HAL_Driver/Src/stm32f4xx_hal_tim.c" -mcpu=cortex-m4 -std=gnu11 -g3 -DDEBUG -DUSE_HAL_DRIVER -DSTM32F407xx -c -I../Core/Inc -I../Drivers/STM32F4xx_HAL_Driver/Inc -I../Drivers/STM32F4xx_HAL_Driver/Inc/Legacy -I../Drivers/CMSIS/Device/ST/STM32F4xx/Include -I../Drivers/CMSIS/Include -O0 -ffunction-sections -fdata-sections -Wall -fstack-usage -fcyclomatic-complexity -MMD -MP -MF"Drivers/STM32F4xx_HAL_Driver/Src/stm32f4xx_hal_tim.d" -MT"Drivers/STM32F4xx_HAL_Driver/Src/stm32f4xx_hal_tim.o" --specs=nano.specs -mfpu=fpv4-sp-d16 -mfloat-abi=hard -mthumb -o "Drivers/STM32F4xx_HAL_Driver/Src/stm32f4xx_hal_tim.o"
arm-none-eabi-gcc "../Drivers/STM32F4xx_HAL_Driver/Src/stm32f4xx_hal_tim_ex.c" -mcpu=cortex-m4 -std=gnu11 -g3 -DDEBUG -DUSE_HAL_DRIVER -DSTM32F407xx -c -I../Core/Inc -I../Drivers/STM32F4xx_HAL_Driver/Inc -I../Drivers/STM32F4xx_HAL_Driver/Inc/Legacy -I../Drivers/CMSIS/Device/ST/STM32F4xx/Include -I../Drivers/CMSIS/Include -O0 -ffunction-sections -fdata-sections -Wall -fstack-usage -fcyclomatic-complexity -MMD -MP -MF"Drivers/STM32F4xx_HAL_Driver/Src/stm32f4xx_hal_tim_ex.d" -MT"Drivers/STM32F4xx_HAL_Driver/Src/stm32f4xx_hal_tim_ex.o" --specs=nano.specs -mfpu=fpv4-sp-d16 -mfloat-abi=hard -mthumb -o "Drivers/STM32F4xx_HAL_Driver/Src/stm32f4xx_hal_tim_ex.o"
arm-none-eabi-gcc "../Drivers/STM32F4xx_HAL_Driver/Src/stm32f4xx_hal_uart.c" -mcpu=cortex-m4 -std=gnu11 -g3 -DDEBUG -DUSE_HAL_DRIVER -DSTM32F407xx -c -I../Core/Inc -I../Drivers/STM32F4xx_HAL_Driver/Inc -I../Drivers/STM32F4xx_HAL_Driver/Inc/Legacy -I../Drivers/CMSIS/Device/ST/STM32F4xx/Include -I../Drivers/CMSIS/Include -O0 -ffunction-sections -fdata-sections -Wall -fstack-usage -fcyclomatic-complexity -MMD -MP -MF"Drivers/STM32F4xx_HAL_Driver/Src/stm32f4xx_hal_uart.d" -MT"Drivers/STM32F4xx_HAL_Driver/Src/stm32f4xx_hal_uart.o" --specs=nano.specs -mfpu=fpv4-sp-d16 -mfloat-abi=hard -mthumb -o "Drivers/STM32F4xx_HAL_Driver/Src/stm32f4xx_hal_uart.o"
arm-none-eabi-gcc -mcpu=cortex-m4 -g3 -DDEBUG -c -x assembler-with-cpp -MMD -MP -MF"Core/Startup/startup_stm32f407vgtx.d" -MT"Core/Startup/startup_stm32f407vgtx.o" --specs=nano.specs -mfpu=fpv4-sp-d16 -mfloat-abi=hard -mthumb -o "Core/Startup/startup_stm32f407vgtx.o" "../Core/Startup/startup_stm32f407vgtx.s"
arm-none-eabi-gcc "../Core/Src/main.c" -mcpu=cortex-m4 -std=gnu11 -g3 -DDEBUG -DUSE_HAL_DRIVER -DSTM32F407xx -c -I../Core/Inc -I../Drivers/STM32F4xx_HAL_Driver/Inc -I../Drivers/STM32F4xx_HAL_Driver/Inc/Legacy -I../Drivers/CMSIS/Device/ST/STM32F4xx/Include -I../Drivers/CMSIS/Include -O0 -ffunction-sections -fdata-sections -Wall -fstack-usage -fcyclomatic-complexity -MMD -MP -MF"Core/Src/main.d" -MT"Core/Src/main.o" --specs=nano.specs -mfpu=fpv4-sp-d16 -mfloat-abi=hard -mthumb -o "Core/Src/main.o"
arm-none-eabi-gcc "../Core/Src/stm32f4xx_hal_msp.c" -mcpu=cortex-m4 -std=gnu11 -g3 -DDEBUG -DUSE_HAL_DRIVER -DSTM32F407xx -c -I../Core/Inc -I../Drivers/STM32F4xx_HAL_Driver/Inc -I../Drivers/STM32F4xx_HAL_Driver/Inc/Legacy -I../Drivers/CMSIS/Device/ST/STM32F4xx/Include -I../Drivers/CMSIS/Include -O0 -ffunction-sections -fdata-sections -Wall -fstack-usage -fcyclomatic-complexity -MMD -MP -MF"Core/Src/stm32f4xx_hal_msp.d" -MT"Core/Src/stm32f4xx_hal_msp.o" --specs=nano.specs -mfpu=fpv4-sp-d16 -mfloat-abi=hard -mthumb -o "Core/Src/stm32f4xx_hal_msp.o"
arm-none-eabi-gcc "../Core/Src/stm32f4xx_it.c" -mcpu=cortex-m4 -std=gnu11 -g3 -DDEBUG -DUSE_HAL_DRIVER -DSTM32F407xx -c -I../Core/Inc -I../Drivers/STM32F4xx_HAL_Driver/Inc -I../Drivers/STM32F4xx_HAL_Driver/Inc/Legacy -I../Drivers/CMSIS/Device/ST/STM32F4xx/Include -I../Drivers/CMSIS/Include -O0 -ffunction-sections -fdata-sections -Wall -fstack-usage -fcyclomatic-complexity -MMD -MP -MF"Core/Src/stm32f4xx_it.d" -MT"Core/Src/stm32f4xx_it.o" --specs=nano.specs -mfpu=fpv4-sp-d16 -mfloat-abi=hard -mthumb -o "Core/Src/stm32f4xx_it.o"
arm-none-eabi-gcc "../Core/Src/syscalls.c" -mcpu=cortex-m4 -std=gnu11 -g3 -DDEBUG -DUSE_HAL_DRIVER -DSTM32F407xx -c -I../Core/Inc -I../Drivers/STM32F4xx_HAL_Driver/Inc -I../Drivers/STM32F4xx_HAL_Driver/Inc/Legacy -I../Drivers/CMSIS/Device/ST/STM32F4xx/Include -I../Drivers/CMSIS/Include -O0 -ffunction-sections -fdata-sections -Wall -fstack-usage -fcyclomatic-complexity -MMD -MP -MF"Core/Src/syscalls.d" -MT"Core/Src/syscalls.o" --specs=nano.specs -mfpu=fpv4-sp-d16 -mfloat-abi=hard -mthumb -o "Core/Src/syscalls.o"
arm-none-eabi-gcc "../Core/Src/sysmem.c" -mcpu=cortex-m4 -std=gnu11 -g3 -DDEBUG -DUSE_HAL_DRIVER -DSTM32F407xx -c -I../Core/Inc -I../Drivers/STM32F4xx_HAL_Driver/Inc -I../Drivers/STM32F4xx_HAL_Driver/Inc/Legacy -I../Drivers/CMSIS/Device/ST/STM32F4xx/Include -I../Drivers/CMSIS/Include -O0 -ffunction-sections -fdata-sections -Wall -fstack-usage -fcyclomatic-complexity -MMD -MP -MF"Core/Src/sysmem.d" -MT"Core/Src/sysmem.o" --specs=nano.specs -mfpu=fpv4-sp-d16 -mfloat-abi=hard -mthumb -o "Core/Src/sysmem.o"
arm-none-eabi-gcc "../Core/Src/system_stm32f4xx.c" -mcpu=cortex-m4 -std=gnu11 -g3 -DDEBUG -DUSE_HAL_DRIVER -DSTM32F407xx -c -I../Core/Inc -I../Drivers/STM32F4xx_HAL_Driver/Inc -I../Drivers/STM32F4xx_HAL_Driver/Inc/Legacy -I../Drivers/CMSIS/Device/ST/STM32F4xx/Include -I../Drivers/CMSIS/Include -O0 -ffunction-sections -fdata-sections -Wall -fstack-usage -fcyclomatic-complexity -MMD -MP -MF"Core/Src/system_stm32f4xx.d" -MT"Core/Src/system_stm32f4xx.o" --specs=nano.specs -mfpu=fpv4-sp-d16 -mfloat-abi=hard -mthumb -o "Core/Src/system_stm32f4xx.o"
arm-none-eabi-gcc -o "MFM383.elf" @"objects.list"   -mcpu=cortex-m4 -T"D:\Project_2026\Modbud_MFM383A-C\Source\MFM383_ProjectRs485\STM32F407VGT\MFM383\STM32F407VGTX_FLASH.ld" --specs=nosys.specs -Wl,-Map="MFM383.map" -Wl,--gc-sections -static --specs=nano.specs -mfpu=fpv4-sp-d16 -mfloat-abi=hard -mthumb -Wl,--start-group -lc -lm -Wl,--end-group
C:/ST/STM32CubeIDE_1.16.0/STM32CubeIDE/plugins/com.st.stm32cube.ide.mcu.externaltools.gnu-tools-for-stm32.12.3.rel1.win32_1.0.200.202406191623/tools/bin/../lib/gcc/arm-none-eabi/12.3.1/../../../../arm-none-eabi/bin/ld.exe: ./Core/Src/stm32f4xx_it.o: in function `USART1_IRQHandler':
D:/Project_2026/Modbud_MFM383A-C/Source/MFM383_ProjectRs485/STM32F407VGT/MFM383/Debug/../Core/Src/stm32f4xx_it.c:230: undefined reference to `huart1'
collect2.exe: error: ld returned 1 exit status
make: *** [makefile:64: MFM383.elf] Error 1
"make -j8 all" terminated with exit code 2. Build might be incomplete.
03:44:47 **** Incremental Build of configuration Debug for project MFM383 ****
make -j8 all 
arm-none-eabi-gcc -o "MFM383.elf" @"objects.list"   -mcpu=cortex-m4 -T"D:\Project_2026\Modbud_MFM383A-C\Source\MFM383_ProjectRs485\STM32F407VGT\MFM383\STM32F407VGTX_FLASH.ld" --specs=nosys.specs -Wl,-Map="MFM383.map" -Wl,--gc-sections -static --specs=nano.specs -mfpu=fpv4-sp-d16 -mfloat-abi=hard -mthumb -Wl,--start-group -lc -lm -Wl,--end-group
C:/ST/STM32CubeIDE_1.16.0/STM32CubeIDE/plugins/com.st.stm32cube.ide.mcu.externaltools.gnu-tools-for-stm32.12.3.rel1.win32_1.0.200.202406191623/tools/bin/../lib/gcc/arm-none-eabi/12.3.1/../../../../arm-none-eabi/bin/ld.exe: ./Core/Src/stm32f4xx_it.o: in function `USART1_IRQHandler':
D:/Project_2026/Modbud_MFM383A-C/Source/MFM383_ProjectRs485/STM32F407VGT/MFM383/Debug/../Core/Src/stm32f4xx_it.c:230: undefined reference to `huart1'
collect2.exe: error: ld returned 1 exit status
make: *** [makefile:64: MFM383.elf] Error 1
"make -j8 all" terminated with exit code 2. Build might be incomplete.
03:45:45 **** Incremental Build of configuration Debug for project MFM383 ****
make -j8 all 
arm-none-eabi-gcc -o "MFM383.elf" @"objects.list"   -mcpu=cortex-m4 -T"D:\Project_2026\Modbud_MFM383A-C\Source\MFM383_ProjectRs485\STM32F407VGT\MFM383\STM32F407VGTX_FLASH.ld" --specs=nosys.specs -Wl,-Map="MFM383.map" -Wl,--gc-sections -static --specs=nano.specs -mfpu=fpv4-sp-d16 -mfloat-abi=hard -mthumb -Wl,--start-group -lc -lm -Wl,--end-group
C:/ST/STM32CubeIDE_1.16.0/STM32CubeIDE/plugins/com.st.stm32cube.ide.mcu.externaltools.gnu-tools-for-stm32.12.3.rel1.win32_1.0.200.202406191623/tools/bin/../lib/gcc/arm-none-eabi/12.3.1/../../../../arm-none-eabi/bin/ld.exe: ./Core/Src/stm32f4xx_it.o: in function `USART1_IRQHandler':
D:/Project_2026/Modbud_MFM383A-C/Source/MFM383_ProjectRs485/STM32F407VGT/MFM383/Debug/../Core/Src/stm32f4xx_it.c:230: undefined reference to `huart1'
collect2.exe: error: ld returned 1 exit status
make: *** [makefile:64: MFM383.elf] Error 1
"make -j8 all" terminated with exit code 2. Build might be incomplete.
03:48:49 **** Incremental Build of configuration Debug for project MFM383 ****
make -j8 all 
arm-none-eabi-gcc "../Core/Src/main.c" -mcpu=cortex-m4 -std=gnu11 -g3 -DDEBUG -DUSE_HAL_DRIVER -DSTM32F407xx -c -I../Core/Inc -I../Drivers/STM32F4xx_HAL_Driver/Inc -I../Drivers/STM32F4xx_HAL_Driver/Inc/Legacy -I../Drivers/CMSIS/Device/ST/STM32F4xx/Include -I../Drivers/CMSIS/Include -O0 -ffunction-sections -fdata-sections -Wall -fstack-usage -fcyclomatic-complexity -MMD -MP -MF"Core/Src/main.d" -MT"Core/Src/main.o" --specs=nano.specs -mfpu=fpv4-sp-d16 -mfloat-abi=hard -mthumb -o "Core/Src/main.o"
arm-none-eabi-gcc "../Core/Src/stm32f4xx_it.c" -mcpu=cortex-m4 -std=gnu11 -g3 -DDEBUG -DUSE_HAL_DRIVER -DSTM32F407xx -c -I../Core/Inc -I../Drivers/STM32F4xx_HAL_Driver/Inc -I../Drivers/STM32F4xx_HAL_Driver/Inc/Legacy -I../Drivers/CMSIS/Device/ST/STM32F4xx/Include -I../Drivers/CMSIS/Include -O0 -ffunction-sections -fdata-sections -Wall -fstack-usage -fcyclomatic-complexity -MMD -MP -MF"Core/Src/stm32f4xx_it.d" -MT"Core/Src/stm32f4xx_it.o" --specs=nano.specs -mfpu=fpv4-sp-d16 -mfloat-abi=hard -mthumb -o "Core/Src/stm32f4xx_it.o"
arm-none-eabi-gcc -o "MFM383.elf" @"objects.list"   -mcpu=cortex-m4 -T"D:\Project_2026\Modbud_MFM383A-C\Source\MFM383_ProjectRs485\STM32F407VGT\MFM383\STM32F407VGTX_FLASH.ld" --specs=nosys.specs -Wl,-Map="MFM383.map" -Wl,--gc-sections -static --specs=nano.specs -mfpu=fpv4-sp-d16 -mfloat-abi=hard -mthumb -Wl,--start-group -lc -lm -Wl,--end-group
Finished building target: MFM383.elf
 
arm-none-eabi-size  MFM383.elf 
arm-none-eabi-objdump -h -S MFM383.elf  > "MFM383.list"
   text	   data	    bss	    dec	    hex	filename
  16268	     12	  32988	  49268	   c074	MFM383.elf
Finished building: default.size.stdout
 
Finished building: MFM383.list
 
03:48:59 **** Incremental Build of configuration Debug for project MFM383 ****
make -j8 all 
arm-none-eabi-size  MFM383.elf 
   text	   data	    bss	    dec	    hex	filename
  16268	     12	  32988	  49268	   c074	MFM383.elf
Finished building: default.size.stdout
 
