2026-06-04 05:47:06,119 [INFO] Activator:176 - 


2026-06-04 05:47:06,126 [INFO] Activator:177 - !SESSION log4j initialized
2026-06-04 05:47:13,822 [INFO] LogOutputStream:77 - [STDOUT_REDIRECT] 
2026-06-04 05:47:16,456 [INFO] ApplicationProperties:184 - Using Application install path: C:\ST\STM32CubeIDE_1.16.0\STM32CubeIDE\plugins\com.st.stm32cube.common.mx_6.12.0.202406281431
2026-06-04 05:47:16,484 [INFO] DbMcusXml:78 - Set database path to: C:\ST\STM32CubeIDE_1.16.0\STM32CubeIDE\plugins\com.st.stm32cube.common.mx_6.12.0.202406281431\\db\/mcu/
2026-06-04 05:47:16,484 [INFO] ApiDb:274 - Set plugin database path to: C:\ST\STM32CubeIDE_1.16.0\STM32CubeIDE\plugins\com.st.stm32cube.common.mx_6.12.0.202406281431\\db\/plugins/boardmanager/
2026-06-04 05:47:16,485 [WARN] ApiDb:259 - Overriding images path with different value:  => C:\ST\STM32CubeIDE_1.16.0\STM32CubeIDE\plugins\com.st.stm32cube.common.mx_6.12.0.202406281431\\db\/plugins/mcufinder/images/
2026-06-04 05:47:16,507 [INFO] ApiDb:250 - Set database path to: C:\Users\Admin\.stmcufinder\plugins\mcufinder//mcu/
2026-06-04 05:47:16,509 [INFO] DbMcusAds:125 - Set database path to: C:\Users\Admin\.stmcufinder\plugins\mcufinder//mcu/
2026-06-04 05:47:16,513 [INFO] CrossReferenceDbSqlite:203 - Set database path to: C:\Users\Admin\.stmcufinder\plugins\mcufinder//mcu/cs/
2026-06-04 05:47:16,695 [INFO] RulesReader:64 - Compatibility file has been processed (297 Rules)
2026-06-04 05:47:16,821 [INFO] DbMcusXml:78 - Set database path to: C:\ST\STM32CubeIDE_1.16.0\STM32CubeIDE\plugins\com.st.stm32cube.common.mx_6.12.0.202406281431\\db\/mcu/
2026-06-04 05:47:16,822 [INFO] ApiDb:274 - Set plugin database path to: C:\ST\STM32CubeIDE_1.16.0\STM32CubeIDE\plugins\com.st.stm32cube.common.mx_6.12.0.202406281431\\db\/plugins/boardmanager/
2026-06-04 05:47:16,822 [INFO] ApiDb:261 - Set plugin images path to: C:\ST\STM32CubeIDE_1.16.0\STM32CubeIDE\plugins\com.st.stm32cube.common.mx_6.12.0.202406281431\\db\/plugins/mcufinder/images/
2026-06-04 05:47:16,822 [WARN] DbFile:41 - Overriding database path with different value: C:\Users\Admin\.stmcufinder\plugins\mcufinder/ => C:\Users\Admin\.stmcufinder\plugins\mcufinder
2026-06-04 05:47:16,822 [INFO] ApiDb:250 - Set database path to: C:\Users\Admin\.stmcufinder\plugins\mcufinder//mcu/
2026-06-04 05:47:16,822 [WARN] DbFile:41 - Overriding database path with different value: C:\Users\Admin\.stmcufinder\plugins\mcufinder/ => C:\Users\Admin\.stmcufinder\plugins\mcufinder
2026-06-04 05:47:16,823 [INFO] DbMcusAds:125 - Set database path to: C:\Users\Admin\.stmcufinder\plugins\mcufinder//mcu/
2026-06-04 05:47:16,823 [WARN] DbFile:41 - Overriding database path with different value: C:\Users\Admin\.stmcufinder\plugins\mcufinder/ => C:\Users\Admin\.stmcufinder\plugins\mcufinder
2026-06-04 05:47:16,823 [WARN] DbFile:41 - Overriding database path with different value: C:\Users\Admin\.stmcufinder\plugins\mcufinder/ => C:\Users\Admin\.stmcufinder\plugins\mcufinder
2026-06-04 05:47:16,823 [INFO] CrossReferenceDbSqlite:203 - Set database path to: C:\Users\Admin\.stmcufinder\plugins\mcufinder//mcu/cs/
2026-06-04 05:47:17,037 [INFO] MainPanel:268 - HeapMemory: 268435456
2026-06-04 05:47:17,248 [INFO] DbMcusXml:78 - Set database path to: C:\ST\STM32CubeIDE_1.16.0\STM32CubeIDE\plugins\com.st.stm32cube.common.mx_6.12.0.202406281431\\db\/mcu/
2026-06-04 05:47:17,249 [INFO] ApiDb:274 - Set plugin database path to: C:\ST\STM32CubeIDE_1.16.0\STM32CubeIDE\plugins\com.st.stm32cube.common.mx_6.12.0.202406281431\\db\/plugins/boardmanager/
2026-06-04 05:47:17,249 [INFO] ApiDb:261 - Set plugin images path to: C:\ST\STM32CubeIDE_1.16.0\STM32CubeIDE\plugins\com.st.stm32cube.common.mx_6.12.0.202406281431\\db\/plugins/mcufinder/images/
2026-06-04 05:47:17,249 [WARN] DbFile:41 - Overriding database path with different value: C:\Users\Admin\.stmcufinder\plugins\mcufinder/ => C:\Users\Admin\.stmcufinder\plugins\mcufinder
2026-06-04 05:47:17,250 [INFO] ApiDb:250 - Set database path to: C:\Users\Admin\.stmcufinder\plugins\mcufinder//mcu/
2026-06-04 05:47:17,250 [WARN] DbFile:41 - Overriding database path with different value: C:\Users\Admin\.stmcufinder\plugins\mcufinder/ => C:\Users\Admin\.stmcufinder\plugins\mcufinder
2026-06-04 05:47:17,250 [INFO] DbMcusAds:125 - Set database path to: C:\Users\Admin\.stmcufinder\plugins\mcufinder//mcu/
2026-06-04 05:47:17,250 [WARN] DbFile:41 - Overriding database path with different value: C:\Users\Admin\.stmcufinder\plugins\mcufinder/ => C:\Users\Admin\.stmcufinder\plugins\mcufinder
2026-06-04 05:47:17,251 [WARN] DbFile:41 - Overriding database path with different value: C:\Users\Admin\.stmcufinder\plugins\mcufinder/ => C:\Users\Admin\.stmcufinder\plugins\mcufinder
2026-06-04 05:47:17,251 [INFO] CrossReferenceDbSqlite:203 - Set database path to: C:\Users\Admin\.stmcufinder\plugins\mcufinder//mcu/cs/
2026-06-04 05:47:17,281 [INFO] ApplicationProperties:184 - Using Application install path: C:\ST\STM32CubeIDE_1.16.0\STM32CubeIDE\plugins\com.st.stm32cube.common.mx_6.12.0.202406281431
2026-06-04 05:47:17,282 [INFO] PluginManage:196 - Search for loadable plugins [exclusion list=, ]
2026-06-04 05:47:17,285 [INFO] PluginManage:310 - Check plugin analytics
2026-06-04 05:47:17,519 [INFO] AnalyticsPlugin:253 - Accepted Software Licenses: 
2026-06-04 05:47:17,520 [INFO] AnalyticsPlugin:255 - Accepted CMSIS Pack Licenses: 
2026-06-04 05:47:17,521 [INFO] AnalyticsPlugin:257 - Accepted Firmware Licenses: 
2026-06-04 05:47:17,523 [INFO] PluginManage:359 - Loaded plugin analytics (category:tool,tabindex:-1)
2026-06-04 05:47:17,523 [INFO] PluginManage:310 - Check plugin cadmodel
2026-06-04 05:47:17,550 [INFO] CADModel:105 - Init CAD model plugin
2026-06-04 05:47:17,551 [INFO] PluginManage:359 - Loaded plugin cadmodel (category:power,tabindex:5)
2026-06-04 05:47:17,551 [INFO] PluginManage:310 - Check plugin clock
2026-06-04 05:47:17,584 [INFO] PluginManage:359 - Loaded plugin clock (category:base,tabindex:2)
2026-06-04 05:47:17,584 [INFO] PluginManage:310 - Check plugin ddr
2026-06-04 05:47:17,587 [INFO] PluginManage:359 - Loaded plugin ddr (category:tool,tabindex:6)
2026-06-04 05:47:17,587 [INFO] PluginManage:310 - Check plugin filemanager
2026-06-04 05:47:17,806 [INFO] PluginManage:359 - Loaded plugin filemanager (category:base,tabindex:10)
2026-06-04 05:47:17,806 [INFO] PluginManage:310 - Check plugin ipmanager
2026-06-04 05:47:17,817 [INFO] PluginManage:359 - Loaded plugin ipmanager (category:base,tabindex:5)
2026-06-04 05:47:17,817 [INFO] PluginManage:310 - Check plugin lpbam
2026-06-04 05:47:17,845 [INFO] PluginManage:359 - Loaded plugin lpbam (category:base,tabindex:0)
2026-06-04 05:47:17,845 [INFO] PluginManage:310 - Check plugin memorymap
2026-06-04 05:47:17,880 [INFO] PluginManage:359 - Loaded plugin memorymap (category:base,tabindex:4)
2026-06-04 05:47:17,880 [INFO] PluginManage:310 - Check plugin pinoutandconfiguration
2026-06-04 05:47:17,912 [INFO] PluginManage:359 - Loaded plugin pinoutandconfiguration (category:base,tabindex:1)
2026-06-04 05:47:17,912 [INFO] PluginManage:310 - Check plugin pinoutconfig
2026-06-04 05:47:18,059 [WARN] SupportedApi:132 - Cannot load RTOS API schema: s4s-elt-must-match.1: The content of 'definitions' must match (annotation?, (simpleType | complexType)?, (unique | key | keyref)*)). A problem was found starting at: attribute.
2026-06-04 05:47:18,294 [INFO] PluginManage:359 - Loaded plugin pinoutconfig (category:base,tabindex:0)
2026-06-04 05:47:18,294 [INFO] PluginManage:310 - Check plugin power
2026-06-04 05:47:18,326 [INFO] PluginManage:359 - Loaded plugin power (category:power,tabindex:4)
2026-06-04 05:47:18,326 [INFO] PluginManage:310 - Check plugin projectmanager
2026-06-04 05:47:18,351 [INFO] PluginManage:359 - Loaded plugin projectmanager (category:projectmanager,tabindex:4)
2026-06-04 05:47:18,351 [INFO] PluginManage:310 - Check plugin rif
2026-06-04 05:47:18,378 [INFO] PluginManage:359 - Loaded plugin rif (category:base,tabindex:3)
2026-06-04 05:47:18,378 [INFO] PluginManage:310 - Check plugin thirdparty
2026-06-04 05:47:18,799 [INFO] PluginManage:359 - Loaded plugin thirdparty (category:base,tabindex:-1)
2026-06-04 05:47:18,799 [WARN] IntegrityCheckThread:84 - waiting for thirdparty lock release [integrity check]
2026-06-04 05:47:18,800 [INFO] PluginManage:310 - Check plugin tools
2026-06-04 05:47:18,800 [INFO] IntegrityCheckThread:86 - entering critical section [integrity check]
2026-06-04 05:47:18,800 [INFO] ThirdPartyUpdaterWithRetryManager:70 - Updater plugin not ready yet. [1/15]
2026-06-04 05:47:18,871 [INFO] PluginManage:359 - Loaded plugin tools (category:base,tabindex:7)
2026-06-04 05:47:18,871 [INFO] PluginManage:310 - Check plugin tutovideos
2026-06-04 05:47:19,262 [INFO] PluginManage:359 - Loaded plugin tutovideos (category:base,tabindex:-1)
2026-06-04 05:47:19,262 [INFO] PluginManage:310 - Check plugin updater
2026-06-04 05:47:19,286 [INFO] PluginManage:359 - Loaded plugin updater (category:base,tabindex:12)
2026-06-04 05:47:19,287 [INFO] PluginManage:310 - Check plugin userauth
2026-06-04 05:47:19,296 [INFO] UserAuth:113 - Init User Auth plugin
2026-06-04 05:47:19,296 [INFO] PluginManage:359 - Loaded plugin userauth (category:base,tabindex:14)
2026-06-04 05:47:19,297 [INFO] PluginManage:283 - PluginManage : Loaded plugins [18]
2026-06-04 05:47:19,653 [INFO] PinOutPanel:1561 - setPackage(No Configuration,No Configuration)
2026-06-04 05:47:19,770 [INFO] McuFinderGlobals:63 - Set McuFinder mode to 2 (CubeIDE integrated)
2026-06-04 05:47:19,793 [INFO] CADModel:165 - CPN selected for project level
2026-06-04 05:47:19,793 [INFO] CADModel:114 - Register for checkConnection events
2026-06-04 05:47:19,832 [INFO] IPUIPlugin:80 - create IPUIPlugin
2026-06-04 05:47:19,832 [INFO] PluginManager:220 - loadIPPluginJar : add adc
2026-06-04 05:47:19,897 [INFO] IPUIPlugin:80 - create IPUIPlugin
2026-06-04 05:47:19,897 [INFO] PluginManager:220 - loadIPPluginJar : add aes
2026-06-04 05:47:19,975 [INFO] IPUIPlugin:80 - create IPUIPlugin
2026-06-04 05:47:19,975 [INFO] PluginManager:220 - loadIPPluginJar : add can
2026-06-04 05:47:19,979 [INFO] IPUIPlugin:80 - create IPUIPlugin
2026-06-04 05:47:19,979 [INFO] PluginManager:220 - loadIPPluginJar : add comp
2026-06-04 05:47:20,046 [INFO] IPUIPlugin:80 - create IPUIPlugin
2026-06-04 05:47:20,046 [INFO] PluginManager:220 - loadIPPluginJar : add cryp
2026-06-04 05:47:20,066 [INFO] IPUIPlugin:80 - create IPUIPlugin
2026-06-04 05:47:20,066 [INFO] PluginManager:220 - loadIPPluginJar : add ddr_ctrl_phy
2026-06-04 05:47:20,071 [INFO] IPUIPlugin:80 - create IPUIPlugin
2026-06-04 05:47:20,072 [INFO] PluginManager:220 - loadIPPluginJar : add dfsdm
2026-06-04 05:47:20,091 [INFO] IPUIPlugin:80 - create IPUIPlugin
2026-06-04 05:47:20,092 [INFO] PluginManager:220 - loadIPPluginJar : add dma
2026-06-04 05:47:20,190 [INFO] IPUIPlugin:80 - create IPUIPlugin
2026-06-04 05:47:20,190 [INFO] PluginManager:220 - loadIPPluginJar : add dma3
2026-06-04 05:47:20,275 [INFO] IPUIPlugin:80 - create IPUIPlugin
2026-06-04 05:47:20,275 [INFO] PluginManager:220 - loadIPPluginJar : add extmemmanager
2026-06-04 05:47:20,314 [INFO] IPUIPlugin:80 - create IPUIPlugin
2026-06-04 05:47:20,314 [INFO] PluginManager:220 - loadIPPluginJar : add fatfs
2026-06-04 05:47:20,410 [INFO] IPUIPlugin:80 - create IPUIPlugin
2026-06-04 05:47:20,410 [INFO] PluginManager:220 - loadIPPluginJar : add fmc
2026-06-04 05:47:20,437 [INFO] IPUIPlugin:80 - create IPUIPlugin
2026-06-04 05:47:20,437 [INFO] PluginManager:220 - loadIPPluginJar : add freertos
2026-06-04 05:47:20,477 [INFO] IPUIPlugin:80 - create IPUIPlugin
2026-06-04 05:47:20,477 [INFO] PluginManager:220 - loadIPPluginJar : add genericplugin
2026-06-04 05:47:20,652 [INFO] IPUIPlugin:80 - create IPUIPlugin
2026-06-04 05:47:20,653 [INFO] PluginManager:220 - loadIPPluginJar : add gfxmmu
2026-06-04 05:47:20,892 [INFO] IPUIPlugin:80 - create IPUIPlugin
2026-06-04 05:47:20,892 [INFO] PluginManager:220 - loadIPPluginJar : add gic
2026-06-04 05:47:20,920 [INFO] IPUIPlugin:80 - create IPUIPlugin
2026-06-04 05:47:20,920 [INFO] PluginManager:220 - loadIPPluginJar : add gpio
2026-06-04 05:47:21,102 [INFO] IPUIPlugin:80 - create IPUIPlugin
2026-06-04 05:47:21,102 [INFO] PluginManager:220 - loadIPPluginJar : add gtzc
2026-06-04 05:47:21,171 [INFO] IPUIPlugin:80 - create IPUIPlugin
2026-06-04 05:47:21,171 [INFO] PluginManager:220 - loadIPPluginJar : add hash
2026-06-04 05:47:21,262 [INFO] IPUIPlugin:80 - create IPUIPlugin
2026-06-04 05:47:21,262 [INFO] PluginManager:220 - loadIPPluginJar : add i2c
2026-06-04 05:47:21,315 [INFO] IPUIPlugin:80 - create IPUIPlugin
2026-06-04 05:47:21,315 [INFO] PluginManager:220 - loadIPPluginJar : add i2s
2026-06-04 05:47:21,369 [INFO] IPUIPlugin:80 - create IPUIPlugin
2026-06-04 05:47:21,369 [INFO] PluginManager:220 - loadIPPluginJar : add i3c
2026-06-04 05:47:21,499 [INFO] IPUIPlugin:80 - create IPUIPlugin
2026-06-04 05:47:21,499 [INFO] PluginManager:220 - loadIPPluginJar : add ipddr
2026-06-04 05:47:21,607 [INFO] IPUIPlugin:80 - create IPUIPlugin
2026-06-04 05:47:21,607 [INFO] PluginManager:220 - loadIPPluginJar : add linkedlist
2026-06-04 05:47:21,651 [INFO] IPUIPlugin:80 - create IPUIPlugin
2026-06-04 05:47:21,651 [INFO] PluginManager:220 - loadIPPluginJar : add lorawan
2026-06-04 05:47:21,698 [INFO] IPUIPlugin:80 - create IPUIPlugin
2026-06-04 05:47:21,698 [INFO] PluginManager:220 - loadIPPluginJar : add ltdc
2026-06-04 05:47:21,713 [INFO] IPUIPlugin:80 - create IPUIPlugin
2026-06-04 05:47:21,713 [INFO] PluginManager:220 - loadIPPluginJar : add mdma
2026-06-04 05:47:21,728 [INFO] IPUIPlugin:80 - create IPUIPlugin
2026-06-04 05:47:21,728 [INFO] PluginManager:220 - loadIPPluginJar : add nvic
2026-06-04 05:47:21,773 [INFO] IPUIPlugin:80 - create IPUIPlugin
2026-06-04 05:47:21,773 [INFO] PluginManager:220 - loadIPPluginJar : add opamp
2026-06-04 05:47:21,801 [INFO] ThirdPartyUpdaterWithRetryManager:70 - Updater plugin not ready yet. [2/15]
2026-06-04 05:47:21,846 [INFO] IPUIPlugin:80 - create IPUIPlugin
2026-06-04 05:47:21,846 [INFO] PluginManager:220 - loadIPPluginJar : add openamp
2026-06-04 05:47:21,900 [INFO] IPUIPlugin:80 - create IPUIPlugin
2026-06-04 05:47:21,901 [INFO] PluginManager:220 - loadIPPluginJar : add pdm2pcm
2026-06-04 05:47:21,917 [INFO] IPUIPlugin:80 - create IPUIPlugin
2026-06-04 05:47:21,919 [INFO] PluginManager:220 - loadIPPluginJar : add plateformsettings
2026-06-04 05:47:21,945 [INFO] IPUIPlugin:80 - create IPUIPlugin
2026-06-04 05:47:21,945 [INFO] PluginManager:220 - loadIPPluginJar : add quadspi
2026-06-04 05:47:21,976 [INFO] IPUIPlugin:80 - create IPUIPlugin
2026-06-04 05:47:21,976 [INFO] PluginManager:220 - loadIPPluginJar : add radio
2026-06-04 05:47:21,991 [INFO] IPUIPlugin:80 - create IPUIPlugin
2026-06-04 05:47:21,991 [INFO] PluginManager:220 - loadIPPluginJar : add resmgrutility
2026-06-04 05:47:22,050 [INFO] IPUIPlugin:80 - create IPUIPlugin
2026-06-04 05:47:22,051 [INFO] PluginManager:220 - loadIPPluginJar : add sai
2026-06-04 05:47:22,096 [INFO] IPUIPlugin:80 - create IPUIPlugin
2026-06-04 05:47:22,096 [INFO] PluginManager:220 - loadIPPluginJar : add spi
2026-06-04 05:47:22,179 [INFO] IPUIPlugin:80 - create IPUIPlugin
2026-06-04 05:47:22,180 [INFO] PluginManager:220 - loadIPPluginJar : add stm32_wpan
2026-06-04 05:47:22,209 [INFO] IPUIPlugin:80 - create IPUIPlugin
2026-06-04 05:47:22,209 [INFO] PluginManager:220 - loadIPPluginJar : add tim
2026-06-04 05:47:22,286 [INFO] IPUIPlugin:80 - create IPUIPlugin
2026-06-04 05:47:22,286 [INFO] PluginManager:220 - loadIPPluginJar : add touchsensing
2026-06-04 05:47:22,313 [INFO] IPUIPlugin:80 - create IPUIPlugin
2026-06-04 05:47:22,313 [INFO] PluginManager:220 - loadIPPluginJar : add tracer_emb
2026-06-04 05:47:22,339 [INFO] IPUIPlugin:80 - create IPUIPlugin
2026-06-04 05:47:22,340 [INFO] PluginManager:220 - loadIPPluginJar : add ts
2026-06-04 05:47:22,367 [INFO] IPUIPlugin:80 - create IPUIPlugin
2026-06-04 05:47:22,367 [INFO] PluginManager:220 - loadIPPluginJar : add tsc
2026-06-04 05:47:22,395 [INFO] IPUIPlugin:80 - create IPUIPlugin
2026-06-04 05:47:22,396 [INFO] PluginManager:220 - loadIPPluginJar : add ucpd
2026-06-04 05:47:22,450 [INFO] IPUIPlugin:80 - create IPUIPlugin
2026-06-04 05:47:22,450 [INFO] PluginManager:220 - loadIPPluginJar : add usart
2026-06-04 05:47:22,501 [INFO] IPUIPlugin:80 - create IPUIPlugin
2026-06-04 05:47:22,501 [INFO] PluginManager:220 - loadIPPluginJar : add usbx
2026-06-04 05:47:22,633 [INFO] CADModel:165 - CPN selected for project level
2026-06-04 05:47:22,633 [INFO] CADModel:114 - Register for checkConnection events
2026-06-04 05:47:22,633 [FATAL] Updater:334 - Updater called before beeing initialized
2026-06-04 05:47:22,634 [ERROR] CADModel:125 - Updater not yet initialized, retry later 
2026-06-04 05:47:22,786 [INFO] CADModel:165 - CPN selected for project level
2026-06-04 05:47:22,786 [INFO] CADModel:114 - Register for checkConnection events
2026-06-04 05:47:22,786 [FATAL] Updater:334 - Updater called before beeing initialized
2026-06-04 05:47:22,786 [ERROR] CADModel:125 - Updater not yet initialized, retry later 
2026-06-04 05:47:22,789 [FATAL] Updater:334 - Updater called before beeing initialized
2026-06-04 05:47:22,912 [FATAL] Updater:334 - Updater called before beeing initialized
2026-06-04 05:47:22,927 [INFO] DbMcusAds:53 - JSON generation date=Thu May 28 23:08:17 GMT+07:00 2026 (1779984497073)
2026-06-04 05:47:22,927 [FATAL] Updater:334 - Updater called before beeing initialized
2026-06-04 05:47:22,979 [WARN] DetailPanel:346 - Failed to get advertising image, set to default
2026-06-04 05:47:23,106 [FATAL] Updater:334 - Updater called before beeing initialized
2026-06-04 05:47:23,108 [FATAL] Updater:334 - Updater called before beeing initialized
2026-06-04 05:47:23,108 [FATAL] Updater:334 - Updater called before beeing initialized
2026-06-04 05:47:23,108 [WARN] DetailPanel:346 - Failed to get advertising image, set to default
2026-06-04 05:47:23,109 [FATAL] Updater:334 - Updater called before beeing initialized
2026-06-04 05:47:23,175 [ERROR] Updater:1164 - MainUpdater not yet initialized. External WinMGr cannot be set.
2026-06-04 05:47:23,188 [INFO] Updater:1100 - Updater Version found : 6.12.0
2026-06-04 05:47:23,203 [INFO] ApplicationProperties:184 - Using Application install path: C:\ST\STM32CubeIDE_1.16.0\STM32CubeIDE\plugins\com.st.stm32cube.common.mx_6.12.0.202406281431
2026-06-04 05:47:23,807 [INFO] MainUpdater:2873 - connection check result : 10
2026-06-04 05:47:23,807 [INFO] MainUpdater:290 - Updater Check For Update Now.
2026-06-04 05:47:23,807 [INFO] MicroXplorer:498 - Change Database Version : DB.6.0.120
2026-06-04 05:47:23,815 [INFO] McuFinderGlobals:63 - Set McuFinder mode to 2 (CubeIDE integrated)
2026-06-04 05:47:23,818 [INFO] UserAuth:417 - Internet connection configuration mode: 1
2026-06-04 05:47:23,860 [INFO] JxBrowserEngine:152 - Initiate JxBrowser Engine with user profile folder
2026-06-04 05:47:24,067 [INFO] CheckServerUpdateThread:120 - End of CheckServer Thread
2026-06-04 05:47:24,237 [INFO] MainUpdater:2873 - connection check result : 10
2026-06-04 05:47:24,239 [INFO] MainUpdater:2873 - connection check result : 10
2026-06-04 05:47:24,408 [INFO] RulesReader:64 - Compatibility file has been processed (297 Rules)
2026-06-04 05:47:24,423 [INFO] RulesReader:64 - Compatibility file has been processed (297 Rules)
2026-06-04 05:47:24,427 [INFO] MicroXplorer:468 - Change Database Path : 
2026-06-04 05:47:24,427 [INFO] MicroXplorer:498 - Change Database Version : DB.6.0.120
2026-06-04 05:47:24,442 [WARN] ThirdParty:871 - waiting for thirdparty lock release [close project]
2026-06-04 05:47:25,226 [WARN] PackLoader:240 - Cannot read IP mode file for STMicroelectronics.X-CUBE-AZRTOS-H7.3.5.0
2026-06-04 05:47:25,244 [WARN] PackLoader:240 - Cannot read IP mode file for STMicroelectronics.FP-SNS-MOTENVWB1.1.4.0
2026-06-04 05:47:25,266 [WARN] PackLoader:240 - Cannot read IP mode file for STMicroelectronics.FP-ATR-ASTRA1.2.0.2
2026-06-04 05:47:25,286 [WARN] PackLoader:240 - Cannot read IP mode file for STMicroelectronics.FP-ATR-ASTRA1.2.0.1
2026-06-04 05:47:25,306 [ERROR] Engine:466 - C:\Users\Admin\.stm32cubemx\thirdparties\pdsc\STMicroelectronics.X-CUBE-SMBUS.2.1.1.pdsc: PDSC version is not supported
2026-06-04 05:47:25,325 [WARN] PackLoader:240 - Cannot read IP mode file for STMicroelectronics.X-CUBE-SMBUS.2.1.0
2026-06-04 05:47:25,347 [WARN] PackLoader:240 - Cannot read IP mode file for STMicroelectronics.X-CUBE-WB05N.1.1.0
2026-06-04 05:47:25,366 [ERROR] Engine:466 - C:\Users\Admin\.stm32cubemx\thirdparties\pdsc\STMicroelectronics.X-CUBE-ST60.1.0.0.pdsc: PDSC version is not supported
2026-06-04 05:47:25,409 [WARN] PackLoader:240 - Cannot read IP mode file for STMicroelectronics.X-CUBE-AZRTOS-F7.1.1.0
2026-06-04 05:47:25,494 [WARN] PackLoader:240 - Cannot read IP mode file for STMicroelectronics.X-CUBE-MEMS1.11.0.0
2026-06-04 05:47:25,774 [ERROR] Engine:466 - C:\Users\Admin\.stm32cubemx\thirdparties\pdsc\STMicroelectronics.FP-SNS-MOTENV1.5.1.0.pdsc: PDSC version is not supported
2026-06-04 05:47:25,793 [WARN] PackLoader:240 - Cannot read IP mode file for STMicroelectronics.FP-SNS-FLIGHT1.5.0.2
2026-06-04 05:47:25,850 [WARN] PackLoader:240 - Cannot read IP mode file for STMicroelectronics.X-CUBE-AZRTOS-H7.3.4.0
2026-06-04 05:47:25,882 [WARN] PackLoader:240 - Cannot read IP mode file for STMicroelectronics.X-CUBE-DISPLAY.3.0.0
2026-06-04 05:47:25,907 [WARN] PackLoader:240 - Cannot read IP mode file for STMicroelectronics.X-CUBE-GNSS1.7.1.1
2026-06-04 05:47:25,925 [ERROR] Engine:466 - C:\Users\Admin\.stm32cubemx\thirdparties\pdsc\STMicroelectronics.FP-SNS-MOTENVWB1.1.5.0.pdsc: PDSC version is not supported
2026-06-04 05:47:25,940 [WARN] PackLoader:240 - Cannot read IP mode file for STMicroelectronics.X-CUBE-BLE1.7.0.0
2026-06-04 05:47:25,959 [WARN] PackLoader:240 - Cannot read IP mode file for STMicroelectronics.X-CUBE-NFC10.1.0.0
2026-06-04 05:47:25,984 [WARN] PackLoader:240 - Cannot read IP mode file for STMicroelectronics.X-CUBE-BLEMGR.4.0.0
2026-06-04 05:47:26,000 [ERROR] Engine:466 - C:\Users\Admin\.stm32cubemx\thirdparties\pdsc\STMicroelectronics.X-CUBE-ST60.1.1.0.pdsc: PDSC version is not supported
2026-06-04 05:47:26,044 [WARN] PackLoader:240 - Cannot read IP mode file for emotas.I-CUBE-CANOPEN.1.3.0
2026-06-04 05:47:26,236 [WARN] PackLoader:240 - Cannot read IP mode file for STMicroelectronics.X-CUBE-GNSS1.7.1.0
2026-06-04 05:47:26,509 [WARN] PackLoader:240 - Cannot read IP mode file for STMicroelectronics.X-CUBE-BLEMGR.3.1.0
2026-06-04 05:47:26,529 [WARN] PackLoader:240 - Cannot read IP mode file for STMicroelectronics.X-CUBE-AI.10.0.0
2026-06-04 05:47:26,548 [ERROR] Engine:466 - C:\Users\Admin\.stm32cubemx\thirdparties\pdsc\STMicroelectronics.FP-SNS-STBOX1.2.1.0.pdsc: PDSC version is not supported
2026-06-04 05:47:26,564 [WARN] PackLoader:240 - Cannot read IP mode file for STMicroelectronics.FP-SNS-SMARTAG2.1.2.0
2026-06-04 05:47:26,579 [ERROR] Engine:466 - C:\Users\Admin\.stm32cubemx\thirdparties\pdsc\STMicroelectronics.FP-SNS-FLIGHT1.5.1.0.pdsc: PDSC version is not supported
2026-06-04 05:47:26,684 [WARN] PackLoader:240 - Cannot read IP mode file for STMicroelectronics.X-CUBE-MEMS1.11.1.0
2026-06-04 05:47:26,996 [INFO] LogOutputStream:77 - [STDOUT_REDIRECT] 1 : Invalid condition id : UX_CORESTACK_Condition cause : null
2026-06-04 05:47:26,999 [INFO] LogOutputStream:77 - [STDOUT_REDIRECT] 1 : Invalid condition id : UX_CORESTACK_Condition cause : null
2026-06-04 05:47:27,000 [INFO] LogOutputStream:77 - [STDOUT_REDIRECT] 1 : Invalid condition id : UX_CORESTACK_Condition cause : null
2026-06-04 05:47:27,002 [INFO] LogOutputStream:77 - [STDOUT_REDIRECT] 1 : Invalid condition id : UX_CORESTACK_Condition cause : null
2026-06-04 05:47:27,004 [INFO] LogOutputStream:77 - [STDOUT_REDIRECT] 1 : Invalid condition id : UX_CORESTACK_Condition cause : null
2026-06-04 05:47:27,008 [WARN] PackLoader:240 - Cannot read IP mode file for STMicroelectronics.X-CUBE-AZRTOS-WL.2.0.0
2026-06-04 05:47:27,038 [WARN] PackLoader:240 - Cannot read IP mode file for STMicroelectronics.FP-SNS-MOTENV1.5.0.0
2026-06-04 05:47:27,089 [WARN] PackLoader:240 - Cannot read IP mode file for STMicroelectronics.X-CUBE-AZRTOS-H7RS.1.2.0
2026-06-04 05:47:27,114 [WARN] PackLoader:240 - Cannot read IP mode file for wolfSSL.I-CUBE-wolfMQTT.1.19.0
2026-06-04 05:47:27,140 [WARN] PackLoader:240 - Cannot read IP mode file for WES.I-CUBE-Cesium.1.3.0
2026-06-04 05:47:27,144 [INFO] WebApp:167 - Instantiating new browser for Auth
2026-06-04 05:47:27,164 [WARN] PackLoader:240 - Cannot read IP mode file for STMicroelectronics.X-CUBE-BLE2.3.3.0
2026-06-04 05:47:27,187 [ERROR] Engine:466 - C:\Users\Admin\.stm32cubemx\thirdparties\pdsc\Avnet-IOTCONNECT.X-CUBE-iotc-st67-sdk.1.0.0.pdsc: PDSC version is not supported
2026-06-04 05:47:27,219 [WARN] PackLoader:240 - Cannot read IP mode file for STMicroelectronics.X-CUBE-NFC9.1.0.0
2026-06-04 05:47:27,250 [WARN] PackLoader:240 - Cannot read IP mode file for STMicroelectronics.X-CUBE-BLE1.7.1.0
2026-06-04 05:47:27,283 [WARN] PackLoader:240 - Cannot read IP mode file for STMicroelectronics.X-CUBE-TCPP.4.1.0
2026-06-04 05:47:27,306 [ERROR] Engine:466 - C:\Users\Admin\.stm32cubemx\thirdparties\pdsc\STMicroelectronics.X-CUBE-FREERTOS.1.4.0.pdsc: PDSC version is not supported
2026-06-04 05:47:27,337 [WARN] PackLoader:240 - Cannot read IP mode file for STMicroelectronics.X-CUBE-EEPRMA1.5.2.0
2026-06-04 05:47:27,365 [ERROR] Engine:466 - C:\Users\Admin\.stm32cubemx\thirdparties\pdsc\STMicroelectronics.X-CUBE-ST67W61.1.1.0.pdsc: PDSC version is not supported
2026-06-04 05:47:27,386 [ERROR] Engine:466 - C:\Users\Admin\.stm32cubemx\thirdparties\pdsc\STMicroelectronics.FP-SNS-STAIOTCFT.1.1.0.pdsc: PDSC version is not supported
2026-06-04 05:47:27,481 [WARN] PackLoader:240 - Cannot read IP mode file for STMicroelectronics.X-CUBE-MEMS1.12.0.0
2026-06-04 05:47:27,637 [WARN] PackLoader:240 - Cannot read IP mode file for STMicroelectronics.X-CUBE-MEMS1.11.2.0
2026-06-04 05:47:27,800 [WARN] PackLoader:240 - Cannot read IP mode file for STMicroelectronics.X-CUBE-AZRTOS-G0.1.1.0
2026-06-04 05:47:27,829 [WARN] PackLoader:240 - Cannot read IP mode file for STMicroelectronics.X-CUBE-SAFEA1.1.2.2
2026-06-04 05:47:27,854 [WARN] PackLoader:240 - Cannot read IP mode file for STMicroelectronics.X-CUBE-NFC4.3.0.0
2026-06-04 05:47:27,894 [WARN] PackLoader:240 - Cannot read IP mode file for EmbeddedOffice.I-CUBE-FS-RTOS.1.0.1
2026-06-04 05:47:27,895 [ERROR] ConditionMgr:805 - Attr not supported : Dmpu
2026-06-04 05:47:27,895 [ERROR] ConditionMgr:805 - Attr not supported : Dmpu
2026-06-04 05:47:27,895 [ERROR] ConditionMgr:805 - Attr not supported : Dmpu
2026-06-04 05:47:27,895 [ERROR] ConditionMgr:805 - Attr not supported : Dmpu
2026-06-04 05:47:27,895 [ERROR] ConditionMgr:805 - Attr not supported : Dmpu
2026-06-04 05:47:27,895 [ERROR] ConditionMgr:805 - Attr not supported : Dmpu
2026-06-04 05:47:27,895 [ERROR] ConditionMgr:805 - Attr not supported : Dmpu
2026-06-04 05:47:27,895 [ERROR] ConditionMgr:805 - Attr not supported : Dmpu
2026-06-04 05:47:27,895 [ERROR] ConditionMgr:805 - Attr not supported : Dmpu
2026-06-04 05:47:27,895 [ERROR] ConditionMgr:805 - Attr not supported : Dmpu
2026-06-04 05:47:27,896 [ERROR] ConditionMgr:805 - Attr not supported : Dmpu
2026-06-04 05:47:27,896 [ERROR] ConditionMgr:805 - Attr not supported : Dmpu
2026-06-04 05:47:27,896 [ERROR] ConditionMgr:805 - Attr not supported : Dmpu
2026-06-04 05:47:27,896 [ERROR] ConditionMgr:805 - Attr not supported : Dmpu
2026-06-04 05:47:27,896 [ERROR] ConditionMgr:805 - Attr not supported : Dmpu
2026-06-04 05:47:27,896 [ERROR] ConditionMgr:805 - Attr not supported : Dmpu
2026-06-04 05:47:27,896 [ERROR] ConditionMgr:805 - Attr not supported : Dmpu
2026-06-04 05:47:27,896 [ERROR] ConditionMgr:805 - Attr not supported : Dmpu
2026-06-04 05:47:27,896 [ERROR] ConditionMgr:805 - Attr not supported : Dmpu
2026-06-04 05:47:27,896 [ERROR] ConditionMgr:805 - Attr not supported : Dmpu
2026-06-04 05:47:27,897 [ERROR] ConditionMgr:805 - Attr not supported : Dmpu
2026-06-04 05:47:27,897 [ERROR] ConditionMgr:805 - Attr not supported : Dmpu
2026-06-04 05:47:27,897 [ERROR] ConditionMgr:805 - Attr not supported : Dmpu
2026-06-04 05:47:27,897 [ERROR] ConditionMgr:805 - Attr not supported : Dmpu
2026-06-04 05:47:27,897 [ERROR] ConditionMgr:805 - Attr not supported : Dmpu
2026-06-04 05:47:27,897 [ERROR] ConditionMgr:805 - Attr not supported : Dmpu
2026-06-04 05:47:27,897 [ERROR] ConditionMgr:805 - Attr not supported : Dmpu
2026-06-04 05:47:27,897 [ERROR] ConditionMgr:805 - Attr not supported : Dmpu
2026-06-04 05:47:27,897 [ERROR] ConditionMgr:805 - Attr not supported : Dmpu
2026-06-04 05:47:27,897 [ERROR] ConditionMgr:805 - Attr not supported : Dmpu
2026-06-04 05:47:27,897 [ERROR] ConditionMgr:805 - Attr not supported : Dmpu
2026-06-04 05:47:27,898 [ERROR] ConditionMgr:805 - Attr not supported : Dmpu
2026-06-04 05:47:27,898 [ERROR] ConditionMgr:805 - Attr not supported : Dmpu
2026-06-04 05:47:27,898 [ERROR] ConditionMgr:805 - Attr not supported : Dmpu
2026-06-04 05:47:27,902 [ERROR] ConditionMgr:805 - Attr not supported : Dmpu
2026-06-04 05:47:27,902 [ERROR] ConditionMgr:805 - Attr not supported : Dmpu
2026-06-04 05:47:27,903 [ERROR] ConditionMgr:805 - Attr not supported : Dmpu
2026-06-04 05:47:27,903 [ERROR] ConditionMgr:805 - Attr not supported : Dmpu
2026-06-04 05:47:27,903 [ERROR] ConditionMgr:805 - Attr not supported : Dmpu
2026-06-04 05:47:27,904 [ERROR] ConditionMgr:805 - Attr not supported : Dmpu
2026-06-04 05:47:27,904 [ERROR] ConditionMgr:805 - Attr not supported : Dmpu
2026-06-04 05:47:27,904 [ERROR] ConditionMgr:805 - Attr not supported : Dmpu
2026-06-04 05:47:27,904 [ERROR] ConditionMgr:805 - Attr not supported : Dmpu
2026-06-04 05:47:27,904 [ERROR] ConditionMgr:805 - Attr not supported : Dmpu
2026-06-04 05:47:27,904 [ERROR] ConditionMgr:805 - Attr not supported : Dmpu
2026-06-04 05:47:27,904 [ERROR] ConditionMgr:805 - Attr not supported : Dmpu
2026-06-04 05:47:27,904 [ERROR] ConditionMgr:805 - Attr not supported : Dmpu
2026-06-04 05:47:27,904 [ERROR] ConditionMgr:805 - Attr not supported : Dmpu
2026-06-04 05:47:27,905 [ERROR] ConditionMgr:805 - Attr not supported : Dmpu
2026-06-04 05:47:27,905 [ERROR] ConditionMgr:805 - Attr not supported : Dmpu
2026-06-04 05:47:27,905 [ERROR] ConditionMgr:805 - Attr not supported : Dmpu
2026-06-04 05:47:27,905 [ERROR] ConditionMgr:805 - Attr not supported : Dmpu
2026-06-04 05:47:27,905 [ERROR] ConditionMgr:805 - Attr not supported : Dmpu
2026-06-04 05:47:27,905 [ERROR] ConditionMgr:805 - Attr not supported : Dmpu
2026-06-04 05:47:27,905 [ERROR] ConditionMgr:805 - Attr not supported : Dmpu
2026-06-04 05:47:27,905 [ERROR] ConditionMgr:805 - Attr not supported : Dmpu
2026-06-04 05:47:27,905 [ERROR] ConditionMgr:805 - Attr not supported : Dmpu
2026-06-04 05:47:27,905 [ERROR] ConditionMgr:805 - Attr not supported : Dmpu
2026-06-04 05:47:27,905 [ERROR] ConditionMgr:805 - Attr not supported : Dmpu
2026-06-04 05:47:27,906 [ERROR] ConditionMgr:805 - Attr not supported : Dmpu
2026-06-04 05:47:27,906 [ERROR] ConditionMgr:805 - Attr not supported : Dmpu
2026-06-04 05:47:27,906 [ERROR] ConditionMgr:805 - Attr not supported : Dmpu
2026-06-04 05:47:27,906 [ERROR] ConditionMgr:805 - Attr not supported : Dmpu
2026-06-04 05:47:27,906 [ERROR] ConditionMgr:805 - Attr not supported : Dmpu
2026-06-04 05:47:27,931 [WARN] PackLoader:240 - Cannot read IP mode file for STMicroelectronics.X-CUBE-WB05N.2.0.0
2026-06-04 05:47:27,955 [ERROR] Engine:466 - C:\Users\Admin\.stm32cubemx\thirdparties\pdsc\STMicroelectronics.X-CUBE-TCPP.4.2.0.pdsc: PDSC version is not supported
2026-06-04 05:47:27,975 [WARN] PackLoader:240 - Cannot read IP mode file for RealThread.X-CUBE-RT-Thread_Nano.4.1.1
2026-06-04 05:47:27,994 [WARN] PackLoader:240 - Cannot read IP mode file for STMicroelectronics.FP-ATR-SIGFOX1.3.2.0
2026-06-04 05:47:28,010 [WARN] PackLoader:240 - Cannot read IP mode file for wolfSSL.I-CUBE-wolfSSL.5.7.2
2026-06-04 05:47:28,018 [WARN] ConditionMgr:438 - getConditionDescription Invalid condition id : Cortex-A Device cause : null
2026-06-04 05:47:28,045 [WARN] ConditionMgr:1039 - genDependencies : Invalid condition id : Cortex-A Device cause : null
2026-06-04 05:47:28,045 [WARN] ConditionMgr:1039 - genDependencies : Invalid condition id : Cortex-A Device cause : null
2026-06-04 05:47:28,045 [WARN] ConditionMgr:1039 - genDependencies : Invalid condition id : Cortex-A Device cause : null
2026-06-04 05:47:28,063 [WARN] PackLoader:240 - Cannot read IP mode file for STMicroelectronics.X-CUBE-EEPRMA1.5.1.0
2026-06-04 05:47:28,078 [ERROR] Engine:466 - C:\Users\Admin\.stm32cubemx\thirdparties\pdsc\STMicroelectronics.X-CUBE-FREERTOS.1.5.0.pdsc: PDSC version is not supported
2026-06-04 05:47:28,102 [WARN] PackLoader:240 - Cannot read IP mode file for ITTIA_DB.I-CUBE-ITTIADB.8.9.0
2026-06-04 05:47:28,136 [WARN] PackLoader:240 - Cannot read IP mode file for STMicroelectronics.X-CUBE-NFC6.3.2.0
2026-06-04 05:47:28,162 [ERROR] Engine:466 - C:\Users\Admin\.stm32cubemx\thirdparties\pdsc\STMicroelectronics.X-CUBE-ST67W61.1.0.0.pdsc: PDSC version is not supported
2026-06-04 05:47:28,188 [WARN] PackLoader:240 - Cannot read IP mode file for STMicroelectronics.X-CUBE-AI.10.2.0
2026-06-04 05:47:28,296 [WARN] PackLoader:240 - Cannot read IP mode file for STMicroelectronics.X-CUBE-MEMS1.12.1.0
2026-06-04 05:47:28,442 [INFO] WebApp:448 - Apply proxy settings
2026-06-04 05:47:28,443 [INFO] WebApp:533 - Chromium requires no authentication
2026-06-04 05:47:28,464 [INFO] WebApp:476 - Direct internet connection detected
2026-06-04 05:47:28,485 [WARN] PackLoader:240 - Cannot read IP mode file for SEGGER.I-CUBE-embOS.1.3.1
2026-06-04 05:47:28,512 [INFO] WebApp:869 - Register for checkConnection events
2026-06-04 05:47:28,512 [INFO] WebApp:448 - Apply proxy settings
2026-06-04 05:47:28,512 [INFO] WebApp:533 - Chromium requires no authentication
2026-06-04 05:47:28,513 [INFO] WebApp:476 - Direct internet connection detected
2026-06-04 05:47:28,542 [WARN] PackLoader:240 - Cannot read IP mode file for STMicroelectronics.X-CUBE-ALGOBUILD.1.4.0
2026-06-04 05:47:28,604 [WARN] PackLoader:240 - Cannot read IP mode file for STMicroelectronics.X-CUBE-MEMS1.11.3.0
2026-06-04 05:47:28,776 [WARN] PackLoader:240 - Cannot read IP mode file for STMicroelectronics.X-CUBE-AI.9.1.0
2026-06-04 05:47:28,805 [WARN] PackLoader:240 - Cannot read IP mode file for STMicroelectronics.X-CUBE-PM33A1.1.0.0
2026-06-04 05:47:28,807 [INFO] WebApp:186 - Connection restablished
2026-06-04 05:47:28,831 [WARN] PackLoader:240 - Cannot read IP mode file for STMicroelectronics.X-CUBE-GNSS1.6.0.0
2026-06-04 05:47:28,869 [INFO] WebApp:220 - Starting web application
2026-06-04 05:47:28,869 [INFO] WebApp:578 - Web application path used C:\ST\STM32CubeIDE_1.16.0\STM32CubeIDE\plugins\com.st.stm32cube.common.mx_6.12.0.202406281431\db\plugins\mcufinder\reactClient1\index.html
2026-06-04 05:47:28,875 [WARN] PackLoader:240 - Cannot read IP mode file for STMicroelectronics.X-CUBE-AZRTOS-F4.1.1.0
2026-06-04 05:47:28,904 [ERROR] Engine:466 - C:\Users\Admin\.stm32cubemx\thirdparties\pdsc\Avnet-IotConnect.X-CUBE-IoTC-DA16k-PMOD.1.0.0.pdsc: PDSC version is not supported
2026-06-04 05:47:28,934 [WARN] PackLoader:240 - Cannot read IP mode file for STMicroelectronics.X-CUBE-ISPU.2.1.0
2026-06-04 05:47:28,968 [ERROR] Engine:466 - C:\Users\Admin\.stm32cubemx\thirdparties\pdsc\STMicroelectronics.X-CUBE-IPS.3.2.0.pdsc: PDSC version is not supported
2026-06-04 05:47:28,995 [WARN] PackLoader:240 - Cannot read IP mode file for STMicroelectronics.X-CUBE-FREERTOS.1.2.0
2026-06-04 05:47:29,024 [WARN] PackLoader:240 - Cannot read IP mode file for STMicroelectronics.X-CUBE-NFC12.1.0.0
2026-06-04 05:47:29,074 [WARN] PackLoader:240 - Cannot read IP mode file for STMicroelectronics.X-CUBE-AZRTOS-L5.2.0.0
2026-06-04 05:47:29,105 [WARN] PackLoader:240 - Cannot read IP mode file for STMicroelectronics.X-CUBE-NFC6.3.1.0
2026-06-04 05:47:29,135 [WARN] PackLoader:240 - Cannot read IP mode file for STMicroelectronics.X-CUBE-ALGOBUILD.1.5.0
2026-06-04 05:47:29,161 [WARN] PackLoader:240 - Cannot read IP mode file for STMicroelectronics.X-CUBE-DPower.1.2.0
2026-06-04 05:47:29,186 [WARN] PackLoader:240 - Cannot read IP mode file for STMicroelectronics.X-CUBE-AI.9.0.0
2026-06-04 05:47:29,210 [ERROR] Engine:466 - C:\Users\Admin\.stm32cubemx\thirdparties\pdsc\STMicroelectronics.X-CUBE-ST67W61.1.3.0.pdsc: PDSC version is not supported
2026-06-04 05:47:29,237 [WARN] PackLoader:240 - Cannot read IP mode file for STMicroelectronics.X-CUBE-FREERTOS.1.3.1
2026-06-04 05:47:29,263 [WARN] PackLoader:240 - Cannot read IP mode file for STMicroelectronics.X-CUBE-FREERTOS.1.3.0
2026-06-04 05:47:29,297 [WARN] PackLoader:240 - Cannot read IP mode file for STMicroelectronics.X-CUBE-NFC7.1.0.1
2026-06-04 05:47:29,313 [INFO] UserAuth:417 - Internet connection configuration mode: 1
2026-06-04 05:47:29,326 [WARN] PackLoader:240 - Cannot read IP mode file for STMicroelectronics.X-CUBE-TOUCHGFX.4.26.0
2026-06-04 05:47:29,351 [WARN] PackLoader:240 - Cannot read IP mode file for STMicroelectronics.X-CUBE-TOUCHGFX.4.26.1
2026-06-04 05:47:29,376 [ERROR] Engine:466 - C:\Users\Admin\.stm32cubemx\thirdparties\pdsc\STMicroelectronics.FP-SNS-STAIOTCFT.1.0.0.pdsc: PDSC version is not supported
2026-06-04 05:47:29,404 [WARN] PackLoader:240 - Cannot read IP mode file for STMicroelectronics.X-CUBE-DPower.1.3.0
2026-06-04 05:47:29,457 [WARN] ConditionMgr:438 - getConditionDescription Invalid condition id : LAN8742 Phy interface Condition cause : null
2026-06-04 05:47:29,460 [WARN] PackLoader:240 - Cannot read IP mode file for STMicroelectronics.X-CUBE-AZRTOS-L4.2.0.0
2026-06-04 05:47:29,462 [WARN] ConditionMgr:1039 - genDependencies : Invalid condition id : LAN8742 Phy interface Condition cause : null
2026-06-04 05:47:29,463 [WARN] ConditionMgr:1039 - genDependencies : Invalid condition id : LAN8742 Phy interface Condition cause : null
2026-06-04 05:47:29,464 [WARN] ConditionMgr:1039 - genDependencies : Invalid condition id : LAN8742 Phy interface Condition cause : null
2026-06-04 05:47:29,495 [WARN] PackLoader:240 - Cannot read IP mode file for STMicroelectronics.X-CUBE-SFXS2LP1.4.0.0
2026-06-04 05:47:29,520 [WARN] PackLoader:240 - Cannot read IP mode file for STMicroelectronics.X-CUBE-WB05N.2.1.0
2026-06-04 05:47:29,544 [ERROR] Engine:466 - C:\Users\Admin\.stm32cubemx\thirdparties\pdsc\STMicroelectronics.X-CUBE-ST67W61.1.2.0.pdsc: PDSC version is not supported
2026-06-04 05:47:29,588 [WARN] PackLoader:240 - Cannot read IP mode file for STMicroelectronics.X-CUBE-AZRTOS-H7.3.3.0
2026-06-04 05:47:29,627 [ERROR] Engine:466 - C:\Users\Admin\.stm32cubemx\thirdparties\pdsc\STMicroelectronics.X-CUBE-BLEMGR.4.1.0.pdsc: PDSC version is not supported
2026-06-04 05:47:29,652 [WARN] PackLoader:240 - Cannot read IP mode file for STMicroelectronics.X-CUBE-IPS.3.0.0
2026-06-04 05:47:29,691 [WARN] ConditionMgr:438 - getConditionDescription Invalid condition id : UX DEVICE CLASS RTOS Condition cause : null
2026-06-04 05:47:29,691 [WARN] ConditionMgr:438 - getConditionDescription Invalid condition id : UX DEVICE CLASS RTOS Condition cause : null
2026-06-04 05:47:29,694 [WARN] PackLoader:240 - Cannot read IP mode file for STMicroelectronics.X-CUBE-AZRTOS-WB.2.0.0
2026-06-04 05:47:29,695 [WARN] ConditionMgr:1039 - genDependencies : Invalid condition id : UX DEVICE CLASS RTOS Condition cause : null
2026-06-04 05:47:29,695 [WARN] ConditionMgr:1039 - genDependencies : Invalid condition id : UX DEVICE CLASS RTOS Condition cause : null
2026-06-04 05:47:29,695 [WARN] ConditionMgr:1039 - genDependencies : Invalid condition id : UX DEVICE CLASS RTOS Condition cause : null
2026-06-04 05:47:29,696 [WARN] ConditionMgr:1039 - genDependencies : Invalid condition id : UX DEVICE CLASS RTOS Condition cause : null
2026-06-04 05:47:29,696 [WARN] ConditionMgr:1039 - genDependencies : Invalid condition id : UX DEVICE CLASS RTOS Condition cause : null
2026-06-04 05:47:29,722 [WARN] PackLoader:240 - Cannot read IP mode file for STMicroelectronics.X-CUBE-GNSS1.7.0.0
2026-06-04 05:47:29,747 [WARN] PackLoader:240 - Cannot read IP mode file for STMicroelectronics.X-CUBE-GNSS1.7.0.1
2026-06-04 05:47:29,768 [WARN] PackLoader:240 - Cannot read IP mode file for STMicroelectronics.X-CUBE-TOUCHGFX.4.25.0
2026-06-04 05:47:29,795 [WARN] PackLoader:240 - Cannot read IP mode file for STMicroelectronics.FP-SNS-STBOX1.2.0.0
2026-06-04 05:47:29,826 [WARN] PackLoader:240 - Cannot read IP mode file for STMicroelectronics.X-CUBE-STSE01.2.0.0
2026-06-04 05:47:29,854 [WARN] PackLoader:240 - Cannot read IP mode file for STMicroelectronics.X-CUBE-SUBG2.5.0.0
2026-06-04 05:47:29,899 [WARN] PackLoader:240 - Cannot read IP mode file for STMicroelectronics.X-CUBE-AZRTOS-H7RS.1.1.0
2026-06-04 05:47:29,923 [WARN] PackLoader:240 - Cannot read IP mode file for Cesanta.I-CUBE-Mongoose.7.13.0
2026-06-04 05:47:29,952 [WARN] PackLoader:240 - Cannot read IP mode file for STMicroelectronics.X-CUBE-AZRTOS-G4.2.0.0
2026-06-04 05:47:29,972 [WARN] PackLoader:240 - Cannot read IP mode file for STMicroelectronics.X-CUBE-NFC7.2.0.0
2026-06-04 05:47:29,992 [WARN] PackLoader:240 - Cannot read IP mode file for STMicroelectronics.X-CUBE-ISPU.2.0.0
2026-06-04 05:47:30,014 [ERROR] Engine:466 - C:\Users\Admin\.stm32cubemx\thirdparties\pdsc\STMicroelectronics.X-CUBE-IPS.3.1.0.pdsc: PDSC version is not supported
2026-06-04 05:47:30,030 [WARN] PackLoader:240 - Cannot read IP mode file for STMicroelectronics.X-CUBE-ALS.1.0.2
2026-06-04 05:47:30,048 [WARN] PackLoader:240 - Cannot read IP mode file for STMicroelectronics.X-CUBE-TOUCHGFX.4.24.0
2026-06-04 05:47:30,070 [WARN] PackLoader:240 - Cannot read IP mode file for STMicroelectronics.X-CUBE-TOUCHGFX.4.24.2
2026-06-04 05:47:30,088 [WARN] PackLoader:240 - Cannot read IP mode file for STMicroelectronics.X-CUBE-TOUCHGFX.4.24.1
2026-06-04 05:47:30,107 [WARN] PackLoader:240 - Cannot read IP mode file for STMicroelectronics.X-CUBE-STSE01.1.0.0
2026-06-04 05:47:30,113 [WARN] PackLoader:240 - Cannot read IP mode file for wolfSSL.I-CUBE-wolfTPM.3.4.0
2026-06-04 05:47:30,130 [WARN] PackLoader:240 - Cannot read IP mode file for portGmbH.I-Cube-SoM-uGOAL.1.1.0
2026-06-04 05:47:30,163 [WARN] PackLoader:240 - Cannot read IP mode file for STMicroelectronics.X-CUBE-AZRTOS-H7RS.1.0.0
2026-06-04 05:47:30,171 [WARN] PackLoader:240 - Cannot read IP mode file for STMicroelectronics.FP-ATR-ASTRA1.2.0.0
2026-06-04 05:47:30,193 [WARN] PackLoader:240 - Cannot read IP mode file for STMicroelectronics.X-CUBE-TOF1.3.4.2
2026-06-04 05:47:30,219 [ERROR] Engine:466 - C:\Users\Admin\.stm32cubemx\thirdparties\pdsc\STMicroelectronics.X-CUBE-TOF1.3.4.3.pdsc: PDSC version is not supported
2026-06-04 05:47:30,252 [WARN] PackLoader:240 - Cannot read IP mode file for Infineon.AIROC-Wi-Fi-Bluetooth-STM32.1.6.1
2026-06-04 05:47:30,260 [WARN] PackLoader:240 - Cannot read IP mode file for wolfSSL.I-CUBE-wolfSSH.1.4.17
2026-06-04 05:47:30,261 [INFO] ThirdParty:978 - Integrity check success = true
2026-06-04 05:47:30,261 [INFO] IntegrityCheckThread:100 - exiting critical section [integrity check]
2026-06-04 05:47:30,261 [INFO] IntegrityCheckThread:103 - End integrity checks thread
2026-06-04 05:47:30,261 [INFO] ThirdParty:873 - entering critical section [close project]
2026-06-04 05:47:30,262 [INFO] ThirdParty:883 - exiting critical section [close project]
2026-06-04 05:47:30,264 [INFO] PinOutPanel:1561 - setPackage(No Configuration,No Configuration)
2026-06-04 05:47:30,269 [INFO] UtilMem:75 - Begin LoadConfig() Used Memory: 265688456 Bytes (569376768)
2026-06-04 05:47:30,270 [INFO] MicroXplorer:468 - Change Database Path : 
2026-06-04 05:47:30,270 [INFO] MicroXplorer:498 - Change Database Version : DB.6.0.120
2026-06-04 05:47:30,270 [INFO] OpenFileManager:332 - Change cursor
2026-06-04 05:47:30,317 [INFO] Mcu:2032 - Initializing MCU STM32F407V(E-G)Tx STM32F407VGTx STM32F407VGT6
2026-06-04 05:47:32,512 [INFO] Context:742 - Trying to add GPIOservice into a context  which must be forbidden
2026-06-04 05:47:33,306 [INFO] RtosManager:555 - Registered RTOS mode: class=CMSIS, group=RTOS, mode=CMSIS_V1, owner=FREERTOS
2026-06-04 05:47:33,306 [INFO] RtosManager:555 - Registered RTOS mode: class=CMSIS, group=RTOS2, mode=CMSIS_V2, owner=FREERTOS
2026-06-04 05:47:33,307 [INFO] RtosManager:555 - Registered RTOS mode: class=RTOS, group=Core, mode=CMSIS_V1, owner=FREERTOS
2026-06-04 05:47:33,307 [INFO] RtosManager:555 - Registered RTOS mode: class=RTOS, group=Core, mode=CMSIS_V2, owner=FREERTOS
2026-06-04 05:47:33,307 [WARN] ModelIntegratedComponent:184 - Missing modes for component STMicroelectronics:FreeRTOS:0.0.1:STMicroelectronics:RTOS:FreeRTOS:Core:::10.2.0:
2026-06-04 05:47:33,313 [WARN] ModelIntegratedComponent:63 - No mode defined for component null
2026-06-04 05:47:33,313 [WARN] ModelIntegratedComponent:63 - No mode defined for component null
2026-06-04 05:47:33,314 [WARN] ModelIntegratedComponent:63 - No mode defined for component null
2026-06-04 05:47:33,314 [WARN] ModelIntegratedComponent:63 - No mode defined for component null
2026-06-04 05:47:33,314 [WARN] ModelIntegratedComponent:63 - No mode defined for component null
2026-06-04 05:47:33,314 [WARN] ModelIntegratedComponent:63 - No mode defined for component null
2026-06-04 05:47:33,314 [WARN] ModelIntegratedComponent:63 - No mode defined for component null
2026-06-04 05:47:33,314 [WARN] ModelIntegratedComponent:63 - No mode defined for component null
2026-06-04 05:47:33,314 [WARN] ModelIntegratedComponent:63 - No mode defined for component null
2026-06-04 05:47:33,314 [WARN] ModelIntegratedComponent:63 - No mode defined for component null
2026-06-04 05:47:33,314 [WARN] ModelIntegratedComponent:63 - No mode defined for component null
2026-06-04 05:47:33,314 [WARN] ModelIntegratedComponent:63 - No mode defined for component null
2026-06-04 05:47:33,314 [WARN] ModelIntegratedComponent:63 - No mode defined for component null
2026-06-04 05:47:33,314 [WARN] ModelIntegratedComponent:63 - No mode defined for component null
2026-06-04 05:47:33,315 [WARN] ModelIntegratedComponent:63 - No mode defined for component null
2026-06-04 05:47:33,315 [WARN] ModelIntegratedComponent:63 - No mode defined for component null
2026-06-04 05:47:33,315 [WARN] ModelIntegratedComponent:63 - No mode defined for component null
2026-06-04 05:47:33,315 [WARN] ModelIntegratedComponent:63 - No mode defined for component null
2026-06-04 05:47:33,315 [WARN] ModelIntegratedComponent:63 - No mode defined for component null
2026-06-04 05:47:33,315 [WARN] ModelIntegratedComponent:63 - No mode defined for component null
2026-06-04 05:47:33,315 [WARN] ModelIntegratedComponent:63 - No mode defined for component null
2026-06-04 05:47:33,315 [WARN] ModelIntegratedComponent:63 - No mode defined for component null
2026-06-04 05:47:33,315 [WARN] ModelIntegratedComponent:63 - No mode defined for component null
2026-06-04 05:47:33,316 [WARN] ModelIntegratedComponent:63 - No mode defined for component null
2026-06-04 05:47:33,316 [WARN] ModelIntegratedComponent:63 - No mode defined for component null
2026-06-04 05:47:33,316 [WARN] ModelIntegratedComponent:63 - No mode defined for component null
2026-06-04 05:47:33,316 [WARN] ModelIntegratedComponent:63 - No mode defined for component null
2026-06-04 05:47:33,316 [WARN] ModelIntegratedComponent:63 - No mode defined for component null
2026-06-04 05:47:33,316 [WARN] ModelIntegratedComponent:63 - No mode defined for component null
2026-06-04 05:47:33,316 [WARN] ModelIntegratedComponent:63 - No mode defined for component null
2026-06-04 05:47:33,316 [WARN] ModelIntegratedComponent:63 - No mode defined for component null
2026-06-04 05:47:33,316 [WARN] ModelIntegratedComponent:63 - No mode defined for component null
2026-06-04 05:47:33,316 [WARN] ModelIntegratedComponent:63 - No mode defined for component null
2026-06-04 05:47:33,316 [WARN] ModelIntegratedComponent:63 - No mode defined for component null
2026-06-04 05:47:33,316 [WARN] ModelIntegratedComponent:63 - No mode defined for component null
2026-06-04 05:47:33,317 [WARN] ModelPack:524 - Component already loaded: STMicroelectronics:HAL Drivers:0.0.0:STMicroelectronics:Device:STMicro_Driver:XSPI:HAL::0.0.1:HAL_XSPI
2026-06-04 05:47:33,744 [INFO] ThirdPartyModel:298 - Start build external matchings
2026-06-04 05:47:35,944 [INFO] ThirdPartyModel:316 - End build external matchings
2026-06-04 05:47:35,994 [INFO] ImportTextPane:205 - (OptionalMessage_ERROR) IP (RCC) : Parameter (48MHZClocksFreq_Value) has invalid value (84000000)
2026-06-04 05:47:35,995 [INFO] ImportTextPane:205 - (OptionalMessage_ERROR) IP (RCC) : Parameter (RTCHSEDivFreq_Value) has invalid value (4000000)
2026-06-04 05:47:36,460 [INFO] ApiDb:581 - Connected to CubeFinder SQLite database (C:\Users\Admin\.stmcufinder\plugins\mcufinder\mcu\cube-finder-db.db)
2026-06-04 05:47:36,607 [INFO] ApiDb:668 - CubeFinder database Data Model version=2.1
2026-06-04 05:47:36,608 [INFO] ApiDb:669 - CubeFinder database Configuration version=3.0.42
2026-06-04 05:47:36,608 [INFO] ApiDb:670 - CubeFinder database generation date=2026-05-06 (1778060171)
2026-06-04 05:47:36,608 [INFO] ApiDb:671 - CubeFinder database FW Pack versions=[FP-ATR-ASTRA1_V2.0.0, FP-SNS-FLIGHT1_V5.1.0, FP-SNS-MOTENV1_V5.1.0, FP-SNS-MOTENVWB1_V1.5.0, FP-SNS-SMARTAG2_V1.2.0, FP-SNS-STBOX1_V2.1.0, STM32Cube_FW_C0_V1.4.0, STM32Cube_FW_F4_V1.28.3, STM32Cube_FW_F7_V1.17.4, STM32Cube_FW_G0_V1.6.3, STM32Cube_FW_G4_V1.6.2, STM32Cube_FW_H5_V1.6.0, STM32Cube_FW_H7RS_V1.3.0, STM32Cube_FW_H7_V1.13.0, STM32Cube_FW_L0_V1.12.2, STM32Cube_FW_L4_V1.18.2, STM32Cube_FW_L5_V1.6.0, STM32Cube_FW_N6_V1.3.0, STM32Cube_FW_U0_V1.3.0, STM32Cube_FW_U3_V1.3.0, STM32Cube_FW_U5_V1.8.0, STM32Cube_FW_WB0_V1.4.0, STM32Cube_FW_WBA_V1.9.0, STM32Cube_FW_WB_V1.24.0, STM32Cube_FW_WL3_V1.4.0, STM32Cube_FW_WL_V1.5.0, X-CUBE-ALGOBUILD_V1.4.0, X-CUBE-ALS_V1.0.2, X-CUBE-AZRTOS-F4_V1.1.0, X-CUBE-AZRTOS-F7_V1.1.0, X-CUBE-AZRTOS-G0_V1.1.0, X-CUBE-AZRTOS-G4_V2.0.0, X-CUBE-AZRTOS-H7RS_V1.1.0, X-CUBE-AZRTOS-H7_V3.5.0, X-CUBE-AZRTOS-L4_V2.0.0, X-CUBE-AZRTOS-L5_V2.0.0, X-CUBE-AZRTOS-WB_V2.0.0, X-CUBE-AZRTOS-WL_V2.0.0, X-CUBE-BLE1_V7.1.0, X-CUBE-BLE2_V3.3.0, X-CUBE-BLEMGR_V4.1.0, X-CUBE-EEPRMA1_V5.2.0, X-CUBE-FREERTOS_V1.5.0, X-CUBE-GNSS1_V6.0.0, X-CUBE-MEMS1_V12.0.0, X-CUBE-NFC4_V3.0.0, X-CUBE-NFC7_V2.0.0, X-CUBE-SFXS2LP1_V4.0.0, X-CUBE-ST67W61_V1.2.0, X-CUBE-SUBG2_V5.0.0, X-CUBE-TOF1_V3.4.3]
2026-06-04 05:47:36,787 [INFO] DbBoardsSqlite:226 - include board P-NUCLEO-WB55-NUCLEO as a kit item of type 'Nucleo-64'
2026-06-04 05:47:36,788 [INFO] DbBoardsSqlite:226 - include board P-NUCLEO-WB55-USBDONGLE as a kit item of type 'Nucleo USB Dongle'
2026-06-04 05:47:36,789 [INFO] DbBoardsSqlite:226 - include board STEVAL-IDP005V1 as a kit item of type 'Evaluation Board'
2026-06-04 05:47:36,790 [INFO] DbBoardsSqlite:226 - include board STEVAL-IDP005V2 as a kit item of type 'Evaluation Board'
2026-06-04 05:47:37,444 [INFO] ApiDb:240 - Found 646 in-development CPN: [B-G473E-ZEST1S, B-WB1M-WPAN1, B-WL5M-SUBG1, NUCLEO-C031C6, NUCLEO-C071RB, NUCLEO-H503RB, NUCLEO-H533RE, NUCLEO-H563ZI, NUCLEO-H7S3L8, NUCLEO-U031R8, NUCLEO-U083RC, NUCLEO-U545RE-Q, NUCLEO-U5A5ZJ-Q, NUCLEO-WB05KZ, NUCLEO-WB07CC, NUCLEO-WB09KE, NUCLEO-WBA52CG, NUCLEO-WBA55CG, STEVAL-PROTEUS1, STEVAL-SMARTAG2, STEVAL-STWINBX1, STM320518-EVAL, STM32C0116-DK, STM32C011D6Y3TR, STM32C011D6Y6TR, STM32C011F4P3, STM32C011F4P6, STM32C011F4U3, STM32C011F4U6TR, STM32C011F6P3, STM32C011F6P6, STM32C011F6U3, STM32C011F6U6TR, STM32C011J4M3, STM32C011J4M6, STM32C011J6M3, STM32C011J6M6, STM32C0316-DK, STM32C031C4T3, STM32C031C4T6, STM32C031C4U3, STM32C031C4U6, STM32C031C6T3, STM32C031C6T6, STM32C031C6U3, STM32C031C6U6, STM32C031F4P3, STM32C031F4P6, STM32C031F6P3, STM32C031F6P6, STM32C031G4U3, STM32C031G4U6, STM32C031G6U3, STM32C031G6U6, STM32C031K4T3, STM32C031K4T6, STM32C031K4U3, STM32C031K4U6, STM32C031K6T3, STM32C031K6T6, STM32C031K6U3, STM32C031K6U6, STM32C071C8T6, STM32C071C8T6N, STM32C071C8U6, STM32C071C8U6N, STM32C071CBT6, STM32C071CBT6N, STM32C071CBU6, STM32C071CBU6N, STM32C071F8P6, STM32C071F8P6N, STM32C071FBP6, STM32C071FBP6N, STM32C071FBY6TR, STM32C071G8U6, STM32C071G8U6N, STM32C071GBU6, STM32C071GBU6N, STM32C071K8T6, STM32C071K8T6N, STM32C071K8U6, STM32C071K8U6N, STM32C071KBT6, STM32C071KBT6N, STM32C071KBU6, STM32C071KBU6N, STM32C071R8T6, STM32C071R8T6N, STM32C071RBI6N, STM32C071RBT6, STM32C071RBT6N, STM32G071K8TXN, STM32G071K8UXN, STM32G081GBU6N, STM32G081KBT6N, STM32G081KBUXN, STM32G0B1CCT6N, STM32G0B1KCT6, STM32G0B1NEY6TR, STM32G0B1RCT6N, STM32G0C1CCT6, STM32G0C1CCT6N, STM32G0C1CCU6N, STM32G0C1CET6N, STM32G0C1CEU6N, STM32G0C1KCT6, STM32G0C1NEY6TR, STM32G0C1RCI6N, STM32G0C1RCT6N, STM32G0C1REI6N, STM32G0C1RET6N, STM32G0C1VCI6, STM32G0C1VEI6, STM32G411C6T3, STM32G411C6T6, STM32G411C6U3, STM32G411C6U6, STM32G411C8T3, STM32G411C8T6, STM32G411C8U3, STM32G411C8U6, STM32G411CBT3, STM32G411CBT6, STM32G411CBU3, STM32G411CBU6, STM32G411K6T3, STM32G411K6T6, STM32G411K6U3, STM32G411K6U6, STM32G411K8T3, STM32G411K8T6, STM32G411K8U3, STM32G411K8U6, STM32G411KBT3, STM32G411KBT6, STM32G411KBU3, STM32G411KBU6, STM32G411M6T3, STM32G411M6T6, STM32G411M8T3, STM32G411M8T6, STM32G411MBT3, STM32G411MBT6, STM32G411R6T3, STM32G411R6T6, STM32G411R8T3, STM32G411R8T6, STM32G411RBT3, STM32G411RBT6, STM32G414CBT3, STM32G414CBT6, STM32G414CBU3, STM32G414CBU6, STM32G414CCT3, STM32G414CCT6, STM32G414CCU3, STM32G414CCU6, STM32G414MBT3, STM32G414MBT6, STM32G414MCT3, STM32G414MCT6, STM32G414RBT3, STM32G414RBT6, STM32G414RCT3, STM32G414RCT6, STM32G414VBT3, STM32G414VBT6, STM32G414VCT3, STM32G414VCT6, STM32G431CBT3Z, STM32G431RBT3Z, STM32G471CCT6, STM32G471CCU6, STM32G471CET3, STM32G471CET6, STM32G471CEU3, STM32G471CEU6, STM32G471MCT6, STM32G471MET3, STM32G471MET6, STM32G471MEY6TR, STM32G471QCT6, STM32G471QET3, STM32G471RCT6, STM32G471RET3, STM32G471RET6, STM32G471VCH6, STM32G471VCI6, STM32G471VCT6, STM32G471VEH3, STM32G471VEH6, STM32G471VEI3, STM32G471VEI6, STM32G471VET3, STM32G471VET6, STM32G473QET3Z, STM32G473RET3Z, STM32G474CCT6, STM32G491RET3Z, STM32H503CBT6, STM32H503CBU6, STM32H503EBY6TR, STM32H503KBU6, STM32H503RBT6, STM32H523CCT6, STM32H523CCU6, STM32H523CET6, STM32H523CEU6, STM32H523HEY6TR, STM32H523RCT6, STM32H523RET6, STM32H523VCI6, STM32H523VCT6, STM32H523VEI6, STM32H523VET6, STM32H523ZCJ6, STM32H523ZCT6, STM32H523ZEJ6, STM32H523ZET6, STM32H533CET6, STM32H533CEU6, STM32H533HEY6TR, STM32H533RET6, STM32H533VEI6, STM32H533VET6, STM32H533ZEJ6, STM32H533ZET6, STM32H562AGI6, STM32H562AII6, STM32H562IGK6, STM32H562IGT6, STM32H562IIK6, STM32H562IIT6, STM32H562RGT6, STM32H562RGV6, STM32H562RIT6, STM32H562RIV6, STM32H562VGT6, STM32H562VIT6, STM32H562ZGT6, STM32H562ZIT6, STM32H563AGI6, STM32H563AII3Q, STM32H563AII6, STM32H563IGK6, STM32H563IGT6, STM32H563IIK3Q, STM32H563IIK6, STM32H563IIT3Q, STM32H563IIT6, STM32H563MIY3QTR, STM32H563RGT6, STM32H563RGV6, STM32H563RIT6, STM32H563RIV6, STM32H563VGT6, STM32H563VIT3Q, STM32H563VIT6, STM32H563ZGT6, STM32H563ZIT3Q, STM32H563ZIT6, STM32H573AII3Q, STM32H573AII6, STM32H573I-DK, STM32H573IIK3Q, STM32H573IIK6, STM32H573IIT3Q, STM32H573IIT6, STM32H573MIY3QTR, STM32H573RIT6, STM32H573RIV6, STM32H573VIT3Q, STM32H573VIT6, STM32H573ZIT3Q, STM32H573ZIT6, STM32H7R3A8I6, STM32H7R3I8K6, STM32H7R3I8T6, STM32H7R3L8H6, STM32H7R3L8H6H, STM32H7R3R8V6, STM32H7R3V8H6, STM32H7R3V8T6, STM32H7R3V8Y6TR, STM32H7R3Z8J6, STM32H7R3Z8T6, STM32H7R7A8I6, STM32H7R7I8K6, STM32H7R7I8T6, STM32H7R7L8H6, STM32H7R7L8H6H, STM32H7R7Z8J6, STM32H7S3A8I6, STM32H7S3I8K6, STM32H7S3I8T6, STM32H7S3L8H6, STM32H7S3L8H6H, STM32H7S3R8V6, STM32H7S3V8H6, STM32H7S3V8T6, STM32H7S3V8Y6TR, STM32H7S3Z8J6, STM32H7S3Z8T6, STM32H7S78-DK, STM32H7S7A8I6, STM32H7S7I8K6, STM32H7S7I8T6, STM32H7S7L8H6, STM32H7S7L8H6H, STM32H7S7Z8J6, STM32L4R5QGI6STR, STM32MP131AAE3, STM32MP131AAF3, STM32MP131AAG3, STM32MP131CAE3, STM32MP131CAF3, STM32MP131CAG3, STM32MP131DAE7, STM32MP131DAF7, STM32MP131DAG7, STM32MP131FAE7, STM32MP131FAF7, STM32MP131FAG7, STM32MP133AAE3, STM32MP133AAF3, STM32MP133AAG3, STM32MP133CAE3, STM32MP133CAF3, STM32MP133CAG3, STM32MP133DAE7, STM32MP133DAF7, STM32MP133DAG7, STM32MP133FAE7, STM32MP133FAF7, STM32MP133FAG7, STM32MP135AAE3, STM32MP135AAF3, STM32MP135AAG3, STM32MP135CAE3, STM32MP135CAF3, STM32MP135CAG3, STM32MP135DAE7, STM32MP135DAF7, STM32MP135DAG7, STM32MP135F-DK, STM32MP135FAE7, STM32MP135FAF7, STM32MP135FAF7T, STM32MP135FAF7U, STM32MP135FAG7, STM32MP251AAI3, STM32MP251AAK3, STM32MP251AAL3, STM32MP251CAI3, STM32MP251CAK3, STM32MP251CAL3, STM32MP251DAI3, STM32MP251DAK3, STM32MP251DAL3, STM32MP251FAI3, STM32MP251FAK3, STM32MP251FAL3, STM32MP253AAI3, STM32MP253AAK3, STM32MP253AAL3, STM32MP253CAI3, STM32MP253CAK3, STM32MP253CAL3, STM32MP253DAI3, STM32MP253DAK3, STM32MP253DAL3, STM32MP253FAI3, STM32MP253FAK3, STM32MP253FAL3, STM32MP255AAI3, STM32MP255AAK3, STM32MP255AAL3, STM32MP255CAI3, STM32MP255CAK3, STM32MP255CAL3, STM32MP255DAI3, STM32MP255DAK3, STM32MP255DAL3, STM32MP255FAI3, STM32MP255FAK3, STM32MP255FAL3, STM32MP257AAI3, STM32MP257AAK3, STM32MP257AAL3, STM32MP257CAI3, STM32MP257CAK3, STM32MP257CAL3, STM32MP257DAI3, STM32MP257DAK3, STM32MP257DAL3, STM32MP257F-DK, STM32MP257F-EV1, STM32MP257FAI3, STM32MP257FAK3, STM32MP257FAL3, STM32U031C6T6, STM32U031C6U6, STM32U031C8T6, STM32U031C8U6, STM32U031F4P6, STM32U031F6P6, STM32U031F8P6, STM32U031G6Y6TR, STM32U031G8Y6TR, STM32U031K4U6, STM32U031K6U6, STM32U031K8U6, STM32U031R6I6, STM32U031R6T6, STM32U031R8I6, STM32U031R8T6, STM32U073C8T6, STM32U073C8U6, STM32U073CBT6, STM32U073CBU6, STM32U073CCT6, STM32U073CCU6, STM32U073H8Y6TR, STM32U073HBY6TR, STM32U073HCY6TR, STM32U073K8U6, STM32U073KBU6, STM32U073KCU6, STM32U073M8I6, STM32U073M8T6, STM32U073MBI6, STM32U073MBT6, STM32U073MCI6, STM32U073MCT6, STM32U073R8I6, STM32U073R8T6, STM32U073RBI6, STM32U073RBT6, STM32U073RCI6, STM32U073RCT6, STM32U083C-DK, STM32U083CCT6, STM32U083CCU6, STM32U083HCY6TR, STM32U083KCU6, STM32U083MCI6, STM32U083MCT6, STM32U083RCI6, STM32U083RCT6, STM32U535CBT6, STM32U535CBT6Q, STM32U535CBU6, STM32U535CBU6Q, STM32U535CCT6, STM32U535CCT6Q, STM32U535CCU6, STM32U535CCU6Q, STM32U535CET6, STM32U535CET6Q, STM32U535CEU6, STM32U535CEU6Q, STM32U535JEY6QTR, STM32U535NCY6QTR, STM32U535NEY6QTR, STM32U535RBI6, STM32U535RBI6Q, STM32U535RBT6, STM32U535RBT6Q, STM32U535RCI6, STM32U535RCI6Q, STM32U535RCT6, STM32U535RCT6Q, STM32U535REI6, STM32U535REI6Q, STM32U535RET6, STM32U535RET6Q, STM32U535VCI6, STM32U535VCI6Q, STM32U535VCT6, STM32U535VCT6Q, STM32U535VEI6, STM32U535VEI6Q, STM32U535VET6, STM32U535VET6Q, STM32U545CET6, STM32U545CET6Q, STM32U545CEU6, STM32U545CEU6Q, STM32U545JEY6QTR, STM32U545NEY6QTR, STM32U545REI6, STM32U545REI6Q, STM32U545RET6, STM32U545RET6Q, STM32U545VEI6, STM32U545VEI6Q, STM32U545VET6, STM32U545VET6Q, STM32U595AIH6, STM32U595AIH6Q, STM32U595AJH6, STM32U595AJH6Q, STM32U595QII6, STM32U595QII6Q, STM32U595QJI6, STM32U595QJI6Q, STM32U595RIT6, STM32U595RIT6Q, STM32U595RJT6, STM32U595RJT6Q, STM32U595VIT6, STM32U595VIT6Q, STM32U595VJT6, STM32U595VJT6Q, STM32U595ZIT6, STM32U595ZIT6Q, STM32U595ZIY6QTR, STM32U595ZJT6, STM32U595ZJT6Q, STM32U595ZJY6QTR, STM32U599BJY6QTR, STM32U599NIH6Q, STM32U599NJH6Q, STM32U599VIT6Q, STM32U599VJT6, STM32U599VJT6Q, STM32U599ZIT6Q, STM32U599ZIY6QTR, STM32U599ZJT6Q, STM32U599ZJY6QTR, STM32U5A5AJH6, STM32U5A5AJH6Q, STM32U5A5QII3Q , STM32U5A5QJI6, STM32U5A5QJI6Q, STM32U5A5RJT6, STM32U5A5RJT6Q, STM32U5A5VJT6, STM32U5A5VJT6Q, STM32U5A5ZJT6, STM32U5A5ZJT6Q, STM32U5A5ZJY6QTR, STM32U5A9BJY6QTR, STM32U5A9J-DK, STM32U5A9NJH6Q, STM32U5A9VJT6Q, STM32U5A9ZJT6Q, STM32U5A9ZJY6QTR, STM32U5F7VIT6, STM32U5F7VIT6Q, STM32U5F7VJT6, STM32U5F7VJT6Q, STM32U5F9BJY6QTR, STM32U5F9NJH6Q, STM32U5F9VIT6Q, STM32U5F9VJT6Q, STM32U5F9ZIJ6QTR, STM32U5F9ZIT6Q, STM32U5F9ZJJ6QTR, STM32U5F9ZJT6Q, STM32U5G7VJT6, STM32U5G7VJT6Q, STM32U5G9BJY6QTR, STM32U5G9J-DK1, STM32U5G9J-DK2, STM32U5G9NJH6Q, STM32U5G9VJT6Q, STM32U5G9ZJJ6QTR, STM32U5G9ZJT6Q, STM32WB05KZV6TR, STM32WB05KZV7TR, STM32WB05TZF6TR, STM32WB05TZF7TR, STM32WB06CCF6TR, STM32WB06CCF7TR, STM32WB06CCV6TR, STM32WB06CCV7TR, STM32WB06KCV6TR, STM32WB06KCV7TR, STM32WB07CCF6TR, STM32WB07CCF7TR, STM32WB07CCV6TR, STM32WB07CCV7TR, STM32WB07KCV6TR, STM32WB07KCV7TR, STM32WB09KEV6TR, STM32WB09KEV7TR, STM32WB09TEF6TR, STM32WB09TEF7TR, STM32WB1MMCH6, STM32WBA50KGU6, STM32WBA50KGU6TR, STM32WBA52CEU6, STM32WBA52CEU6TR, STM32WBA52CEU7, STM32WBA52CEU7TR, STM32WBA52CGU6, STM32WBA52CGU6TR, STM32WBA52CGU6U, STM32WBA52CGU7, STM32WBA52CGU7TR, STM32WBA52KEU6, STM32WBA52KEU6TR, STM32WBA52KGU6, STM32WBA52KGU6TR, STM32WBA54CEU6, STM32WBA54CEU6TR, STM32WBA54CEU7, STM32WBA54CEU7TR, STM32WBA54CGU6, STM32WBA54CGU6TR, STM32WBA54CGU7, STM32WBA54CGU7TR, STM32WBA54KEU6, STM32WBA54KEU6TR, STM32WBA54KEU7, STM32WBA54KEU7TR, STM32WBA54KGU6, STM32WBA54KGU6TR, STM32WBA54KGU7, STM32WBA54KGU7TR, STM32WBA55CEU6, STM32WBA55CEU6TR, STM32WBA55CEU7, STM32WBA55CEU7TR, STM32WBA55CGU6, STM32WBA55CGU6TR, STM32WBA55CGU6U, STM32WBA55CGU7, STM32WBA55CGU7TR, STM32WBA55G-DK1, STM32WBA55HEF6, STM32WBA55HEF7, STM32WBA55HGF6, STM32WBA55HGF7, STM32WBA55UEI6, STM32WBA55UEI6TR, STM32WBA55UEI7, STM32WBA55UEI7TR, STM32WBA55UGI6, STM32WBA55UGI6TR, STM32WBA55UGI7, STM32WBA55UGI7TR, STM32WL5MOCH6, STM32WL5MOCH6TR]
2026-06-04 05:47:37,448 [INFO] ApiDb:668 - CubeFinder database Data Model version=2.1
2026-06-04 05:47:37,448 [INFO] ApiDb:669 - CubeFinder database Configuration version=3.0.42
2026-06-04 05:47:37,448 [INFO] ApiDb:670 - CubeFinder database generation date=2026-05-06 (1778060171)
2026-06-04 05:47:37,448 [INFO] ApiDb:671 - CubeFinder database FW Pack versions=[FP-ATR-ASTRA1_V2.0.0, FP-SNS-FLIGHT1_V5.1.0, FP-SNS-MOTENV1_V5.1.0, FP-SNS-MOTENVWB1_V1.5.0, FP-SNS-SMARTAG2_V1.2.0, FP-SNS-STBOX1_V2.1.0, STM32Cube_FW_C0_V1.4.0, STM32Cube_FW_F4_V1.28.3, STM32Cube_FW_F7_V1.17.4, STM32Cube_FW_G0_V1.6.3, STM32Cube_FW_G4_V1.6.2, STM32Cube_FW_H5_V1.6.0, STM32Cube_FW_H7RS_V1.3.0, STM32Cube_FW_H7_V1.13.0, STM32Cube_FW_L0_V1.12.2, STM32Cube_FW_L4_V1.18.2, STM32Cube_FW_L5_V1.6.0, STM32Cube_FW_N6_V1.3.0, STM32Cube_FW_U0_V1.3.0, STM32Cube_FW_U3_V1.3.0, STM32Cube_FW_U5_V1.8.0, STM32Cube_FW_WB0_V1.4.0, STM32Cube_FW_WBA_V1.9.0, STM32Cube_FW_WB_V1.24.0, STM32Cube_FW_WL3_V1.4.0, STM32Cube_FW_WL_V1.5.0, X-CUBE-ALGOBUILD_V1.4.0, X-CUBE-ALS_V1.0.2, X-CUBE-AZRTOS-F4_V1.1.0, X-CUBE-AZRTOS-F7_V1.1.0, X-CUBE-AZRTOS-G0_V1.1.0, X-CUBE-AZRTOS-G4_V2.0.0, X-CUBE-AZRTOS-H7RS_V1.1.0, X-CUBE-AZRTOS-H7_V3.5.0, X-CUBE-AZRTOS-L4_V2.0.0, X-CUBE-AZRTOS-L5_V2.0.0, X-CUBE-AZRTOS-WB_V2.0.0, X-CUBE-AZRTOS-WL_V2.0.0, X-CUBE-BLE1_V7.1.0, X-CUBE-BLE2_V3.3.0, X-CUBE-BLEMGR_V4.1.0, X-CUBE-EEPRMA1_V5.2.0, X-CUBE-FREERTOS_V1.5.0, X-CUBE-GNSS1_V6.0.0, X-CUBE-MEMS1_V12.0.0, X-CUBE-NFC4_V3.0.0, X-CUBE-NFC7_V2.0.0, X-CUBE-SFXS2LP1_V4.0.0, X-CUBE-ST67W61_V1.2.0, X-CUBE-SUBG2_V5.0.0, X-CUBE-TOF1_V3.4.3]
2026-06-04 05:47:40,671 [INFO] ApiDb:240 - Found 646 in-development CPN: [B-G473E-ZEST1S, B-WB1M-WPAN1, B-WL5M-SUBG1, NUCLEO-C031C6, NUCLEO-C071RB, NUCLEO-H503RB, NUCLEO-H533RE, NUCLEO-H563ZI, NUCLEO-H7S3L8, NUCLEO-U031R8, NUCLEO-U083RC, NUCLEO-U545RE-Q, NUCLEO-U5A5ZJ-Q, NUCLEO-WB05KZ, NUCLEO-WB07CC, NUCLEO-WB09KE, NUCLEO-WBA52CG, NUCLEO-WBA55CG, STEVAL-PROTEUS1, STEVAL-SMARTAG2, STEVAL-STWINBX1, STM320518-EVAL, STM32C0116-DK, STM32C011D6Y3TR, STM32C011D6Y6TR, STM32C011F4P3, STM32C011F4P6, STM32C011F4U3, STM32C011F4U6TR, STM32C011F6P3, STM32C011F6P6, STM32C011F6U3, STM32C011F6U6TR, STM32C011J4M3, STM32C011J4M6, STM32C011J6M3, STM32C011J6M6, STM32C0316-DK, STM32C031C4T3, STM32C031C4T6, STM32C031C4U3, STM32C031C4U6, STM32C031C6T3, STM32C031C6T6, STM32C031C6U3, STM32C031C6U6, STM32C031F4P3, STM32C031F4P6, STM32C031F6P3, STM32C031F6P6, STM32C031G4U3, STM32C031G4U6, STM32C031G6U3, STM32C031G6U6, STM32C031K4T3, STM32C031K4T6, STM32C031K4U3, STM32C031K4U6, STM32C031K6T3, STM32C031K6T6, STM32C031K6U3, STM32C031K6U6, STM32C071C8T6, STM32C071C8T6N, STM32C071C8U6, STM32C071C8U6N, STM32C071CBT6, STM32C071CBT6N, STM32C071CBU6, STM32C071CBU6N, STM32C071F8P6, STM32C071F8P6N, STM32C071FBP6, STM32C071FBP6N, STM32C071FBY6TR, STM32C071G8U6, STM32C071G8U6N, STM32C071GBU6, STM32C071GBU6N, STM32C071K8T6, STM32C071K8T6N, STM32C071K8U6, STM32C071K8U6N, STM32C071KBT6, STM32C071KBT6N, STM32C071KBU6, STM32C071KBU6N, STM32C071R8T6, STM32C071R8T6N, STM32C071RBI6N, STM32C071RBT6, STM32C071RBT6N, STM32G071K8TXN, STM32G071K8UXN, STM32G081GBU6N, STM32G081KBT6N, STM32G081KBUXN, STM32G0B1CCT6N, STM32G0B1KCT6, STM32G0B1NEY6TR, STM32G0B1RCT6N, STM32G0C1CCT6, STM32G0C1CCT6N, STM32G0C1CCU6N, STM32G0C1CET6N, STM32G0C1CEU6N, STM32G0C1KCT6, STM32G0C1NEY6TR, STM32G0C1RCI6N, STM32G0C1RCT6N, STM32G0C1REI6N, STM32G0C1RET6N, STM32G0C1VCI6, STM32G0C1VEI6, STM32G411C6T3, STM32G411C6T6, STM32G411C6U3, STM32G411C6U6, STM32G411C8T3, STM32G411C8T6, STM32G411C8U3, STM32G411C8U6, STM32G411CBT3, STM32G411CBT6, STM32G411CBU3, STM32G411CBU6, STM32G411K6T3, STM32G411K6T6, STM32G411K6U3, STM32G411K6U6, STM32G411K8T3, STM32G411K8T6, STM32G411K8U3, STM32G411K8U6, STM32G411KBT3, STM32G411KBT6, STM32G411KBU3, STM32G411KBU6, STM32G411M6T3, STM32G411M6T6, STM32G411M8T3, STM32G411M8T6, STM32G411MBT3, STM32G411MBT6, STM32G411R6T3, STM32G411R6T6, STM32G411R8T3, STM32G411R8T6, STM32G411RBT3, STM32G411RBT6, STM32G414CBT3, STM32G414CBT6, STM32G414CBU3, STM32G414CBU6, STM32G414CCT3, STM32G414CCT6, STM32G414CCU3, STM32G414CCU6, STM32G414MBT3, STM32G414MBT6, STM32G414MCT3, STM32G414MCT6, STM32G414RBT3, STM32G414RBT6, STM32G414RCT3, STM32G414RCT6, STM32G414VBT3, STM32G414VBT6, STM32G414VCT3, STM32G414VCT6, STM32G431CBT3Z, STM32G431RBT3Z, STM32G471CCT6, STM32G471CCU6, STM32G471CET3, STM32G471CET6, STM32G471CEU3, STM32G471CEU6, STM32G471MCT6, STM32G471MET3, STM32G471MET6, STM32G471MEY6TR, STM32G471QCT6, STM32G471QET3, STM32G471RCT6, STM32G471RET3, STM32G471RET6, STM32G471VCH6, STM32G471VCI6, STM32G471VCT6, STM32G471VEH3, STM32G471VEH6, STM32G471VEI3, STM32G471VEI6, STM32G471VET3, STM32G471VET6, STM32G473QET3Z, STM32G473RET3Z, STM32G474CCT6, STM32G491RET3Z, STM32H503CBT6, STM32H503CBU6, STM32H503EBY6TR, STM32H503KBU6, STM32H503RBT6, STM32H523CCT6, STM32H523CCU6, STM32H523CET6, STM32H523CEU6, STM32H523HEY6TR, STM32H523RCT6, STM32H523RET6, STM32H523VCI6, STM32H523VCT6, STM32H523VEI6, STM32H523VET6, STM32H523ZCJ6, STM32H523ZCT6, STM32H523ZEJ6, STM32H523ZET6, STM32H533CET6, STM32H533CEU6, STM32H533HEY6TR, STM32H533RET6, STM32H533VEI6, STM32H533VET6, STM32H533ZEJ6, STM32H533ZET6, STM32H562AGI6, STM32H562AII6, STM32H562IGK6, STM32H562IGT6, STM32H562IIK6, STM32H562IIT6, STM32H562RGT6, STM32H562RGV6, STM32H562RIT6, STM32H562RIV6, STM32H562VGT6, STM32H562VIT6, STM32H562ZGT6, STM32H562ZIT6, STM32H563AGI6, STM32H563AII3Q, STM32H563AII6, STM32H563IGK6, STM32H563IGT6, STM32H563IIK3Q, STM32H563IIK6, STM32H563IIT3Q, STM32H563IIT6, STM32H563MIY3QTR, STM32H563RGT6, STM32H563RGV6, STM32H563RIT6, STM32H563RIV6, STM32H563VGT6, STM32H563VIT3Q, STM32H563VIT6, STM32H563ZGT6, STM32H563ZIT3Q, STM32H563ZIT6, STM32H573AII3Q, STM32H573AII6, STM32H573I-DK, STM32H573IIK3Q, STM32H573IIK6, STM32H573IIT3Q, STM32H573IIT6, STM32H573MIY3QTR, STM32H573RIT6, STM32H573RIV6, STM32H573VIT3Q, STM32H573VIT6, STM32H573ZIT3Q, STM32H573ZIT6, STM32H7R3A8I6, STM32H7R3I8K6, STM32H7R3I8T6, STM32H7R3L8H6, STM32H7R3L8H6H, STM32H7R3R8V6, STM32H7R3V8H6, STM32H7R3V8T6, STM32H7R3V8Y6TR, STM32H7R3Z8J6, STM32H7R3Z8T6, STM32H7R7A8I6, STM32H7R7I8K6, STM32H7R7I8T6, STM32H7R7L8H6, STM32H7R7L8H6H, STM32H7R7Z8J6, STM32H7S3A8I6, STM32H7S3I8K6, STM32H7S3I8T6, STM32H7S3L8H6, STM32H7S3L8H6H, STM32H7S3R8V6, STM32H7S3V8H6, STM32H7S3V8T6, STM32H7S3V8Y6TR, STM32H7S3Z8J6, STM32H7S3Z8T6, STM32H7S78-DK, STM32H7S7A8I6, STM32H7S7I8K6, STM32H7S7I8T6, STM32H7S7L8H6, STM32H7S7L8H6H, STM32H7S7Z8J6, STM32L4R5QGI6STR, STM32MP131AAE3, STM32MP131AAF3, STM32MP131AAG3, STM32MP131CAE3, STM32MP131CAF3, STM32MP131CAG3, STM32MP131DAE7, STM32MP131DAF7, STM32MP131DAG7, STM32MP131FAE7, STM32MP131FAF7, STM32MP131FAG7, STM32MP133AAE3, STM32MP133AAF3, STM32MP133AAG3, STM32MP133CAE3, STM32MP133CAF3, STM32MP133CAG3, STM32MP133DAE7, STM32MP133DAF7, STM32MP133DAG7, STM32MP133FAE7, STM32MP133FAF7, STM32MP133FAG7, STM32MP135AAE3, STM32MP135AAF3, STM32MP135AAG3, STM32MP135CAE3, STM32MP135CAF3, STM32MP135CAG3, STM32MP135DAE7, STM32MP135DAF7, STM32MP135DAG7, STM32MP135F-DK, STM32MP135FAE7, STM32MP135FAF7, STM32MP135FAF7T, STM32MP135FAF7U, STM32MP135FAG7, STM32MP251AAI3, STM32MP251AAK3, STM32MP251AAL3, STM32MP251CAI3, STM32MP251CAK3, STM32MP251CAL3, STM32MP251DAI3, STM32MP251DAK3, STM32MP251DAL3, STM32MP251FAI3, STM32MP251FAK3, STM32MP251FAL3, STM32MP253AAI3, STM32MP253AAK3, STM32MP253AAL3, STM32MP253CAI3, STM32MP253CAK3, STM32MP253CAL3, STM32MP253DAI3, STM32MP253DAK3, STM32MP253DAL3, STM32MP253FAI3, STM32MP253FAK3, STM32MP253FAL3, STM32MP255AAI3, STM32MP255AAK3, STM32MP255AAL3, STM32MP255CAI3, STM32MP255CAK3, STM32MP255CAL3, STM32MP255DAI3, STM32MP255DAK3, STM32MP255DAL3, STM32MP255FAI3, STM32MP255FAK3, STM32MP255FAL3, STM32MP257AAI3, STM32MP257AAK3, STM32MP257AAL3, STM32MP257CAI3, STM32MP257CAK3, STM32MP257CAL3, STM32MP257DAI3, STM32MP257DAK3, STM32MP257DAL3, STM32MP257F-DK, STM32MP257F-EV1, STM32MP257FAI3, STM32MP257FAK3, STM32MP257FAL3, STM32U031C6T6, STM32U031C6U6, STM32U031C8T6, STM32U031C8U6, STM32U031F4P6, STM32U031F6P6, STM32U031F8P6, STM32U031G6Y6TR, STM32U031G8Y6TR, STM32U031K4U6, STM32U031K6U6, STM32U031K8U6, STM32U031R6I6, STM32U031R6T6, STM32U031R8I6, STM32U031R8T6, STM32U073C8T6, STM32U073C8U6, STM32U073CBT6, STM32U073CBU6, STM32U073CCT6, STM32U073CCU6, STM32U073H8Y6TR, STM32U073HBY6TR, STM32U073HCY6TR, STM32U073K8U6, STM32U073KBU6, STM32U073KCU6, STM32U073M8I6, STM32U073M8T6, STM32U073MBI6, STM32U073MBT6, STM32U073MCI6, STM32U073MCT6, STM32U073R8I6, STM32U073R8T6, STM32U073RBI6, STM32U073RBT6, STM32U073RCI6, STM32U073RCT6, STM32U083C-DK, STM32U083CCT6, STM32U083CCU6, STM32U083HCY6TR, STM32U083KCU6, STM32U083MCI6, STM32U083MCT6, STM32U083RCI6, STM32U083RCT6, STM32U535CBT6, STM32U535CBT6Q, STM32U535CBU6, STM32U535CBU6Q, STM32U535CCT6, STM32U535CCT6Q, STM32U535CCU6, STM32U535CCU6Q, STM32U535CET6, STM32U535CET6Q, STM32U535CEU6, STM32U535CEU6Q, STM32U535JEY6QTR, STM32U535NCY6QTR, STM32U535NEY6QTR, STM32U535RBI6, STM32U535RBI6Q, STM32U535RBT6, STM32U535RBT6Q, STM32U535RCI6, STM32U535RCI6Q, STM32U535RCT6, STM32U535RCT6Q, STM32U535REI6, STM32U535REI6Q, STM32U535RET6, STM32U535RET6Q, STM32U535VCI6, STM32U535VCI6Q, STM32U535VCT6, STM32U535VCT6Q, STM32U535VEI6, STM32U535VEI6Q, STM32U535VET6, STM32U535VET6Q, STM32U545CET6, STM32U545CET6Q, STM32U545CEU6, STM32U545CEU6Q, STM32U545JEY6QTR, STM32U545NEY6QTR, STM32U545REI6, STM32U545REI6Q, STM32U545RET6, STM32U545RET6Q, STM32U545VEI6, STM32U545VEI6Q, STM32U545VET6, STM32U545VET6Q, STM32U595AIH6, STM32U595AIH6Q, STM32U595AJH6, STM32U595AJH6Q, STM32U595QII6, STM32U595QII6Q, STM32U595QJI6, STM32U595QJI6Q, STM32U595RIT6, STM32U595RIT6Q, STM32U595RJT6, STM32U595RJT6Q, STM32U595VIT6, STM32U595VIT6Q, STM32U595VJT6, STM32U595VJT6Q, STM32U595ZIT6, STM32U595ZIT6Q, STM32U595ZIY6QTR, STM32U595ZJT6, STM32U595ZJT6Q, STM32U595ZJY6QTR, STM32U599BJY6QTR, STM32U599NIH6Q, STM32U599NJH6Q, STM32U599VIT6Q, STM32U599VJT6, STM32U599VJT6Q, STM32U599ZIT6Q, STM32U599ZIY6QTR, STM32U599ZJT6Q, STM32U599ZJY6QTR, STM32U5A5AJH6, STM32U5A5AJH6Q, STM32U5A5QII3Q , STM32U5A5QJI6, STM32U5A5QJI6Q, STM32U5A5RJT6, STM32U5A5RJT6Q, STM32U5A5VJT6, STM32U5A5VJT6Q, STM32U5A5ZJT6, STM32U5A5ZJT6Q, STM32U5A5ZJY6QTR, STM32U5A9BJY6QTR, STM32U5A9J-DK, STM32U5A9NJH6Q, STM32U5A9VJT6Q, STM32U5A9ZJT6Q, STM32U5A9ZJY6QTR, STM32U5F7VIT6, STM32U5F7VIT6Q, STM32U5F7VJT6, STM32U5F7VJT6Q, STM32U5F9BJY6QTR, STM32U5F9NJH6Q, STM32U5F9VIT6Q, STM32U5F9VJT6Q, STM32U5F9ZIJ6QTR, STM32U5F9ZIT6Q, STM32U5F9ZJJ6QTR, STM32U5F9ZJT6Q, STM32U5G7VJT6, STM32U5G7VJT6Q, STM32U5G9BJY6QTR, STM32U5G9J-DK1, STM32U5G9J-DK2, STM32U5G9NJH6Q, STM32U5G9VJT6Q, STM32U5G9ZJJ6QTR, STM32U5G9ZJT6Q, STM32WB05KZV6TR, STM32WB05KZV7TR, STM32WB05TZF6TR, STM32WB05TZF7TR, STM32WB06CCF6TR, STM32WB06CCF7TR, STM32WB06CCV6TR, STM32WB06CCV7TR, STM32WB06KCV6TR, STM32WB06KCV7TR, STM32WB07CCF6TR, STM32WB07CCF7TR, STM32WB07CCV6TR, STM32WB07CCV7TR, STM32WB07KCV6TR, STM32WB07KCV7TR, STM32WB09KEV6TR, STM32WB09KEV7TR, STM32WB09TEF6TR, STM32WB09TEF7TR, STM32WB1MMCH6, STM32WBA50KGU6, STM32WBA50KGU6TR, STM32WBA52CEU6, STM32WBA52CEU6TR, STM32WBA52CEU7, STM32WBA52CEU7TR, STM32WBA52CGU6, STM32WBA52CGU6TR, STM32WBA52CGU6U, STM32WBA52CGU7, STM32WBA52CGU7TR, STM32WBA52KEU6, STM32WBA52KEU6TR, STM32WBA52KGU6, STM32WBA52KGU6TR, STM32WBA54CEU6, STM32WBA54CEU6TR, STM32WBA54CEU7, STM32WBA54CEU7TR, STM32WBA54CGU6, STM32WBA54CGU6TR, STM32WBA54CGU7, STM32WBA54CGU7TR, STM32WBA54KEU6, STM32WBA54KEU6TR, STM32WBA54KEU7, STM32WBA54KEU7TR, STM32WBA54KGU6, STM32WBA54KGU6TR, STM32WBA54KGU7, STM32WBA54KGU7TR, STM32WBA55CEU6, STM32WBA55CEU6TR, STM32WBA55CEU7, STM32WBA55CEU7TR, STM32WBA55CGU6, STM32WBA55CGU6TR, STM32WBA55CGU6U, STM32WBA55CGU7, STM32WBA55CGU7TR, STM32WBA55G-DK1, STM32WBA55HEF6, STM32WBA55HEF7, STM32WBA55HGF6, STM32WBA55HGF7, STM32WBA55UEI6, STM32WBA55UEI6TR, STM32WBA55UEI7, STM32WBA55UEI7TR, STM32WBA55UGI6, STM32WBA55UGI6TR, STM32WBA55UGI7, STM32WBA55UGI7TR, STM32WL5MOCH6, STM32WL5MOCH6TR]
2026-06-04 05:47:40,677 [INFO] DbMcus:218 - Found 5076 MCUs, 4958 are supported
2026-06-04 05:47:40,678 [INFO] ApiDb:423 - Load user favorites file C:\Users\Admin/.stm32cubeide/favorites.mcus.txt: 0 item(s)
2026-06-04 05:47:40,678 [INFO] ApiDb:427 - User favorites MCUs=[]
2026-06-04 05:47:40,678 [INFO] DbMcus:224 - Set 0 / 0 favorites MCUs
2026-06-04 05:47:41,286 [INFO] BoardInfo:889 - No configuration file found for board B-WBA5M-WPAN
2026-06-04 05:47:41,286 [INFO] DbBoards:161 - Board is not supported: B-WBA5M-WPAN
2026-06-04 05:47:41,293 [INFO] BoardInfo:889 - No configuration file found for board NUCLEO-C051C8
2026-06-04 05:47:41,295 [INFO] DbBoards:161 - Board is not supported: NUCLEO-C051C8
2026-06-04 05:47:41,301 [INFO] BoardInfo:889 - No configuration file found for board NUCLEO-C092RC
2026-06-04 05:47:41,301 [INFO] DbBoards:161 - Board is not supported: NUCLEO-C092RC
2026-06-04 05:47:41,400 [INFO] BoardInfo:889 - No configuration file found for board NUCLEO-H5E5ZJ
2026-06-04 05:47:41,401 [INFO] DbBoards:161 - Board is not supported: NUCLEO-H5E5ZJ
2026-06-04 05:47:41,471 [INFO] BoardInfo:889 - No configuration file found for board NUCLEO-N657X0-Q
2026-06-04 05:47:41,472 [INFO] DbBoards:161 - Board is not supported: NUCLEO-N657X0-Q
2026-06-04 05:47:41,481 [INFO] BoardInfo:889 - No configuration file found for board NUCLEO-U385RG-Q
2026-06-04 05:47:41,482 [INFO] DbBoards:161 - Board is not supported: NUCLEO-U385RG-Q
2026-06-04 05:47:41,484 [INFO] BoardInfo:889 - No configuration file found for board NUCLEO-U3C5ZI-Q
2026-06-04 05:47:41,485 [INFO] DbBoards:161 - Board is not supported: NUCLEO-U3C5ZI-Q
2026-06-04 05:47:41,506 [INFO] BoardInfo:889 - No configuration file found for board NUCLEO-WBA25CE1
2026-06-04 05:47:41,506 [INFO] DbBoards:161 - Board is not supported: NUCLEO-WBA25CE1
2026-06-04 05:47:41,512 [INFO] BoardInfo:889 - No configuration file found for board NUCLEO-WBA65RI
2026-06-04 05:47:41,513 [INFO] DbBoards:161 - Board is not supported: NUCLEO-WBA65RI
2026-06-04 05:47:41,515 [INFO] BoardInfo:889 - No configuration file found for board NUCLEO-WL33CC1
2026-06-04 05:47:41,517 [INFO] DbBoards:161 - Board is not supported: NUCLEO-WL33CC1
2026-06-04 05:47:41,519 [INFO] BoardInfo:889 - No configuration file found for board NUCLEO-WL33CC2
2026-06-04 05:47:41,520 [INFO] DbBoards:161 - Board is not supported: NUCLEO-WL33CC2
2026-06-04 05:47:41,522 [INFO] BoardInfo:889 - No configuration file found for board NUCLEO-WL3RKB1
2026-06-04 05:47:41,522 [INFO] DbBoards:161 - Board is not supported: NUCLEO-WL3RKB1
2026-06-04 05:47:41,524 [INFO] BoardInfo:889 - No configuration file found for board NUCLEO-WL3RKB2
2026-06-04 05:47:41,525 [INFO] DbBoards:161 - Board is not supported: NUCLEO-WL3RKB2
2026-06-04 05:47:41,538 [INFO] BoardInfo:889 - No configuration file found for board P-NUCLEO-WB55
2026-06-04 05:47:41,539 [INFO] DbBoards:161 - Kit is not supported: P-NUCLEO-WB55
2026-06-04 05:47:41,546 [INFO] BoardInfo:889 - No configuration file found for board STEVAL-BFA001V1B
2026-06-04 05:47:41,547 [INFO] DbBoards:161 - Kit is not supported: STEVAL-BFA001V1B
2026-06-04 05:47:41,549 [INFO] BoardInfo:889 - No configuration file found for board STEVAL-BFA001V2B
2026-06-04 05:47:41,550 [INFO] DbBoards:161 - Kit is not supported: STEVAL-BFA001V2B
2026-06-04 05:47:41,717 [INFO] BoardInfo:889 - No configuration file found for board STM32H5F5J-DK
2026-06-04 05:47:41,719 [INFO] DbBoards:161 - Board is not supported: STM32H5F5J-DK
2026-06-04 05:47:41,854 [INFO] BoardInfo:889 - No configuration file found for board STM32MP215F-DK
2026-06-04 05:47:41,855 [INFO] DbBoards:161 - Board is not supported: STM32MP215F-DK
2026-06-04 05:47:41,866 [INFO] BoardInfo:889 - No configuration file found for board STM32N6570-DK
2026-06-04 05:47:41,867 [INFO] DbBoards:161 - Board is not supported: STM32N6570-DK
2026-06-04 05:47:41,892 [INFO] BoardInfo:889 - No configuration file found for board STM32WBA65I-DK1
2026-06-04 05:47:41,893 [INFO] DbBoards:161 - Board is not supported: STM32WBA65I-DK1
2026-06-04 05:47:41,893 [INFO] DbBoards:168 - Found 218 boards, 198 are supported
2026-06-04 05:47:41,893 [INFO] DbBoards:169 - Found 218 boards, 25 of them is supported for  Bsp
2026-06-04 05:47:41,903 [INFO] ApiDb:423 - Load user favorites file C:\Users\Admin/.stm32cubeide/favorites.boards.txt: 0 item(s)
2026-06-04 05:47:41,903 [INFO] ApiDb:427 - User favorites Boards=[]
2026-06-04 05:47:41,903 [INFO] DbBoards:198 - Set 0 / 0 favorites Boards
2026-06-04 05:47:41,970 [INFO] UtilMem:75 - End LoadConfig() Used Memory: 316617872 Bytes (569376768)
2026-06-04 05:47:42,255 [WARN] ThirdParty:833 - waiting for thirdparty lock release [change project]
2026-06-04 05:47:42,256 [INFO] ThirdParty:835 - entering critical section [change project]
2026-06-04 05:47:42,256 [INFO] ThirdParty:1030 - CMSIS Pack Vendor :STMicroelectronics X-CUBE-AZRTOS-H7 3.5.0
2026-06-04 05:47:42,256 [INFO] ThirdParty:1030 - CMSIS Pack Vendor :STMicroelectronics X-CUBE-PM33A1 1.0.0
2026-06-04 05:47:42,256 [INFO] ThirdParty:1030 - CMSIS Pack Vendor :STMicroelectronics USBPD 4.1
2026-06-04 05:47:42,256 [INFO] ThirdParty:1030 - CMSIS Pack Vendor :STMicroelectronics X-CUBE-GNSS1 6.0.0
2026-06-04 05:47:42,256 [INFO] ThirdParty:1030 - CMSIS Pack Vendor :STMicroelectronics USB_HOST 2.0.0
2026-06-04 05:47:42,256 [INFO] ThirdParty:1030 - CMSIS Pack Vendor :STMicroelectronics FP-SNS-MOTENVWB1 1.4.0
2026-06-04 05:47:42,256 [INFO] ThirdParty:1030 - CMSIS Pack Vendor :STMicroelectronics X-CUBE-AZRTOS-F4 1.1.0
2026-06-04 05:47:42,256 [INFO] ThirdParty:1030 - CMSIS Pack Vendor :STMicroelectronics LIBJPEG 8.0.0
2026-06-04 05:47:42,256 [INFO] ThirdParty:1030 - CMSIS Pack Vendor :STMicroelectronics FP-ATR-ASTRA1 2.0.2
2026-06-04 05:47:42,256 [INFO] ThirdParty:1030 - CMSIS Pack Vendor :STMicroelectronics FP-ATR-ASTRA1 2.0.1
2026-06-04 05:47:42,256 [INFO] ThirdParty:1030 - CMSIS Pack Vendor :STMicroelectronics X-CUBE-SMBUS 2.1.0
2026-06-04 05:47:42,257 [INFO] ThirdParty:1030 - CMSIS Pack Vendor :STMicroelectronics X-CUBE-WB05N 1.1.0
2026-06-04 05:47:42,257 [INFO] ThirdParty:1030 - CMSIS Pack Vendor :STMicroelectronics X-CUBE-ISPU 2.1.0
2026-06-04 05:47:42,257 [INFO] ThirdParty:1030 - CMSIS Pack Vendor :STMicroelectronics X-CUBE-FREERTOS 1.2.0
2026-06-04 05:47:42,257 [INFO] ThirdParty:1030 - CMSIS Pack Vendor :STMicroelectronics X-CUBE-NFC12 1.0.0
2026-06-04 05:47:42,257 [INFO] ThirdParty:1030 - CMSIS Pack Vendor :STMicroelectronics X-CUBE-AZRTOS-F7 1.1.0
2026-06-04 05:47:42,257 [INFO] ThirdParty:1030 - CMSIS Pack Vendor :STMicroelectronics X-CUBE-AZRTOS-L5 2.0.0
2026-06-04 05:47:42,257 [INFO] ThirdParty:1030 - CMSIS Pack Vendor :STMicroelectronics USB_DEVICE 2.0.0
2026-06-04 05:47:42,257 [INFO] ThirdParty:1030 - CMSIS Pack Vendor :STMicroelectronics X-CUBE-NFC6 3.1.0
2026-06-04 05:47:42,257 [INFO] ThirdParty:1030 - CMSIS Pack Vendor :STMicroelectronics X-CUBE-MEMS1 11.0.0
2026-06-04 05:47:42,257 [INFO] ThirdParty:1030 - CMSIS Pack Vendor :STMicroelectronics X-CUBE-ALGOBUILD 1.5.0
2026-06-04 05:47:42,257 [INFO] ThirdParty:1030 - CMSIS Pack Vendor :STMicroelectronics FreeRTOS 0.0.1
2026-06-04 05:47:42,257 [INFO] ThirdParty:1030 - CMSIS Pack Vendor :STMicroelectronics X-CUBE-DPower 1.2.0
2026-06-04 05:47:42,257 [INFO] ThirdParty:1030 - CMSIS Pack Vendor :STMicroelectronics FP-SNS-FLIGHT1 5.0.2
2026-06-04 05:47:42,258 [INFO] ThirdParty:1030 - CMSIS Pack Vendor :STMicroelectronics X-CUBE-AI 9.0.0
2026-06-04 05:47:42,258 [INFO] ThirdParty:1030 - CMSIS Pack Vendor :STMicroelectronics PDM2PCM 3.3.0
2026-06-04 05:47:42,258 [INFO] ThirdParty:1030 - CMSIS Pack Vendor :STMicroelectronics X-CUBE-AZRTOS-H7 3.4.0
2026-06-04 05:47:42,258 [INFO] ThirdParty:1030 - CMSIS Pack Vendor :STMicroelectronics X-CUBE-DISPLAY 3.0.0
2026-06-04 05:47:42,258 [INFO] ThirdParty:1030 - CMSIS Pack Vendor :STMicroelectronics X-CUBE-GNSS1 7.1.1
2026-06-04 05:47:42,258 [INFO] ThirdParty:1030 - CMSIS Pack Vendor :STMicroelectronics X-CUBE-BLE1 7.0.0
2026-06-04 05:47:42,258 [INFO] ThirdParty:1030 - CMSIS Pack Vendor :STMicroelectronics X-CUBE-NFC10 1.0.0
2026-06-04 05:47:42,258 [INFO] ThirdParty:1030 - CMSIS Pack Vendor :STMicroelectronics X-CUBE-BLEMGR 4.0.0
2026-06-04 05:47:42,258 [INFO] ThirdParty:1030 - CMSIS Pack Vendor :STMicroelectronics X-CUBE-FREERTOS 1.3.1
2026-06-04 05:47:42,258 [INFO] ThirdParty:1030 - CMSIS Pack Vendor :STMicroelectronics HAL Drivers 0.0.0
2026-06-04 05:47:42,258 [INFO] ThirdParty:1030 - CMSIS Pack Vendor :emotas I-CUBE-CANOPEN 1.3.0
2026-06-04 05:47:42,258 [INFO] ThirdParty:1030 - CMSIS Pack Vendor :STMicroelectronics X-CUBE-FREERTOS 1.3.0
2026-06-04 05:47:42,258 [INFO] ThirdParty:1030 - CMSIS Pack Vendor :STMicroelectronics X-CUBE-NFC7 1.0.1
2026-06-04 05:47:42,258 [INFO] ThirdParty:1030 - CMSIS Pack Vendor :STMicroelectronics MBEDTLS 2.14.1
2026-06-04 05:47:42,259 [INFO] ThirdParty:1030 - CMSIS Pack Vendor :STMicroelectronics X-CUBE-GNSS1 7.1.0
2026-06-04 05:47:42,259 [INFO] ThirdParty:1030 - CMSIS Pack Vendor :STMicroelectronics X-CUBE-TOUCHGFX 4.26.0
2026-06-04 05:47:42,259 [INFO] ThirdParty:1030 - CMSIS Pack Vendor :STMicroelectronics X-CUBE-TOUCHGFX 4.26.1
2026-06-04 05:47:42,259 [INFO] ThirdParty:1030 - CMSIS Pack Vendor :STMicroelectronics X-CUBE-BLEMGR 3.1.0
2026-06-04 05:47:42,259 [INFO] ThirdParty:1030 - CMSIS Pack Vendor :STMicroelectronics X-CUBE-AI 10.0.0
2026-06-04 05:47:42,259 [INFO] ThirdParty:1030 - CMSIS Pack Vendor :STMicroelectronics FP-SNS-SMARTAG2 1.2.0
2026-06-04 05:47:42,259 [INFO] ThirdParty:1030 - CMSIS Pack Vendor :STMicroelectronics X-CUBE-MEMS1 11.1.0
2026-06-04 05:47:42,259 [INFO] ThirdParty:1030 - CMSIS Pack Vendor :STMicroelectronics X-CUBE-AZRTOS-WL 2.0.0
2026-06-04 05:47:42,259 [INFO] ThirdParty:1030 - CMSIS Pack Vendor :STMicroelectronics X-CUBE-DPower 1.3.0
2026-06-04 05:47:42,259 [INFO] ThirdParty:1030 - CMSIS Pack Vendor :STMicroelectronics FP-SNS-MOTENV1 5.0.0
2026-06-04 05:47:42,259 [INFO] ThirdParty:1030 - CMSIS Pack Vendor :STMicroelectronics USB_DEVICE 1.0.0
2026-06-04 05:47:42,259 [INFO] ThirdParty:1030 - CMSIS Pack Vendor :STMicroelectronics X-CUBE-AZRTOS-H7RS 1.2.0
2026-06-04 05:47:42,259 [INFO] ThirdParty:1030 - CMSIS Pack Vendor :wolfSSL I-CUBE-wolfMQTT 1.19.0
2026-06-04 05:47:42,259 [INFO] ThirdParty:1030 - CMSIS Pack Vendor :STMicroelectronics X-CUBE-AZRTOS-L4 2.0.0
2026-06-04 05:47:42,259 [INFO] ThirdParty:1030 - CMSIS Pack Vendor :STMicroelectronics ThreadX 0.0.2
2026-06-04 05:47:42,259 [INFO] ThirdParty:1030 - CMSIS Pack Vendor :WES I-CUBE-Cesium 1.3.0
2026-06-04 05:47:42,260 [INFO] ThirdParty:1030 - CMSIS Pack Vendor :STMicroelectronics lwIP 2.1.2
2026-06-04 05:47:42,260 [INFO] ThirdParty:1030 - CMSIS Pack Vendor :STMicroelectronics X-CUBE-SFXS2LP1 4.0.0
2026-06-04 05:47:42,260 [INFO] ThirdParty:1030 - CMSIS Pack Vendor :STMicroelectronics X-CUBE-BLE2 3.3.0
2026-06-04 05:47:42,260 [INFO] ThirdParty:1030 - CMSIS Pack Vendor :STMicroelectronics PDM2PCM 3.2.0
2026-06-04 05:47:42,260 [INFO] ThirdParty:1030 - CMSIS Pack Vendor :STMicroelectronics X-CUBE-WB05N 2.1.0
2026-06-04 05:47:42,260 [INFO] ThirdParty:1030 - CMSIS Pack Vendor :STMicroelectronics X-CUBE-AZRTOS-H7 3.3.0
2026-06-04 05:47:42,260 [INFO] ThirdParty:1030 - CMSIS Pack Vendor :STMicroelectronics X-CUBE-NFC9 1.0.0
2026-06-04 05:47:42,260 [INFO] ThirdParty:1030 - CMSIS Pack Vendor :STMicroelectronics X-CUBE-BLE1 7.1.0
2026-06-04 05:47:42,260 [INFO] ThirdParty:1030 - CMSIS Pack Vendor :STMicroelectronics USB_DEVICE 3.0.0
2026-06-04 05:47:42,260 [INFO] ThirdParty:1030 - CMSIS Pack Vendor :STMicroelectronics X-CUBE-TCPP 4.1.0
2026-06-04 05:47:42,260 [INFO] ThirdParty:1030 - CMSIS Pack Vendor :STMicroelectronics X-CUBE-EEPRMA1 5.2.0
2026-06-04 05:47:42,260 [INFO] ThirdParty:1030 - CMSIS Pack Vendor :STMicroelectronics X-CUBE-IPS 3.0.0
2026-06-04 05:47:42,260 [INFO] ThirdParty:1030 - CMSIS Pack Vendor :STMicroelectronics X-CUBE-AZRTOS-WB 2.0.0
2026-06-04 05:47:42,260 [INFO] ThirdParty:1030 - CMSIS Pack Vendor :STMicroelectronics X-CUBE-GNSS1 7.0.0
2026-06-04 05:47:42,260 [INFO] ThirdParty:1030 - CMSIS Pack Vendor :STMicroelectronics X-CUBE-GNSS1 7.0.1
2026-06-04 05:47:42,260 [INFO] ThirdParty:1030 - CMSIS Pack Vendor :STMicroelectronics X-CUBE-TOUCHGFX 4.25.0
2026-06-04 05:47:42,260 [INFO] ThirdParty:1030 - CMSIS Pack Vendor :STMicroelectronics FP-SNS-STBOX1 2.0.0
2026-06-04 05:47:42,261 [INFO] ThirdParty:1030 - CMSIS Pack Vendor :STMicroelectronics X-CUBE-MEMS1 12.0.0
2026-06-04 05:47:42,261 [INFO] ThirdParty:1030 - CMSIS Pack Vendor :STMicroelectronics X-CUBE-STSE01 2.0.0
2026-06-04 05:47:42,261 [INFO] ThirdParty:1030 - CMSIS Pack Vendor :STMicroelectronics X-CUBE-MEMS1 11.2.0
2026-06-04 05:47:42,261 [INFO] ThirdParty:1030 - CMSIS Pack Vendor :STMicroelectronics X-CUBE-AZRTOS-G0 1.1.0
2026-06-04 05:47:42,261 [INFO] ThirdParty:1030 - CMSIS Pack Vendor :STMicroelectronics X-CUBE-SAFEA1 1.2.2
2026-06-04 05:47:42,261 [INFO] ThirdParty:1030 - CMSIS Pack Vendor :STMicroelectronics X-CUBE-NFC4 3.0.0
2026-06-04 05:47:42,261 [INFO] ThirdParty:1030 - CMSIS Pack Vendor :STMicroelectronics X-CUBE-SUBG2 5.0.0
2026-06-04 05:47:42,261 [INFO] ThirdParty:1030 - CMSIS Pack Vendor :STMicroelectronics X-CUBE-AZRTOS-H7RS 1.1.0
2026-06-04 05:47:42,261 [INFO] ThirdParty:1030 - CMSIS Pack Vendor :STMicroelectronics STM32_WPAN 1.0.0
2026-06-04 05:47:42,261 [INFO] ThirdParty:1030 - CMSIS Pack Vendor :EmbeddedOffice I-CUBE-FS-RTOS 1.0.1
2026-06-04 05:47:42,261 [INFO] ThirdParty:1030 - CMSIS Pack Vendor :STMicroelectronics lwIP 2.0.3
2026-06-04 05:47:42,261 [INFO] ThirdParty:1030 - CMSIS Pack Vendor :Cesanta I-CUBE-Mongoose 7.13.0
2026-06-04 05:47:42,261 [INFO] ThirdParty:1030 - CMSIS Pack Vendor :STMicroelectronics USB_HOST 1.0.0
2026-06-04 05:47:42,261 [INFO] ThirdParty:1030 - CMSIS Pack Vendor :STMicroelectronics X-CUBE-AZRTOS-G4 2.0.0
2026-06-04 05:47:42,261 [INFO] ThirdParty:1030 - CMSIS Pack Vendor :STMicroelectronics X-CUBE-WB05N 2.0.0
2026-06-04 05:47:42,261 [INFO] ThirdParty:1030 - CMSIS Pack Vendor :STMicroelectronics PDM2PCM 3.1.0
2026-06-04 05:47:42,262 [INFO] ThirdParty:1030 - CMSIS Pack Vendor :STMicroelectronics X-CUBE-NFC7 2.0.0
2026-06-04 05:47:42,262 [INFO] ThirdParty:1030 - CMSIS Pack Vendor :RealThread X-CUBE-RT-Thread_Nano 4.1.1
2026-06-04 05:47:42,262 [INFO] ThirdParty:1030 - CMSIS Pack Vendor :STMicroelectronics FP-ATR-SIGFOX1 3.2.0
2026-06-04 05:47:42,262 [INFO] ThirdParty:1030 - CMSIS Pack Vendor :wolfSSL I-CUBE-wolfSSL 5.7.2
2026-06-04 05:47:42,262 [INFO] ThirdParty:1030 - CMSIS Pack Vendor :quantropi X-CUBE-qispace-sdk-base 1.9.3
2026-06-04 05:47:42,262 [INFO] ThirdParty:1030 - CMSIS Pack Vendor :STMicroelectronics X-CUBE-ISPU 2.0.0
2026-06-04 05:47:42,262 [INFO] ThirdParty:1030 - CMSIS Pack Vendor :STMicroelectronics X-CUBE-EEPRMA1 5.1.0
2026-06-04 05:47:42,262 [INFO] ThirdParty:1030 - CMSIS Pack Vendor :STMicroelectronics MBEDTLS 2.16.2
2026-06-04 05:47:42,262 [INFO] ThirdParty:1030 - CMSIS Pack Vendor :STMicroelectronics X-CUBE-ALS 1.0.2
2026-06-04 05:47:42,262 [INFO] ThirdParty:1030 - CMSIS Pack Vendor :STMicroelectronics X-CUBE-TOUCHGFX 4.24.0
2026-06-04 05:47:42,262 [INFO] ThirdParty:1030 - CMSIS Pack Vendor :ITTIA_DB I-CUBE-ITTIADB 8.9.0
2026-06-04 05:47:42,262 [INFO] ThirdParty:1030 - CMSIS Pack Vendor :STMicroelectronics X-CUBE-TOUCHGFX 4.24.2
2026-06-04 05:47:42,262 [INFO] ThirdParty:1030 - CMSIS Pack Vendor :STMicroelectronics X-CUBE-TOUCHGFX 4.24.1
2026-06-04 05:47:42,262 [INFO] ThirdParty:1030 - CMSIS Pack Vendor :STMicroelectronics X-CUBE-STSE01 1.0.0
2026-06-04 05:47:42,262 [INFO] ThirdParty:1030 - CMSIS Pack Vendor :wolfSSL I-CUBE-wolfTPM 3.4.0
2026-06-04 05:47:42,263 [INFO] ThirdParty:1030 - CMSIS Pack Vendor :portGmbH I-Cube-SoM-uGOAL 1.1.0
2026-06-04 05:47:42,263 [INFO] ThirdParty:1030 - CMSIS Pack Vendor :STMicroelectronics X-CUBE-NFC6 3.2.0
2026-06-04 05:47:42,263 [INFO] ThirdParty:1030 - CMSIS Pack Vendor :STMicroelectronics X-CUBE-AI 10.2.0
2026-06-04 05:47:42,263 [INFO] ThirdParty:1030 - CMSIS Pack Vendor :STMicroelectronics ThreadX 1.0.0
2026-06-04 05:47:42,263 [INFO] ThirdParty:1030 - CMSIS Pack Vendor :STMicroelectronics X-CUBE-MEMS1 12.1.0
2026-06-04 05:47:42,263 [INFO] ThirdParty:1030 - CMSIS Pack Vendor :SEGGER I-CUBE-embOS 1.3.1
2026-06-04 05:47:42,263 [INFO] ThirdParty:1030 - CMSIS Pack Vendor :STMicroelectronics X-CUBE-ALGOBUILD 1.4.0
2026-06-04 05:47:42,263 [INFO] ThirdParty:1030 - CMSIS Pack Vendor :STMicroelectronics X-CUBE-MEMS1 11.3.0
2026-06-04 05:47:42,263 [INFO] ThirdParty:1030 - CMSIS Pack Vendor :STMicroelectronics X-CUBE-AZRTOS-H7RS 1.0.0
2026-06-04 05:47:42,263 [INFO] ThirdParty:1030 - CMSIS Pack Vendor :STMicroelectronics FP-ATR-ASTRA1 2.0.0
2026-06-04 05:47:42,263 [INFO] ThirdParty:1030 - CMSIS Pack Vendor :STMicroelectronics X-CUBE-TOF1 3.4.2
2026-06-04 05:47:42,263 [INFO] ThirdParty:1030 - CMSIS Pack Vendor :STMicroelectronics X-CUBE-AI 9.1.0
2026-06-04 05:47:42,263 [INFO] ThirdParty:1030 - CMSIS Pack Vendor :Infineon AIROC-Wi-Fi-Bluetooth-STM32 1.6.1
2026-06-04 05:47:42,263 [INFO] ThirdParty:1030 - CMSIS Pack Vendor :wolfSSL I-CUBE-wolfSSH 1.4.17
2026-06-04 05:47:42,264 [INFO] ThirdParty:841 - exiting critical section [change project]
2026-06-04 05:47:43,099 [INFO] PinOutPanel:1561 - setPackage(No Configuration,No Configuration)
2026-06-04 05:47:43,101 [INFO] PinOutPanel:1561 - setPackage(STM32F407VGTx,LQFP100)
2026-06-04 05:47:44,000 [INFO] UtilMem:75 - Before build in PCC Used Memory: 378627472 Bytes (569376768)
2026-06-04 05:47:45,281 [INFO] UtilMem:75 - After build in PCC Used Memory: 455697808 Bytes (569376768)
2026-06-04 05:47:45,337 [INFO] IPUIPlugin:80 - create IPUIPlugin
2026-06-04 05:47:45,337 [INFO] IPUIPlugin:80 - create IPUIPlugin
2026-06-04 05:47:45,338 [INFO] IPUIPlugin:80 - create IPUIPlugin
2026-06-04 05:47:45,338 [INFO] IPUIPlugin:80 - create IPUIPlugin
2026-06-04 05:47:45,338 [INFO] IPUIPlugin:80 - create IPUIPlugin
2026-06-04 05:47:45,339 [INFO] IPUIPlugin:80 - create IPUIPlugin
2026-06-04 05:47:45,339 [INFO] IPUIPlugin:80 - create IPUIPlugin
2026-06-04 05:47:45,339 [INFO] IPUIPlugin:80 - create IPUIPlugin
2026-06-04 05:47:45,339 [INFO] IPUIPlugin:80 - create IPUIPlugin
2026-06-04 05:47:45,339 [INFO] IPUIPlugin:80 - create IPUIPlugin
2026-06-04 05:47:45,340 [INFO] IPUIPlugin:80 - create IPUIPlugin
2026-06-04 05:47:45,340 [INFO] IPUIPlugin:80 - create IPUIPlugin
2026-06-04 05:47:45,341 [INFO] IPUIPlugin:80 - create IPUIPlugin
2026-06-04 05:47:45,341 [INFO] IPUIPlugin:80 - create IPUIPlugin
2026-06-04 05:47:45,341 [INFO] IPUIPlugin:80 - create IPUIPlugin
2026-06-04 05:47:45,341 [INFO] IPUIPlugin:80 - create IPUIPlugin
2026-06-04 05:47:45,341 [INFO] IPUIPlugin:80 - create IPUIPlugin
2026-06-04 05:47:45,342 [INFO] IPUIPlugin:80 - create IPUIPlugin
2026-06-04 05:47:45,342 [INFO] IPUIPlugin:80 - create IPUIPlugin
2026-06-04 05:47:45,342 [INFO] IPUIPlugin:80 - create IPUIPlugin
2026-06-04 05:47:45,343 [INFO] IPUIPlugin:80 - create IPUIPlugin
2026-06-04 05:47:45,343 [INFO] IPUIPlugin:80 - create IPUIPlugin
2026-06-04 05:47:45,344 [INFO] IPUIPlugin:80 - create IPUIPlugin
2026-06-04 05:47:45,344 [INFO] IPUIPlugin:80 - create IPUIPlugin
2026-06-04 05:47:45,344 [INFO] IPUIPlugin:80 - create IPUIPlugin
2026-06-04 05:47:45,345 [INFO] IPUIPlugin:80 - create IPUIPlugin
2026-06-04 05:47:45,345 [INFO] IPUIPlugin:80 - create IPUIPlugin
2026-06-04 05:47:45,356 [INFO] IPUIPlugin:80 - create IPUIPlugin
2026-06-04 05:47:45,357 [INFO] IPUIPlugin:80 - create IPUIPlugin
2026-06-04 05:47:45,358 [INFO] IPUIPlugin:80 - create IPUIPlugin
2026-06-04 05:47:45,359 [INFO] IPUIPlugin:80 - create IPUIPlugin
2026-06-04 05:47:45,360 [INFO] IPUIPlugin:80 - create IPUIPlugin
2026-06-04 05:47:45,360 [INFO] IPUIPlugin:80 - create IPUIPlugin
2026-06-04 05:47:45,360 [INFO] IPUIPlugin:80 - create IPUIPlugin
2026-06-04 05:47:45,361 [INFO] IPUIPlugin:80 - create IPUIPlugin
2026-06-04 05:47:45,361 [INFO] IPUIPlugin:80 - create IPUIPlugin
2026-06-04 05:47:45,362 [INFO] IPUIPlugin:80 - create IPUIPlugin
2026-06-04 05:47:45,362 [INFO] IPUIPlugin:80 - create IPUIPlugin
2026-06-04 05:47:45,363 [INFO] IPUIPlugin:80 - create IPUIPlugin
2026-06-04 05:47:45,364 [INFO] IPUIPlugin:80 - create IPUIPlugin
2026-06-04 05:47:45,364 [INFO] IPUIPlugin:80 - create IPUIPlugin
2026-06-04 05:47:45,365 [INFO] IPUIPlugin:80 - create IPUIPlugin
2026-06-04 05:47:45,365 [INFO] IPUIPlugin:80 - create IPUIPlugin
2026-06-04 05:47:45,366 [INFO] IPUIPlugin:80 - create IPUIPlugin
2026-06-04 05:47:45,366 [INFO] IPUIPlugin:80 - create IPUIPlugin
2026-06-04 05:47:45,367 [INFO] IPUIPlugin:80 - create IPUIPlugin
2026-06-04 05:47:45,368 [INFO] IPUIPlugin:80 - create IPUIPlugin
2026-06-04 05:47:45,368 [INFO] IPUIPlugin:80 - create IPUIPlugin
2026-06-04 05:47:45,369 [INFO] IPUIPlugin:80 - create IPUIPlugin
2026-06-04 05:47:45,370 [INFO] IPUIPlugin:80 - create IPUIPlugin
2026-06-04 05:47:45,370 [INFO] IPUIPlugin:80 - create IPUIPlugin
2026-06-04 05:47:45,371 [INFO] IPUIPlugin:80 - create IPUIPlugin
2026-06-04 05:47:45,372 [INFO] IPUIPlugin:80 - create IPUIPlugin
2026-06-04 05:47:45,372 [INFO] IPUIPlugin:80 - create IPUIPlugin
2026-06-04 05:47:45,374 [INFO] IPUIPlugin:80 - create IPUIPlugin
2026-06-04 05:47:45,375 [INFO] IPUIPlugin:80 - create IPUIPlugin
2026-06-04 05:47:45,376 [INFO] IPUIPlugin:80 - create IPUIPlugin
2026-06-04 05:47:45,377 [INFO] IPUIPlugin:80 - create IPUIPlugin
2026-06-04 05:47:45,537 [INFO] ApiDbMcu:508 - Load IP Config File for PDM2PCM
2026-06-04 05:47:45,873 [INFO] CADModel:165 - CPN selected for project levelSTM32F407VGT6
2026-06-04 05:47:45,873 [INFO] CADModel:114 - Register for checkConnection events
2026-06-04 05:47:45,932 [INFO] OpenFileManager:363 - Restore cursor
2026-06-04 05:47:54,909 [INFO] WebApp:189 - Connection lost
2026-06-04 05:47:55,062 [INFO] WebApp:186 - Connection restablished
2026-06-04 05:48:23,496 [INFO] MainUpdater:2873 - connection check result : 10
2026-06-04 05:48:23,496 [INFO] MainUpdater:2873 - connection check result : 10
2026-06-04 05:48:23,518 [INFO] MicroXplorer:468 - Change Database Path : 
2026-06-04 05:48:23,518 [INFO] MicroXplorer:498 - Change Database Version : DB.6.0.120
2026-06-04 05:48:23,545 [ERROR] ProjectManagerView:394 - 
java.lang.NullPointerException: Cannot invoke "javax.swing.JTextField.getText()" because the return value of "java.util.List.get(int)" is null
	at com.st.microxplorer.plugins.projectmanager.gui.ProjectChoiceTab$10.caretUpdate(ProjectChoiceTab.java:2622) ~[filemanager.jar:?]
	at javax.swing.text.JTextComponent.fireCaretUpdate(JTextComponent.java:412) ~[?:?]
	at javax.swing.text.JTextComponent$MutableCaretEvent.fire(JTextComponent.java:4491) ~[?:?]
	at javax.swing.text.JTextComponent$MutableCaretEvent.stateChanged(JTextComponent.java:4513) ~[?:?]
	at javax.swing.text.DefaultCaret.fireStateChanged(DefaultCaret.java:842) ~[?:?]
	at javax.swing.text.DefaultCaret.changeCaretPosition(DefaultCaret.java:1313) ~[?:?]
	at javax.swing.text.DefaultCaret.handleSetDot(DefaultCaret.java:1212) ~[?:?]
	at javax.swing.text.DefaultCaret.setDot(DefaultCaret.java:1193) ~[?:?]
	at javax.swing.text.DefaultCaret$Handler.insertUpdate(DefaultCaret.java:1789) ~[?:?]
	at javax.swing.text.AbstractDocument.fireInsertUpdate(AbstractDocument.java:226) ~[?:?]
	at javax.swing.text.AbstractDocument.handleInsertString(AbstractDocument.java:780) ~[?:?]
	at javax.swing.text.AbstractDocument.insertString(AbstractDocument.java:739) ~[?:?]
	at javax.swing.text.PlainDocument.insertString(PlainDocument.java:131) ~[?:?]
	at javax.swing.text.AbstractDocument.replace(AbstractDocument.java:698) ~[?:?]
	at javax.swing.text.JTextComponent.setText(JTextComponent.java:1729) ~[?:?]
	at com.st.microxplorer.plugins.projectmanager.gui.ProjectChoiceTab.createHeapStackFields(ProjectChoiceTab.java:972) ~[filemanager.jar:?]
	at com.st.microxplorer.plugins.projectmanager.gui.ProjectChoiceTab.buildLinkSettingsPanel(ProjectChoiceTab.java:3597) ~[filemanager.jar:?]
	at com.st.microxplorer.plugins.projectmanager.gui.ProjectChoiceTab.defineWindowsFields(ProjectChoiceTab.java:1940) ~[filemanager.jar:?]
	at com.st.microxplorer.plugins.projectmanager.gui.ProjectChoiceTab.updateSettings(ProjectChoiceTab.java:550) ~[filemanager.jar:?]
	at com.st.microxplorer.plugins.projectmanager.gui.ProjectSettingsPanel.UpdateDialog(ProjectSettingsPanel.java:245) ~[filemanager.jar:?]
	at com.st.microxplorer.plugins.projectmanager.ProjectManagerView.propertyChange(ProjectManagerView.java:391) ~[filemanager.jar:?]
	at java.beans.PropertyChangeSupport.fire(PropertyChangeSupport.java:343) ~[?:?]
	at java.beans.PropertyChangeSupport.firePropertyChange(PropertyChangeSupport.java:335) ~[?:?]
	at java.beans.PropertyChangeSupport.firePropertyChange(PropertyChangeSupport.java:268) ~[?:?]
	at com.st.microxplorer.util.MXPropertyChangeSupport.firePropertyChange(MXPropertyChangeSupport.java:54) ~[STM32CubeMX.jar:?]
	at com.st.microxplorer.mxsystem.MxSystem.closeConfig(MxSystem.java:900) ~[STM32CubeMX.jar:?]
	at com.st.microxplorer.maingui.MainPanel.closeConfig(MainPanel.java:781) ~[STM32CubeMX.jar:?]
	at com.st.microxplorer.plugins.filemanager.engine.OpenFileManager.loadConfigurationFile(OpenFileManager.java:265) ~[filemanager.jar:?]
	at com.st.microxplorer.plugins.filemanager.engine.MainFileManager.userLoadConfig(MainFileManager.java:352) ~[filemanager.jar:?]
	at com.st.microxplorer.plugins.filemanager.engine.MainFileManager.userLoadConfig(MainFileManager.java:330) ~[filemanager.jar:?]
	at com.st.microxplorer.plugins.filemanager.FileManagerView.getSpecificTask(FileManagerView.java:246) ~[filemanager.jar:?]
	at com.st.stm32cube.common.mx.editor.CubeMxEditor.getMxTabbedPaneInstance(CubeMxEditor.java:1198) ~[com.st.stm32cube.common.mx_6.12.0.202406281431/:?]
	at com.st.stm32cube.common.mx.editor.CubeMxEditor$12$1.createSwingComponent(CubeMxEditor.java:1068) ~[com.st.stm32cube.common.mx_6.12.0.202406281431/:?]
	at com.st.stm32cube.common.mx.oss.core.awtswtbridge.EmbeddedSwingComposite.doComponentCreation(EmbeddedSwingComposite.java:492) ~[com.st.stm32cube.common.mx.oss_6.12.0.202406281431/:?]
	at com.st.stm32cube.common.mx.oss.core.awtswtbridge.EmbeddedSwingComposite$4.run(EmbeddedSwingComposite.java:291) ~[com.st.stm32cube.common.mx.oss_6.12.0.202406281431/:?]
	at com.st.stm32cube.common.mx.oss.core.awtswtbridge.AwtEnvironment$2.run(AwtEnvironment.java:166) ~[com.st.stm32cube.common.mx.oss_6.12.0.202406281431/:?]
	at java.awt.event.InvocationEvent.dispatch(InvocationEvent.java:318) ~[?:?]
	at java.awt.EventQueue.dispatchEventImpl(EventQueue.java:773) ~[?:?]
	at java.awt.EventQueue$4.run(EventQueue.java:720) ~[?:?]
	at java.awt.EventQueue$4.run(EventQueue.java:714) ~[?:?]
	at java.security.AccessController.doPrivileged(AccessController.java:399) ~[?:?]
	at java.security.ProtectionDomain$JavaSecurityAccessImpl.doIntersectionPrivilege(ProtectionDomain.java:86) ~[?:?]
	at java.awt.EventQueue.dispatchEvent(EventQueue.java:742) ~[?:?]
	at java.awt.EventDispatchThread.pumpOneEventForFilters(EventDispatchThread.java:203) ~[?:?]
	at java.awt.EventDispatchThread.pumpEventsForFilter(EventDispatchThread.java:124) ~[?:?]
	at java.awt.EventDispatchThread.pumpEventsForHierarchy(EventDispatchThread.java:113) ~[?:?]
	at java.awt.EventDispatchThread.pumpEvents(EventDispatchThread.java:109) ~[?:?]
	at java.awt.EventDispatchThread.pumpEvents(EventDispatchThread.java:101) ~[?:?]
	at java.awt.EventDispatchThread.run(EventDispatchThread.java:90) ~[?:?]
2026-06-04 05:48:23,554 [WARN] ThirdParty:871 - waiting for thirdparty lock release [close project]
2026-06-04 05:48:23,554 [INFO] ThirdParty:873 - entering critical section [close project]
2026-06-04 05:48:23,554 [INFO] ThirdParty:883 - exiting critical section [close project]
2026-06-04 05:48:23,557 [INFO] PinOutPanel:1561 - setPackage(No Configuration,No Configuration)
2026-06-04 05:48:23,587 [WARN] IpParametersView:151 - Warning: This peripheral hasn't parameters
2026-06-04 05:48:23,617 [WARN] MainPanel:284 - <html><b><center>Warning: This peripheral has no parameters to be configured<br></b></html>
2026-06-04 05:48:23,638 [INFO] UtilMem:75 - Begin LoadConfig() Used Memory: 704486032 Bytes (958398464)
2026-06-04 05:48:23,639 [INFO] MicroXplorer:468 - Change Database Path : 
2026-06-04 05:48:23,640 [INFO] MicroXplorer:498 - Change Database Version : DB.6.0.120
2026-06-04 05:48:23,640 [INFO] OpenFileManager:332 - Change cursor
2026-06-04 05:48:23,664 [INFO] Mcu:2032 - Initializing MCU STM32F407V(E-G)Tx STM32F407VETx STM32F407VET6
2026-06-04 05:48:27,002 [INFO] Context:742 - Trying to add GPIOservice into a context  which must be forbidden
2026-06-04 05:48:27,902 [INFO] RtosManager:555 - Registered RTOS mode: class=CMSIS, group=RTOS, mode=CMSIS_V1, owner=FREERTOS
2026-06-04 05:48:27,902 [INFO] RtosManager:555 - Registered RTOS mode: class=CMSIS, group=RTOS2, mode=CMSIS_V2, owner=FREERTOS
2026-06-04 05:48:27,902 [INFO] RtosManager:555 - Registered RTOS mode: class=RTOS, group=Core, mode=CMSIS_V1, owner=FREERTOS
2026-06-04 05:48:27,902 [INFO] RtosManager:555 - Registered RTOS mode: class=RTOS, group=Core, mode=CMSIS_V2, owner=FREERTOS
2026-06-04 05:48:27,902 [WARN] ModelIntegratedComponent:184 - Missing modes for component STMicroelectronics:FreeRTOS:0.0.1:STMicroelectronics:RTOS:FreeRTOS:Core:::10.2.0:
2026-06-04 05:48:27,909 [WARN] ModelIntegratedComponent:63 - No mode defined for component null
2026-06-04 05:48:27,910 [WARN] ModelIntegratedComponent:63 - No mode defined for component null
2026-06-04 05:48:27,911 [WARN] ModelIntegratedComponent:63 - No mode defined for component null
2026-06-04 05:48:27,911 [WARN] ModelIntegratedComponent:63 - No mode defined for component null
2026-06-04 05:48:27,911 [WARN] ModelIntegratedComponent:63 - No mode defined for component null
2026-06-04 05:48:27,911 [WARN] ModelIntegratedComponent:63 - No mode defined for component null
2026-06-04 05:48:27,911 [WARN] ModelIntegratedComponent:63 - No mode defined for component null
2026-06-04 05:48:27,911 [WARN] ModelIntegratedComponent:63 - No mode defined for component null
2026-06-04 05:48:27,911 [WARN] ModelIntegratedComponent:63 - No mode defined for component null
2026-06-04 05:48:27,911 [WARN] ModelIntegratedComponent:63 - No mode defined for component null
2026-06-04 05:48:27,911 [WARN] ModelIntegratedComponent:63 - No mode defined for component null
2026-06-04 05:48:27,911 [WARN] ModelIntegratedComponent:63 - No mode defined for component null
2026-06-04 05:48:27,911 [WARN] ModelIntegratedComponent:63 - No mode defined for component null
2026-06-04 05:48:27,911 [WARN] ModelIntegratedComponent:63 - No mode defined for component null
2026-06-04 05:48:27,911 [WARN] ModelIntegratedComponent:63 - No mode defined for component null
2026-06-04 05:48:27,911 [WARN] ModelIntegratedComponent:63 - No mode defined for component null
2026-06-04 05:48:27,911 [WARN] ModelIntegratedComponent:63 - No mode defined for component null
2026-06-04 05:48:27,911 [WARN] ModelIntegratedComponent:63 - No mode defined for component null
2026-06-04 05:48:27,911 [WARN] ModelIntegratedComponent:63 - No mode defined for component null
2026-06-04 05:48:27,911 [WARN] ModelIntegratedComponent:63 - No mode defined for component null
2026-06-04 05:48:27,911 [WARN] ModelIntegratedComponent:63 - No mode defined for component null
2026-06-04 05:48:27,911 [WARN] ModelIntegratedComponent:63 - No mode defined for component null
2026-06-04 05:48:27,911 [WARN] ModelIntegratedComponent:63 - No mode defined for component null
2026-06-04 05:48:27,911 [WARN] ModelIntegratedComponent:63 - No mode defined for component null
2026-06-04 05:48:27,912 [WARN] ModelIntegratedComponent:63 - No mode defined for component null
2026-06-04 05:48:27,912 [WARN] ModelIntegratedComponent:63 - No mode defined for component null
2026-06-04 05:48:27,913 [WARN] ModelIntegratedComponent:63 - No mode defined for component null
2026-06-04 05:48:27,913 [WARN] ModelIntegratedComponent:63 - No mode defined for component null
2026-06-04 05:48:27,913 [WARN] ModelIntegratedComponent:63 - No mode defined for component null
2026-06-04 05:48:27,913 [WARN] ModelIntegratedComponent:63 - No mode defined for component null
2026-06-04 05:48:27,913 [WARN] ModelIntegratedComponent:63 - No mode defined for component null
2026-06-04 05:48:27,913 [WARN] ModelIntegratedComponent:63 - No mode defined for component null
2026-06-04 05:48:27,913 [WARN] ModelIntegratedComponent:63 - No mode defined for component null
2026-06-04 05:48:27,913 [WARN] ModelIntegratedComponent:63 - No mode defined for component null
2026-06-04 05:48:27,913 [WARN] ModelIntegratedComponent:63 - No mode defined for component null
2026-06-04 05:48:27,913 [WARN] ModelPack:524 - Component already loaded: STMicroelectronics:HAL Drivers:0.0.0:STMicroelectronics:Device:STMicro_Driver:XSPI:HAL::0.0.1:HAL_XSPI
2026-06-04 05:48:28,600 [INFO] ThirdPartyModel:298 - Start build external matchings
2026-06-04 05:48:31,828 [INFO] ThirdPartyModel:316 - End build external matchings
2026-06-04 05:48:31,904 [INFO] ImportTextPane:205 - (OptionalMessage_ERROR) IP (RCC) : Parameter (48MHZClocksFreq_Value) has invalid value (84000000)
2026-06-04 05:48:31,904 [INFO] ImportTextPane:205 - (OptionalMessage_ERROR) IP (RCC) : Parameter (RTCHSEDivFreq_Value) has invalid value (4000000)
2026-06-04 05:48:32,293 [INFO] UtilMem:75 - End LoadConfig() Used Memory: 792773568 Bytes (1073741824)
2026-06-04 05:48:32,542 [WARN] ThirdParty:833 - waiting for thirdparty lock release [change project]
2026-06-04 05:48:32,542 [INFO] ThirdParty:835 - entering critical section [change project]
2026-06-04 05:48:32,542 [INFO] ThirdParty:1030 - CMSIS Pack Vendor :STMicroelectronics X-CUBE-AZRTOS-H7 3.5.0
2026-06-04 05:48:32,542 [INFO] ThirdParty:1030 - CMSIS Pack Vendor :STMicroelectronics X-CUBE-PM33A1 1.0.0
2026-06-04 05:48:32,543 [INFO] ThirdParty:1030 - CMSIS Pack Vendor :STMicroelectronics USBPD 4.1
2026-06-04 05:48:32,543 [INFO] ThirdParty:1030 - CMSIS Pack Vendor :STMicroelectronics X-CUBE-GNSS1 6.0.0
2026-06-04 05:48:32,543 [INFO] ThirdParty:1030 - CMSIS Pack Vendor :STMicroelectronics USB_HOST 2.0.0
2026-06-04 05:48:32,543 [INFO] ThirdParty:1030 - CMSIS Pack Vendor :STMicroelectronics FP-SNS-MOTENVWB1 1.4.0
2026-06-04 05:48:32,543 [INFO] ThirdParty:1030 - CMSIS Pack Vendor :STMicroelectronics X-CUBE-AZRTOS-F4 1.1.0
2026-06-04 05:48:32,543 [INFO] ThirdParty:1030 - CMSIS Pack Vendor :STMicroelectronics LIBJPEG 8.0.0
2026-06-04 05:48:32,543 [INFO] ThirdParty:1030 - CMSIS Pack Vendor :STMicroelectronics FP-ATR-ASTRA1 2.0.2
2026-06-04 05:48:32,543 [INFO] ThirdParty:1030 - CMSIS Pack Vendor :STMicroelectronics FP-ATR-ASTRA1 2.0.1
2026-06-04 05:48:32,543 [INFO] ThirdParty:1030 - CMSIS Pack Vendor :STMicroelectronics X-CUBE-SMBUS 2.1.0
2026-06-04 05:48:32,543 [INFO] ThirdParty:1030 - CMSIS Pack Vendor :STMicroelectronics X-CUBE-WB05N 1.1.0
2026-06-04 05:48:32,543 [INFO] ThirdParty:1030 - CMSIS Pack Vendor :STMicroelectronics X-CUBE-ISPU 2.1.0
2026-06-04 05:48:32,543 [INFO] ThirdParty:1030 - CMSIS Pack Vendor :STMicroelectronics X-CUBE-FREERTOS 1.2.0
2026-06-04 05:48:32,543 [INFO] ThirdParty:1030 - CMSIS Pack Vendor :STMicroelectronics X-CUBE-NFC12 1.0.0
2026-06-04 05:48:32,543 [INFO] ThirdParty:1030 - CMSIS Pack Vendor :STMicroelectronics X-CUBE-AZRTOS-F7 1.1.0
2026-06-04 05:48:32,543 [INFO] ThirdParty:1030 - CMSIS Pack Vendor :STMicroelectronics X-CUBE-AZRTOS-L5 2.0.0
2026-06-04 05:48:32,543 [INFO] ThirdParty:1030 - CMSIS Pack Vendor :STMicroelectronics USB_DEVICE 2.0.0
2026-06-04 05:48:32,543 [INFO] ThirdParty:1030 - CMSIS Pack Vendor :STMicroelectronics X-CUBE-NFC6 3.1.0
2026-06-04 05:48:32,543 [INFO] ThirdParty:1030 - CMSIS Pack Vendor :STMicroelectronics X-CUBE-MEMS1 11.0.0
2026-06-04 05:48:32,543 [INFO] ThirdParty:1030 - CMSIS Pack Vendor :STMicroelectronics X-CUBE-ALGOBUILD 1.5.0
2026-06-04 05:48:32,543 [INFO] ThirdParty:1030 - CMSIS Pack Vendor :STMicroelectronics FreeRTOS 0.0.1
2026-06-04 05:48:32,544 [INFO] ThirdParty:1030 - CMSIS Pack Vendor :STMicroelectronics X-CUBE-DPower 1.2.0
2026-06-04 05:48:32,544 [INFO] ThirdParty:1030 - CMSIS Pack Vendor :STMicroelectronics FP-SNS-FLIGHT1 5.0.2
2026-06-04 05:48:32,544 [INFO] ThirdParty:1030 - CMSIS Pack Vendor :STMicroelectronics X-CUBE-AI 9.0.0
2026-06-04 05:48:32,544 [INFO] ThirdParty:1030 - CMSIS Pack Vendor :STMicroelectronics PDM2PCM 3.3.0
2026-06-04 05:48:32,544 [INFO] ThirdParty:1030 - CMSIS Pack Vendor :STMicroelectronics X-CUBE-AZRTOS-H7 3.4.0
2026-06-04 05:48:32,544 [INFO] ThirdParty:1030 - CMSIS Pack Vendor :STMicroelectronics X-CUBE-DISPLAY 3.0.0
2026-06-04 05:48:32,544 [INFO] ThirdParty:1030 - CMSIS Pack Vendor :STMicroelectronics X-CUBE-GNSS1 7.1.1
2026-06-04 05:48:32,544 [INFO] ThirdParty:1030 - CMSIS Pack Vendor :STMicroelectronics X-CUBE-BLE1 7.0.0
2026-06-04 05:48:32,544 [INFO] ThirdParty:1030 - CMSIS Pack Vendor :STMicroelectronics X-CUBE-NFC10 1.0.0
2026-06-04 05:48:32,544 [INFO] ThirdParty:1030 - CMSIS Pack Vendor :STMicroelectronics X-CUBE-BLEMGR 4.0.0
2026-06-04 05:48:32,544 [INFO] ThirdParty:1030 - CMSIS Pack Vendor :STMicroelectronics X-CUBE-FREERTOS 1.3.1
2026-06-04 05:48:32,544 [INFO] ThirdParty:1030 - CMSIS Pack Vendor :STMicroelectronics HAL Drivers 0.0.0
2026-06-04 05:48:32,544 [INFO] ThirdParty:1030 - CMSIS Pack Vendor :emotas I-CUBE-CANOPEN 1.3.0
2026-06-04 05:48:32,544 [INFO] ThirdParty:1030 - CMSIS Pack Vendor :STMicroelectronics X-CUBE-FREERTOS 1.3.0
2026-06-04 05:48:32,544 [INFO] ThirdParty:1030 - CMSIS Pack Vendor :STMicroelectronics X-CUBE-NFC7 1.0.1
2026-06-04 05:48:32,544 [INFO] ThirdParty:1030 - CMSIS Pack Vendor :STMicroelectronics MBEDTLS 2.14.1
2026-06-04 05:48:32,544 [INFO] ThirdParty:1030 - CMSIS Pack Vendor :STMicroelectronics X-CUBE-GNSS1 7.1.0
2026-06-04 05:48:32,544 [INFO] ThirdParty:1030 - CMSIS Pack Vendor :STMicroelectronics X-CUBE-TOUCHGFX 4.26.0
2026-06-04 05:48:32,544 [INFO] ThirdParty:1030 - CMSIS Pack Vendor :STMicroelectronics X-CUBE-TOUCHGFX 4.26.1
2026-06-04 05:48:32,544 [INFO] ThirdParty:1030 - CMSIS Pack Vendor :STMicroelectronics X-CUBE-BLEMGR 3.1.0
2026-06-04 05:48:32,545 [INFO] ThirdParty:1030 - CMSIS Pack Vendor :STMicroelectronics X-CUBE-AI 10.0.0
2026-06-04 05:48:32,545 [INFO] ThirdParty:1030 - CMSIS Pack Vendor :STMicroelectronics FP-SNS-SMARTAG2 1.2.0
2026-06-04 05:48:32,545 [INFO] ThirdParty:1030 - CMSIS Pack Vendor :STMicroelectronics X-CUBE-MEMS1 11.1.0
2026-06-04 05:48:32,545 [INFO] ThirdParty:1030 - CMSIS Pack Vendor :STMicroelectronics X-CUBE-AZRTOS-WL 2.0.0
2026-06-04 05:48:32,545 [INFO] ThirdParty:1030 - CMSIS Pack Vendor :STMicroelectronics X-CUBE-DPower 1.3.0
2026-06-04 05:48:32,545 [INFO] ThirdParty:1030 - CMSIS Pack Vendor :STMicroelectronics FP-SNS-MOTENV1 5.0.0
2026-06-04 05:48:32,545 [INFO] ThirdParty:1030 - CMSIS Pack Vendor :STMicroelectronics USB_DEVICE 1.0.0
2026-06-04 05:48:32,545 [INFO] ThirdParty:1030 - CMSIS Pack Vendor :STMicroelectronics X-CUBE-AZRTOS-H7RS 1.2.0
2026-06-04 05:48:32,545 [INFO] ThirdParty:1030 - CMSIS Pack Vendor :wolfSSL I-CUBE-wolfMQTT 1.19.0
2026-06-04 05:48:32,545 [INFO] ThirdParty:1030 - CMSIS Pack Vendor :STMicroelectronics X-CUBE-AZRTOS-L4 2.0.0
2026-06-04 05:48:32,545 [INFO] ThirdParty:1030 - CMSIS Pack Vendor :STMicroelectronics ThreadX 0.0.2
2026-06-04 05:48:32,545 [INFO] ThirdParty:1030 - CMSIS Pack Vendor :WES I-CUBE-Cesium 1.3.0
2026-06-04 05:48:32,545 [INFO] ThirdParty:1030 - CMSIS Pack Vendor :STMicroelectronics lwIP 2.1.2
2026-06-04 05:48:32,545 [INFO] ThirdParty:1030 - CMSIS Pack Vendor :STMicroelectronics X-CUBE-SFXS2LP1 4.0.0
2026-06-04 05:48:32,545 [INFO] ThirdParty:1030 - CMSIS Pack Vendor :STMicroelectronics X-CUBE-BLE2 3.3.0
2026-06-04 05:48:32,545 [INFO] ThirdParty:1030 - CMSIS Pack Vendor :STMicroelectronics PDM2PCM 3.2.0
2026-06-04 05:48:32,545 [INFO] ThirdParty:1030 - CMSIS Pack Vendor :STMicroelectronics X-CUBE-WB05N 2.1.0
2026-06-04 05:48:32,545 [INFO] ThirdParty:1030 - CMSIS Pack Vendor :STMicroelectronics X-CUBE-AZRTOS-H7 3.3.0
2026-06-04 05:48:32,545 [INFO] ThirdParty:1030 - CMSIS Pack Vendor :STMicroelectronics X-CUBE-NFC9 1.0.0
2026-06-04 05:48:32,545 [INFO] ThirdParty:1030 - CMSIS Pack Vendor :STMicroelectronics X-CUBE-BLE1 7.1.0
2026-06-04 05:48:32,545 [INFO] ThirdParty:1030 - CMSIS Pack Vendor :STMicroelectronics USB_DEVICE 3.0.0
2026-06-04 05:48:32,545 [INFO] ThirdParty:1030 - CMSIS Pack Vendor :STMicroelectronics X-CUBE-TCPP 4.1.0
2026-06-04 05:48:32,545 [INFO] ThirdParty:1030 - CMSIS Pack Vendor :STMicroelectronics X-CUBE-EEPRMA1 5.2.0
2026-06-04 05:48:32,546 [INFO] ThirdParty:1030 - CMSIS Pack Vendor :STMicroelectronics X-CUBE-IPS 3.0.0
2026-06-04 05:48:32,546 [INFO] ThirdParty:1030 - CMSIS Pack Vendor :STMicroelectronics X-CUBE-AZRTOS-WB 2.0.0
2026-06-04 05:48:32,546 [INFO] ThirdParty:1030 - CMSIS Pack Vendor :STMicroelectronics X-CUBE-GNSS1 7.0.0
2026-06-04 05:48:32,546 [INFO] ThirdParty:1030 - CMSIS Pack Vendor :STMicroelectronics X-CUBE-GNSS1 7.0.1
2026-06-04 05:48:32,546 [INFO] ThirdParty:1030 - CMSIS Pack Vendor :STMicroelectronics X-CUBE-TOUCHGFX 4.25.0
2026-06-04 05:48:32,546 [INFO] ThirdParty:1030 - CMSIS Pack Vendor :STMicroelectronics FP-SNS-STBOX1 2.0.0
2026-06-04 05:48:32,546 [INFO] ThirdParty:1030 - CMSIS Pack Vendor :STMicroelectronics X-CUBE-MEMS1 12.0.0
2026-06-04 05:48:32,546 [INFO] ThirdParty:1030 - CMSIS Pack Vendor :STMicroelectronics X-CUBE-STSE01 2.0.0
2026-06-04 05:48:32,546 [INFO] ThirdParty:1030 - CMSIS Pack Vendor :STMicroelectronics X-CUBE-MEMS1 11.2.0
2026-06-04 05:48:32,546 [INFO] ThirdParty:1030 - CMSIS Pack Vendor :STMicroelectronics X-CUBE-AZRTOS-G0 1.1.0
2026-06-04 05:48:32,546 [INFO] ThirdParty:1030 - CMSIS Pack Vendor :STMicroelectronics X-CUBE-SAFEA1 1.2.2
2026-06-04 05:48:32,546 [INFO] ThirdParty:1030 - CMSIS Pack Vendor :STMicroelectronics X-CUBE-NFC4 3.0.0
2026-06-04 05:48:32,546 [INFO] ThirdParty:1030 - CMSIS Pack Vendor :STMicroelectronics X-CUBE-SUBG2 5.0.0
2026-06-04 05:48:32,546 [INFO] ThirdParty:1030 - CMSIS Pack Vendor :STMicroelectronics X-CUBE-AZRTOS-H7RS 1.1.0
2026-06-04 05:48:32,546 [INFO] ThirdParty:1030 - CMSIS Pack Vendor :STMicroelectronics STM32_WPAN 1.0.0
2026-06-04 05:48:32,546 [INFO] ThirdParty:1030 - CMSIS Pack Vendor :EmbeddedOffice I-CUBE-FS-RTOS 1.0.1
2026-06-04 05:48:32,546 [INFO] ThirdParty:1030 - CMSIS Pack Vendor :STMicroelectronics lwIP 2.0.3
2026-06-04 05:48:32,546 [INFO] ThirdParty:1030 - CMSIS Pack Vendor :Cesanta I-CUBE-Mongoose 7.13.0
2026-06-04 05:48:32,546 [INFO] ThirdParty:1030 - CMSIS Pack Vendor :STMicroelectronics USB_HOST 1.0.0
2026-06-04 05:48:32,546 [INFO] ThirdParty:1030 - CMSIS Pack Vendor :STMicroelectronics X-CUBE-AZRTOS-G4 2.0.0
2026-06-04 05:48:32,547 [INFO] ThirdParty:1030 - CMSIS Pack Vendor :STMicroelectronics X-CUBE-WB05N 2.0.0
2026-06-04 05:48:32,547 [INFO] ThirdParty:1030 - CMSIS Pack Vendor :STMicroelectronics PDM2PCM 3.1.0
2026-06-04 05:48:32,547 [INFO] ThirdParty:1030 - CMSIS Pack Vendor :STMicroelectronics X-CUBE-NFC7 2.0.0
2026-06-04 05:48:32,547 [INFO] ThirdParty:1030 - CMSIS Pack Vendor :RealThread X-CUBE-RT-Thread_Nano 4.1.1
2026-06-04 05:48:32,547 [INFO] ThirdParty:1030 - CMSIS Pack Vendor :STMicroelectronics FP-ATR-SIGFOX1 3.2.0
2026-06-04 05:48:32,547 [INFO] ThirdParty:1030 - CMSIS Pack Vendor :wolfSSL I-CUBE-wolfSSL 5.7.2
2026-06-04 05:48:32,547 [INFO] ThirdParty:1030 - CMSIS Pack Vendor :quantropi X-CUBE-qispace-sdk-base 1.9.3
2026-06-04 05:48:32,547 [INFO] ThirdParty:1030 - CMSIS Pack Vendor :STMicroelectronics X-CUBE-ISPU 2.0.0
2026-06-04 05:48:32,547 [INFO] ThirdParty:1030 - CMSIS Pack Vendor :STMicroelectronics X-CUBE-EEPRMA1 5.1.0
2026-06-04 05:48:32,547 [INFO] ThirdParty:1030 - CMSIS Pack Vendor :STMicroelectronics MBEDTLS 2.16.2
2026-06-04 05:48:32,547 [INFO] ThirdParty:1030 - CMSIS Pack Vendor :STMicroelectronics X-CUBE-ALS 1.0.2
2026-06-04 05:48:32,547 [INFO] ThirdParty:1030 - CMSIS Pack Vendor :STMicroelectronics X-CUBE-TOUCHGFX 4.24.0
2026-06-04 05:48:32,547 [INFO] ThirdParty:1030 - CMSIS Pack Vendor :ITTIA_DB I-CUBE-ITTIADB 8.9.0
2026-06-04 05:48:32,547 [INFO] ThirdParty:1030 - CMSIS Pack Vendor :STMicroelectronics X-CUBE-TOUCHGFX 4.24.2
2026-06-04 05:48:32,547 [INFO] ThirdParty:1030 - CMSIS Pack Vendor :STMicroelectronics X-CUBE-TOUCHGFX 4.24.1
2026-06-04 05:48:32,547 [INFO] ThirdParty:1030 - CMSIS Pack Vendor :STMicroelectronics X-CUBE-STSE01 1.0.0
2026-06-04 05:48:32,547 [INFO] ThirdParty:1030 - CMSIS Pack Vendor :wolfSSL I-CUBE-wolfTPM 3.4.0
2026-06-04 05:48:32,547 [INFO] ThirdParty:1030 - CMSIS Pack Vendor :portGmbH I-Cube-SoM-uGOAL 1.1.0
2026-06-04 05:48:32,547 [INFO] ThirdParty:1030 - CMSIS Pack Vendor :STMicroelectronics X-CUBE-NFC6 3.2.0
2026-06-04 05:48:32,548 [INFO] ThirdParty:1030 - CMSIS Pack Vendor :STMicroelectronics X-CUBE-AI 10.2.0
2026-06-04 05:48:32,548 [INFO] ThirdParty:1030 - CMSIS Pack Vendor :STMicroelectronics ThreadX 1.0.0
2026-06-04 05:48:32,548 [INFO] ThirdParty:1030 - CMSIS Pack Vendor :STMicroelectronics X-CUBE-MEMS1 12.1.0
2026-06-04 05:48:32,548 [INFO] ThirdParty:1030 - CMSIS Pack Vendor :SEGGER I-CUBE-embOS 1.3.1
2026-06-04 05:48:32,548 [INFO] ThirdParty:1030 - CMSIS Pack Vendor :STMicroelectronics X-CUBE-ALGOBUILD 1.4.0
2026-06-04 05:48:32,548 [INFO] ThirdParty:1030 - CMSIS Pack Vendor :STMicroelectronics X-CUBE-MEMS1 11.3.0
2026-06-04 05:48:32,548 [INFO] ThirdParty:1030 - CMSIS Pack Vendor :STMicroelectronics X-CUBE-AZRTOS-H7RS 1.0.0
2026-06-04 05:48:32,548 [INFO] ThirdParty:1030 - CMSIS Pack Vendor :STMicroelectronics FP-ATR-ASTRA1 2.0.0
2026-06-04 05:48:32,548 [INFO] ThirdParty:1030 - CMSIS Pack Vendor :STMicroelectronics X-CUBE-TOF1 3.4.2
2026-06-04 05:48:32,548 [INFO] ThirdParty:1030 - CMSIS Pack Vendor :STMicroelectronics X-CUBE-AI 9.1.0
2026-06-04 05:48:32,548 [INFO] ThirdParty:1030 - CMSIS Pack Vendor :Infineon AIROC-Wi-Fi-Bluetooth-STM32 1.6.1
2026-06-04 05:48:32,548 [INFO] ThirdParty:1030 - CMSIS Pack Vendor :wolfSSL I-CUBE-wolfSSH 1.4.17
2026-06-04 05:48:32,548 [INFO] ThirdParty:841 - exiting critical section [change project]
2026-06-04 05:48:32,952 [INFO] PinOutPanel:1561 - setPackage(No Configuration,No Configuration)
2026-06-04 05:48:32,953 [INFO] PinOutPanel:1561 - setPackage(STM32F407VETx,LQFP100)
2026-06-04 05:48:33,622 [INFO] UtilMem:75 - Before build in PCC Used Memory: 660221568 Bytes (1073741824)
2026-06-04 05:48:34,169 [INFO] UtilMem:75 - After build in PCC Used Memory: 749350528 Bytes (1073741824)
2026-06-04 05:48:34,236 [INFO] IPUIPlugin:80 - create IPUIPlugin
2026-06-04 05:48:34,236 [INFO] IPUIPlugin:80 - create IPUIPlugin
2026-06-04 05:48:34,236 [INFO] IPUIPlugin:80 - create IPUIPlugin
2026-06-04 05:48:34,236 [INFO] IPUIPlugin:80 - create IPUIPlugin
2026-06-04 05:48:34,236 [INFO] IPUIPlugin:80 - create IPUIPlugin
2026-06-04 05:48:34,236 [INFO] IPUIPlugin:80 - create IPUIPlugin
2026-06-04 05:48:34,236 [INFO] IPUIPlugin:80 - create IPUIPlugin
2026-06-04 05:48:34,237 [INFO] IPUIPlugin:80 - create IPUIPlugin
2026-06-04 05:48:34,237 [INFO] IPUIPlugin:80 - create IPUIPlugin
2026-06-04 05:48:34,237 [INFO] IPUIPlugin:80 - create IPUIPlugin
2026-06-04 05:48:34,237 [INFO] IPUIPlugin:80 - create IPUIPlugin
2026-06-04 05:48:34,237 [INFO] IPUIPlugin:80 - create IPUIPlugin
2026-06-04 05:48:34,238 [INFO] IPUIPlugin:80 - create IPUIPlugin
2026-06-04 05:48:34,238 [INFO] IPUIPlugin:80 - create IPUIPlugin
2026-06-04 05:48:34,238 [INFO] IPUIPlugin:80 - create IPUIPlugin
2026-06-04 05:48:34,238 [INFO] IPUIPlugin:80 - create IPUIPlugin
2026-06-04 05:48:34,238 [INFO] IPUIPlugin:80 - create IPUIPlugin
2026-06-04 05:48:34,238 [INFO] IPUIPlugin:80 - create IPUIPlugin
2026-06-04 05:48:34,239 [INFO] IPUIPlugin:80 - create IPUIPlugin
2026-06-04 05:48:34,239 [INFO] IPUIPlugin:80 - create IPUIPlugin
2026-06-04 05:48:34,239 [INFO] IPUIPlugin:80 - create IPUIPlugin
2026-06-04 05:48:34,241 [INFO] IPUIPlugin:80 - create IPUIPlugin
2026-06-04 05:48:34,241 [INFO] IPUIPlugin:80 - create IPUIPlugin
2026-06-04 05:48:34,241 [INFO] IPUIPlugin:80 - create IPUIPlugin
2026-06-04 05:48:34,241 [INFO] IPUIPlugin:80 - create IPUIPlugin
2026-06-04 05:48:34,242 [INFO] IPUIPlugin:80 - create IPUIPlugin
2026-06-04 05:48:34,242 [INFO] IPUIPlugin:80 - create IPUIPlugin
2026-06-04 05:48:34,243 [INFO] IPUIPlugin:80 - create IPUIPlugin
2026-06-04 05:48:34,243 [INFO] IPUIPlugin:80 - create IPUIPlugin
2026-06-04 05:48:34,243 [INFO] IPUIPlugin:80 - create IPUIPlugin
2026-06-04 05:48:34,244 [INFO] IPUIPlugin:80 - create IPUIPlugin
2026-06-04 05:48:34,244 [INFO] IPUIPlugin:80 - create IPUIPlugin
2026-06-04 05:48:34,245 [INFO] IPUIPlugin:80 - create IPUIPlugin
2026-06-04 05:48:34,246 [INFO] IPUIPlugin:80 - create IPUIPlugin
2026-06-04 05:48:34,246 [INFO] IPUIPlugin:80 - create IPUIPlugin
2026-06-04 05:48:34,247 [INFO] IPUIPlugin:80 - create IPUIPlugin
2026-06-04 05:48:34,247 [INFO] IPUIPlugin:80 - create IPUIPlugin
2026-06-04 05:48:34,247 [INFO] IPUIPlugin:80 - create IPUIPlugin
2026-06-04 05:48:34,247 [INFO] IPUIPlugin:80 - create IPUIPlugin
2026-06-04 05:48:34,248 [INFO] IPUIPlugin:80 - create IPUIPlugin
2026-06-04 05:48:34,248 [INFO] IPUIPlugin:80 - create IPUIPlugin
2026-06-04 05:48:34,249 [INFO] IPUIPlugin:80 - create IPUIPlugin
2026-06-04 05:48:34,249 [INFO] IPUIPlugin:80 - create IPUIPlugin
2026-06-04 05:48:34,250 [INFO] IPUIPlugin:80 - create IPUIPlugin
2026-06-04 05:48:34,250 [INFO] IPUIPlugin:80 - create IPUIPlugin
2026-06-04 05:48:34,251 [INFO] IPUIPlugin:80 - create IPUIPlugin
2026-06-04 05:48:34,251 [INFO] IPUIPlugin:80 - create IPUIPlugin
2026-06-04 05:48:34,252 [INFO] IPUIPlugin:80 - create IPUIPlugin
2026-06-04 05:48:34,253 [INFO] IPUIPlugin:80 - create IPUIPlugin
2026-06-04 05:48:34,253 [INFO] IPUIPlugin:80 - create IPUIPlugin
2026-06-04 05:48:34,254 [INFO] IPUIPlugin:80 - create IPUIPlugin
2026-06-04 05:48:34,255 [INFO] IPUIPlugin:80 - create IPUIPlugin
2026-06-04 05:48:34,255 [INFO] IPUIPlugin:80 - create IPUIPlugin
2026-06-04 05:48:34,256 [INFO] IPUIPlugin:80 - create IPUIPlugin
2026-06-04 05:48:34,257 [INFO] IPUIPlugin:80 - create IPUIPlugin
2026-06-04 05:48:34,259 [INFO] IPUIPlugin:80 - create IPUIPlugin
2026-06-04 05:48:34,260 [INFO] IPUIPlugin:80 - create IPUIPlugin
2026-06-04 05:48:34,260 [INFO] IPUIPlugin:80 - create IPUIPlugin
2026-06-04 05:48:34,268 [INFO] ApiDbMcu:508 - Load IP Config File for PDM2PCM
2026-06-04 05:48:34,454 [INFO] CADModel:165 - CPN selected for project levelSTM32F407VET6
2026-06-04 05:48:34,454 [INFO] CADModel:114 - Register for checkConnection events
2026-06-04 05:48:34,515 [INFO] OpenFileManager:363 - Restore cursor
2026-06-04 05:53:05,732 [INFO] NvicIntPanel:101 - NVIC parent = com.st.microxplorer.plugins.ip.nvic.MultiNvicIntPanel[,0,0,0x0,invalid,layout=javax.swing.BoxLayout,alignmentX=0.0,alignmentY=0.0,border=,flags=9,maximumSize=,minimumSize=,preferredSize=]
2026-06-04 05:54:19,191 [INFO] NvicIntPanel:101 - NVIC parent = com.st.microxplorer.plugins.ip.nvic.MultiNvicIntPanel[,0,0,450x270,layout=javax.swing.BoxLayout,alignmentX=0.0,alignmentY=0.0,border=,flags=9,maximumSize=,minimumSize=,preferredSize=]
2026-06-04 05:54:53,831 [INFO] Gpio:277 - dependency for GPIO [RCC, SYS, USART2]
2026-06-04 05:55:46,119 [INFO] Gpio:277 - dependency for GPIO [RCC, SYS, USART2]
2026-06-04 06:02:18,536 [INFO] MainUpdater:2873 - connection check result : 10
2026-06-04 06:02:18,536 [INFO] MainUpdater:2873 - connection check result : 10
2026-06-04 06:02:18,570 [INFO] MicroXplorer:468 - Change Database Path : 
2026-06-04 06:02:18,570 [INFO] MicroXplorer:498 - Change Database Version : DB.6.0.120
2026-06-04 06:02:18,589 [ERROR] ProjectManagerView:394 - 
java.lang.NullPointerException: Cannot invoke "javax.swing.JTextField.getText()" because the return value of "java.util.List.get(int)" is null
	at com.st.microxplorer.plugins.projectmanager.gui.ProjectChoiceTab$10.caretUpdate(ProjectChoiceTab.java:2622) ~[filemanager.jar:?]
	at javax.swing.text.JTextComponent.fireCaretUpdate(JTextComponent.java:412) ~[?:?]
	at javax.swing.text.JTextComponent$MutableCaretEvent.fire(JTextComponent.java:4491) ~[?:?]
	at javax.swing.text.JTextComponent$MutableCaretEvent.stateChanged(JTextComponent.java:4513) ~[?:?]
	at javax.swing.text.DefaultCaret.fireStateChanged(DefaultCaret.java:842) ~[?:?]
	at javax.swing.text.DefaultCaret.changeCaretPosition(DefaultCaret.java:1313) ~[?:?]
	at javax.swing.text.DefaultCaret.handleSetDot(DefaultCaret.java:1212) ~[?:?]
	at javax.swing.text.DefaultCaret.setDot(DefaultCaret.java:1193) ~[?:?]
	at javax.swing.text.DefaultCaret$Handler.insertUpdate(DefaultCaret.java:1789) ~[?:?]
	at javax.swing.text.AbstractDocument.fireInsertUpdate(AbstractDocument.java:226) ~[?:?]
	at javax.swing.text.AbstractDocument.handleInsertString(AbstractDocument.java:780) ~[?:?]
	at javax.swing.text.AbstractDocument.insertString(AbstractDocument.java:739) ~[?:?]
	at javax.swing.text.PlainDocument.insertString(PlainDocument.java:131) ~[?:?]
	at javax.swing.text.AbstractDocument.replace(AbstractDocument.java:698) ~[?:?]
	at javax.swing.text.JTextComponent.setText(JTextComponent.java:1729) ~[?:?]
	at com.st.microxplorer.plugins.projectmanager.gui.ProjectChoiceTab.createHeapStackFields(ProjectChoiceTab.java:972) ~[filemanager.jar:?]
	at com.st.microxplorer.plugins.projectmanager.gui.ProjectChoiceTab.buildLinkSettingsPanel(ProjectChoiceTab.java:3597) ~[filemanager.jar:?]
	at com.st.microxplorer.plugins.projectmanager.gui.ProjectChoiceTab.defineWindowsFields(ProjectChoiceTab.java:1940) ~[filemanager.jar:?]
	at com.st.microxplorer.plugins.projectmanager.gui.ProjectChoiceTab.updateSettings(ProjectChoiceTab.java:550) ~[filemanager.jar:?]
	at com.st.microxplorer.plugins.projectmanager.gui.ProjectSettingsPanel.UpdateDialog(ProjectSettingsPanel.java:245) ~[filemanager.jar:?]
	at com.st.microxplorer.plugins.projectmanager.ProjectManagerView.propertyChange(ProjectManagerView.java:391) ~[filemanager.jar:?]
	at java.beans.PropertyChangeSupport.fire(PropertyChangeSupport.java:343) ~[?:?]
	at java.beans.PropertyChangeSupport.firePropertyChange(PropertyChangeSupport.java:335) ~[?:?]
	at java.beans.PropertyChangeSupport.firePropertyChange(PropertyChangeSupport.java:268) ~[?:?]
	at com.st.microxplorer.util.MXPropertyChangeSupport.firePropertyChange(MXPropertyChangeSupport.java:54) ~[STM32CubeMX.jar:?]
	at com.st.microxplorer.mxsystem.MxSystem.closeConfig(MxSystem.java:900) ~[STM32CubeMX.jar:?]
	at com.st.microxplorer.maingui.MainPanel.closeConfig(MainPanel.java:781) ~[STM32CubeMX.jar:?]
	at com.st.microxplorer.plugins.filemanager.engine.OpenFileManager.loadConfigurationFile(OpenFileManager.java:265) ~[filemanager.jar:?]
	at com.st.microxplorer.plugins.filemanager.engine.MainFileManager.userLoadConfig(MainFileManager.java:352) ~[filemanager.jar:?]
	at com.st.microxplorer.plugins.filemanager.engine.MainFileManager.userLoadConfig(MainFileManager.java:330) ~[filemanager.jar:?]
	at com.st.microxplorer.plugins.filemanager.FileManagerView.getSpecificTask(FileManagerView.java:246) ~[filemanager.jar:?]
	at com.st.stm32cube.common.mx.editor.CubeMxEditor.getMxTabbedPaneInstance(CubeMxEditor.java:1198) ~[com.st.stm32cube.common.mx_6.12.0.202406281431/:?]
	at com.st.stm32cube.common.mx.editor.CubeMxEditor$12$1.createSwingComponent(CubeMxEditor.java:1068) ~[com.st.stm32cube.common.mx_6.12.0.202406281431/:?]
	at com.st.stm32cube.common.mx.oss.core.awtswtbridge.EmbeddedSwingComposite.doComponentCreation(EmbeddedSwingComposite.java:492) ~[com.st.stm32cube.common.mx.oss_6.12.0.202406281431/:?]
	at com.st.stm32cube.common.mx.oss.core.awtswtbridge.EmbeddedSwingComposite$4.run(EmbeddedSwingComposite.java:291) ~[com.st.stm32cube.common.mx.oss_6.12.0.202406281431/:?]
	at com.st.stm32cube.common.mx.oss.core.awtswtbridge.AwtEnvironment$2.run(AwtEnvironment.java:166) ~[com.st.stm32cube.common.mx.oss_6.12.0.202406281431/:?]
	at java.awt.event.InvocationEvent.dispatch(InvocationEvent.java:318) ~[?:?]
	at java.awt.EventQueue.dispatchEventImpl(EventQueue.java:773) ~[?:?]
	at java.awt.EventQueue$4.run(EventQueue.java:720) ~[?:?]
	at java.awt.EventQueue$4.run(EventQueue.java:714) ~[?:?]
	at java.security.AccessController.doPrivileged(AccessController.java:399) ~[?:?]
	at java.security.ProtectionDomain$JavaSecurityAccessImpl.doIntersectionPrivilege(ProtectionDomain.java:86) ~[?:?]
	at java.awt.EventQueue.dispatchEvent(EventQueue.java:742) ~[?:?]
	at java.awt.EventDispatchThread.pumpOneEventForFilters(EventDispatchThread.java:203) ~[?:?]
	at java.awt.EventDispatchThread.pumpEventsForFilter(EventDispatchThread.java:124) ~[?:?]
	at java.awt.EventDispatchThread.pumpEventsForHierarchy(EventDispatchThread.java:113) ~[?:?]
	at java.awt.EventDispatchThread.pumpEvents(EventDispatchThread.java:109) ~[?:?]
	at java.awt.EventDispatchThread.pumpEvents(EventDispatchThread.java:101) ~[?:?]
	at java.awt.EventDispatchThread.run(EventDispatchThread.java:90) ~[?:?]
2026-06-04 06:02:18,590 [WARN] ThirdParty:871 - waiting for thirdparty lock release [close project]
2026-06-04 06:02:18,590 [INFO] ThirdParty:873 - entering critical section [close project]
2026-06-04 06:02:18,590 [INFO] ThirdParty:883 - exiting critical section [close project]
2026-06-04 06:02:18,592 [INFO] PinOutPanel:1561 - setPackage(No Configuration,No Configuration)
2026-06-04 06:02:18,600 [WARN] IpParametersView:151 - Warning: This peripheral hasn't parameters
2026-06-04 06:02:18,604 [WARN] MainPanel:284 - <html><b><center>Warning: This peripheral has no parameters to be configured<br></b></html>
2026-06-04 06:02:18,608 [INFO] UtilMem:75 - Begin LoadConfig() Used Memory: 877984112 Bytes (1073741824)
2026-06-04 06:02:18,611 [INFO] MicroXplorer:468 - Change Database Path : 
2026-06-04 06:02:18,611 [INFO] MicroXplorer:498 - Change Database Version : DB.6.0.120
2026-06-04 06:02:18,611 [INFO] OpenFileManager:332 - Change cursor
2026-06-04 06:02:18,647 [INFO] Mcu:2032 - Initializing MCU STM32F407V(E-G)Tx STM32F407VGTx STM32F407VGT6
2026-06-04 06:02:21,102 [INFO] Context:742 - Trying to add GPIOservice into a context  which must be forbidden
2026-06-04 06:02:21,583 [INFO] RtosManager:555 - Registered RTOS mode: class=CMSIS, group=RTOS, mode=CMSIS_V1, owner=FREERTOS
2026-06-04 06:02:21,583 [INFO] RtosManager:555 - Registered RTOS mode: class=CMSIS, group=RTOS2, mode=CMSIS_V2, owner=FREERTOS
2026-06-04 06:02:21,583 [INFO] RtosManager:555 - Registered RTOS mode: class=RTOS, group=Core, mode=CMSIS_V1, owner=FREERTOS
2026-06-04 06:02:21,583 [INFO] RtosManager:555 - Registered RTOS mode: class=RTOS, group=Core, mode=CMSIS_V2, owner=FREERTOS
2026-06-04 06:02:21,583 [WARN] ModelIntegratedComponent:184 - Missing modes for component STMicroelectronics:FreeRTOS:0.0.1:STMicroelectronics:RTOS:FreeRTOS:Core:::10.2.0:
2026-06-04 06:02:21,587 [WARN] ModelIntegratedComponent:63 - No mode defined for component null
2026-06-04 06:02:21,587 [WARN] ModelIntegratedComponent:63 - No mode defined for component null
2026-06-04 06:02:21,587 [WARN] ModelIntegratedComponent:63 - No mode defined for component null
2026-06-04 06:02:21,587 [WARN] ModelIntegratedComponent:63 - No mode defined for component null
2026-06-04 06:02:21,587 [WARN] ModelIntegratedComponent:63 - No mode defined for component null
2026-06-04 06:02:21,587 [WARN] ModelIntegratedComponent:63 - No mode defined for component null
2026-06-04 06:02:21,587 [WARN] ModelIntegratedComponent:63 - No mode defined for component null
2026-06-04 06:02:21,587 [WARN] ModelIntegratedComponent:63 - No mode defined for component null
2026-06-04 06:02:21,587 [WARN] ModelIntegratedComponent:63 - No mode defined for component null
2026-06-04 06:02:21,587 [WARN] ModelIntegratedComponent:63 - No mode defined for component null
2026-06-04 06:02:21,587 [WARN] ModelIntegratedComponent:63 - No mode defined for component null
2026-06-04 06:02:21,587 [WARN] ModelIntegratedComponent:63 - No mode defined for component null
2026-06-04 06:02:21,587 [WARN] ModelIntegratedComponent:63 - No mode defined for component null
2026-06-04 06:02:21,587 [WARN] ModelIntegratedComponent:63 - No mode defined for component null
2026-06-04 06:02:21,587 [WARN] ModelIntegratedComponent:63 - No mode defined for component null
2026-06-04 06:02:21,587 [WARN] ModelIntegratedComponent:63 - No mode defined for component null
2026-06-04 06:02:21,587 [WARN] ModelIntegratedComponent:63 - No mode defined for component null
2026-06-04 06:02:21,587 [WARN] ModelIntegratedComponent:63 - No mode defined for component null
2026-06-04 06:02:21,587 [WARN] ModelIntegratedComponent:63 - No mode defined for component null
2026-06-04 06:02:21,587 [WARN] ModelIntegratedComponent:63 - No mode defined for component null
2026-06-04 06:02:21,587 [WARN] ModelIntegratedComponent:63 - No mode defined for component null
2026-06-04 06:02:21,587 [WARN] ModelIntegratedComponent:63 - No mode defined for component null
2026-06-04 06:02:21,587 [WARN] ModelIntegratedComponent:63 - No mode defined for component null
2026-06-04 06:02:21,587 [WARN] ModelIntegratedComponent:63 - No mode defined for component null
2026-06-04 06:02:21,587 [WARN] ModelIntegratedComponent:63 - No mode defined for component null
2026-06-04 06:02:21,587 [WARN] ModelIntegratedComponent:63 - No mode defined for component null
2026-06-04 06:02:21,587 [WARN] ModelIntegratedComponent:63 - No mode defined for component null
2026-06-04 06:02:21,587 [WARN] ModelIntegratedComponent:63 - No mode defined for component null
2026-06-04 06:02:21,587 [WARN] ModelIntegratedComponent:63 - No mode defined for component null
2026-06-04 06:02:21,587 [WARN] ModelIntegratedComponent:63 - No mode defined for component null
2026-06-04 06:02:21,588 [WARN] ModelIntegratedComponent:63 - No mode defined for component null
2026-06-04 06:02:21,588 [WARN] ModelIntegratedComponent:63 - No mode defined for component null
2026-06-04 06:02:21,588 [WARN] ModelIntegratedComponent:63 - No mode defined for component null
2026-06-04 06:02:21,588 [WARN] ModelIntegratedComponent:63 - No mode defined for component null
2026-06-04 06:02:21,588 [WARN] ModelIntegratedComponent:63 - No mode defined for component null
2026-06-04 06:02:21,588 [WARN] ModelPack:524 - Component already loaded: STMicroelectronics:HAL Drivers:0.0.0:STMicroelectronics:Device:STMicro_Driver:XSPI:HAL::0.0.1:HAL_XSPI
2026-06-04 06:02:21,971 [INFO] ThirdPartyModel:298 - Start build external matchings
2026-06-04 06:02:24,361 [INFO] ThirdPartyModel:316 - End build external matchings
2026-06-04 06:02:24,434 [INFO] ImportTextPane:205 - (OptionalMessage_ERROR) IP (RCC) : Parameter (48MHZClocksFreq_Value) has invalid value (84000000)
2026-06-04 06:02:24,435 [INFO] ImportTextPane:205 - (OptionalMessage_ERROR) IP (RCC) : Parameter (RTCHSEDivFreq_Value) has invalid value (4000000)
2026-06-04 06:02:24,735 [INFO] UtilMem:75 - End LoadConfig() Used Memory: 835653416 Bytes (1073741824)
2026-06-04 06:02:24,750 [WARN] ThirdParty:833 - waiting for thirdparty lock release [change project]
2026-06-04 06:02:24,752 [INFO] ThirdParty:835 - entering critical section [change project]
2026-06-04 06:02:24,752 [INFO] ThirdParty:1030 - CMSIS Pack Vendor :STMicroelectronics X-CUBE-AZRTOS-H7 3.5.0
2026-06-04 06:02:24,752 [INFO] ThirdParty:1030 - CMSIS Pack Vendor :STMicroelectronics X-CUBE-PM33A1 1.0.0
2026-06-04 06:02:24,752 [INFO] ThirdParty:1030 - CMSIS Pack Vendor :STMicroelectronics USBPD 4.1
2026-06-04 06:02:24,752 [INFO] ThirdParty:1030 - CMSIS Pack Vendor :STMicroelectronics X-CUBE-GNSS1 6.0.0
2026-06-04 06:02:24,752 [INFO] ThirdParty:1030 - CMSIS Pack Vendor :STMicroelectronics USB_HOST 2.0.0
2026-06-04 06:02:24,752 [INFO] ThirdParty:1030 - CMSIS Pack Vendor :STMicroelectronics FP-SNS-MOTENVWB1 1.4.0
2026-06-04 06:02:24,752 [INFO] ThirdParty:1030 - CMSIS Pack Vendor :STMicroelectronics X-CUBE-AZRTOS-F4 1.1.0
2026-06-04 06:02:24,752 [INFO] ThirdParty:1030 - CMSIS Pack Vendor :STMicroelectronics LIBJPEG 8.0.0
2026-06-04 06:02:24,752 [INFO] ThirdParty:1030 - CMSIS Pack Vendor :STMicroelectronics FP-ATR-ASTRA1 2.0.2
2026-06-04 06:02:24,752 [INFO] ThirdParty:1030 - CMSIS Pack Vendor :STMicroelectronics FP-ATR-ASTRA1 2.0.1
2026-06-04 06:02:24,752 [INFO] ThirdParty:1030 - CMSIS Pack Vendor :STMicroelectronics X-CUBE-SMBUS 2.1.0
2026-06-04 06:02:24,752 [INFO] ThirdParty:1030 - CMSIS Pack Vendor :STMicroelectronics X-CUBE-WB05N 1.1.0
2026-06-04 06:02:24,752 [INFO] ThirdParty:1030 - CMSIS Pack Vendor :STMicroelectronics X-CUBE-ISPU 2.1.0
2026-06-04 06:02:24,752 [INFO] ThirdParty:1030 - CMSIS Pack Vendor :STMicroelectronics X-CUBE-FREERTOS 1.2.0
2026-06-04 06:02:24,752 [INFO] ThirdParty:1030 - CMSIS Pack Vendor :STMicroelectronics X-CUBE-NFC12 1.0.0
2026-06-04 06:02:24,752 [INFO] ThirdParty:1030 - CMSIS Pack Vendor :STMicroelectronics X-CUBE-AZRTOS-F7 1.1.0
2026-06-04 06:02:24,752 [INFO] ThirdParty:1030 - CMSIS Pack Vendor :STMicroelectronics X-CUBE-AZRTOS-L5 2.0.0
2026-06-04 06:02:24,752 [INFO] ThirdParty:1030 - CMSIS Pack Vendor :STMicroelectronics USB_DEVICE 2.0.0
2026-06-04 06:02:24,752 [INFO] ThirdParty:1030 - CMSIS Pack Vendor :STMicroelectronics X-CUBE-NFC6 3.1.0
2026-06-04 06:02:24,752 [INFO] ThirdParty:1030 - CMSIS Pack Vendor :STMicroelectronics X-CUBE-MEMS1 11.0.0
2026-06-04 06:02:24,752 [INFO] ThirdParty:1030 - CMSIS Pack Vendor :STMicroelectronics X-CUBE-ALGOBUILD 1.5.0
2026-06-04 06:02:24,752 [INFO] ThirdParty:1030 - CMSIS Pack Vendor :STMicroelectronics FreeRTOS 0.0.1
2026-06-04 06:02:24,752 [INFO] ThirdParty:1030 - CMSIS Pack Vendor :STMicroelectronics X-CUBE-DPower 1.2.0
2026-06-04 06:02:24,752 [INFO] ThirdParty:1030 - CMSIS Pack Vendor :STMicroelectronics FP-SNS-FLIGHT1 5.0.2
2026-06-04 06:02:24,752 [INFO] ThirdParty:1030 - CMSIS Pack Vendor :STMicroelectronics X-CUBE-AI 9.0.0
2026-06-04 06:02:24,752 [INFO] ThirdParty:1030 - CMSIS Pack Vendor :STMicroelectronics PDM2PCM 3.3.0
2026-06-04 06:02:24,752 [INFO] ThirdParty:1030 - CMSIS Pack Vendor :STMicroelectronics X-CUBE-AZRTOS-H7 3.4.0
2026-06-04 06:02:24,752 [INFO] ThirdParty:1030 - CMSIS Pack Vendor :STMicroelectronics X-CUBE-DISPLAY 3.0.0
2026-06-04 06:02:24,752 [INFO] ThirdParty:1030 - CMSIS Pack Vendor :STMicroelectronics X-CUBE-GNSS1 7.1.1
2026-06-04 06:02:24,752 [INFO] ThirdParty:1030 - CMSIS Pack Vendor :STMicroelectronics X-CUBE-BLE1 7.0.0
2026-06-04 06:02:24,752 [INFO] ThirdParty:1030 - CMSIS Pack Vendor :STMicroelectronics X-CUBE-NFC10 1.0.0
2026-06-04 06:02:24,752 [INFO] ThirdParty:1030 - CMSIS Pack Vendor :STMicroelectronics X-CUBE-BLEMGR 4.0.0
2026-06-04 06:02:24,752 [INFO] ThirdParty:1030 - CMSIS Pack Vendor :STMicroelectronics X-CUBE-FREERTOS 1.3.1
2026-06-04 06:02:24,752 [INFO] ThirdParty:1030 - CMSIS Pack Vendor :STMicroelectronics HAL Drivers 0.0.0
2026-06-04 06:02:24,752 [INFO] ThirdParty:1030 - CMSIS Pack Vendor :emotas I-CUBE-CANOPEN 1.3.0
2026-06-04 06:02:24,752 [INFO] ThirdParty:1030 - CMSIS Pack Vendor :STMicroelectronics X-CUBE-FREERTOS 1.3.0
2026-06-04 06:02:24,752 [INFO] ThirdParty:1030 - CMSIS Pack Vendor :STMicroelectronics X-CUBE-NFC7 1.0.1
2026-06-04 06:02:24,752 [INFO] ThirdParty:1030 - CMSIS Pack Vendor :STMicroelectronics MBEDTLS 2.14.1
2026-06-04 06:02:24,752 [INFO] ThirdParty:1030 - CMSIS Pack Vendor :STMicroelectronics X-CUBE-GNSS1 7.1.0
2026-06-04 06:02:24,752 [INFO] ThirdParty:1030 - CMSIS Pack Vendor :STMicroelectronics X-CUBE-TOUCHGFX 4.26.0
2026-06-04 06:02:24,752 [INFO] ThirdParty:1030 - CMSIS Pack Vendor :STMicroelectronics X-CUBE-TOUCHGFX 4.26.1
2026-06-04 06:02:24,752 [INFO] ThirdParty:1030 - CMSIS Pack Vendor :STMicroelectronics X-CUBE-BLEMGR 3.1.0
2026-06-04 06:02:24,752 [INFO] ThirdParty:1030 - CMSIS Pack Vendor :STMicroelectronics X-CUBE-AI 10.0.0
2026-06-04 06:02:24,752 [INFO] ThirdParty:1030 - CMSIS Pack Vendor :STMicroelectronics FP-SNS-SMARTAG2 1.2.0
2026-06-04 06:02:24,752 [INFO] ThirdParty:1030 - CMSIS Pack Vendor :STMicroelectronics X-CUBE-MEMS1 11.1.0
2026-06-04 06:02:24,752 [INFO] ThirdParty:1030 - CMSIS Pack Vendor :STMicroelectronics X-CUBE-AZRTOS-WL 2.0.0
2026-06-04 06:02:24,752 [INFO] ThirdParty:1030 - CMSIS Pack Vendor :STMicroelectronics X-CUBE-DPower 1.3.0
2026-06-04 06:02:24,752 [INFO] ThirdParty:1030 - CMSIS Pack Vendor :STMicroelectronics FP-SNS-MOTENV1 5.0.0
2026-06-04 06:02:24,752 [INFO] ThirdParty:1030 - CMSIS Pack Vendor :STMicroelectronics USB_DEVICE 1.0.0
2026-06-04 06:02:24,752 [INFO] ThirdParty:1030 - CMSIS Pack Vendor :STMicroelectronics X-CUBE-AZRTOS-H7RS 1.2.0
2026-06-04 06:02:24,753 [INFO] ThirdParty:1030 - CMSIS Pack Vendor :wolfSSL I-CUBE-wolfMQTT 1.19.0
2026-06-04 06:02:24,753 [INFO] ThirdParty:1030 - CMSIS Pack Vendor :STMicroelectronics X-CUBE-AZRTOS-L4 2.0.0
2026-06-04 06:02:24,753 [INFO] ThirdParty:1030 - CMSIS Pack Vendor :STMicroelectronics ThreadX 0.0.2
2026-06-04 06:02:24,753 [INFO] ThirdParty:1030 - CMSIS Pack Vendor :WES I-CUBE-Cesium 1.3.0
2026-06-04 06:02:24,753 [INFO] ThirdParty:1030 - CMSIS Pack Vendor :STMicroelectronics lwIP 2.1.2
2026-06-04 06:02:24,753 [INFO] ThirdParty:1030 - CMSIS Pack Vendor :STMicroelectronics X-CUBE-SFXS2LP1 4.0.0
2026-06-04 06:02:24,753 [INFO] ThirdParty:1030 - CMSIS Pack Vendor :STMicroelectronics X-CUBE-BLE2 3.3.0
2026-06-04 06:02:24,753 [INFO] ThirdParty:1030 - CMSIS Pack Vendor :STMicroelectronics PDM2PCM 3.2.0
2026-06-04 06:02:24,753 [INFO] ThirdParty:1030 - CMSIS Pack Vendor :STMicroelectronics X-CUBE-WB05N 2.1.0
2026-06-04 06:02:24,753 [INFO] ThirdParty:1030 - CMSIS Pack Vendor :STMicroelectronics X-CUBE-AZRTOS-H7 3.3.0
2026-06-04 06:02:24,753 [INFO] ThirdParty:1030 - CMSIS Pack Vendor :STMicroelectronics X-CUBE-NFC9 1.0.0
2026-06-04 06:02:24,753 [INFO] ThirdParty:1030 - CMSIS Pack Vendor :STMicroelectronics X-CUBE-BLE1 7.1.0
2026-06-04 06:02:24,753 [INFO] ThirdParty:1030 - CMSIS Pack Vendor :STMicroelectronics USB_DEVICE 3.0.0
2026-06-04 06:02:24,753 [INFO] ThirdParty:1030 - CMSIS Pack Vendor :STMicroelectronics X-CUBE-TCPP 4.1.0
2026-06-04 06:02:24,753 [INFO] ThirdParty:1030 - CMSIS Pack Vendor :STMicroelectronics X-CUBE-EEPRMA1 5.2.0
2026-06-04 06:02:24,753 [INFO] ThirdParty:1030 - CMSIS Pack Vendor :STMicroelectronics X-CUBE-IPS 3.0.0
2026-06-04 06:02:24,753 [INFO] ThirdParty:1030 - CMSIS Pack Vendor :STMicroelectronics X-CUBE-AZRTOS-WB 2.0.0
2026-06-04 06:02:24,753 [INFO] ThirdParty:1030 - CMSIS Pack Vendor :STMicroelectronics X-CUBE-GNSS1 7.0.0
2026-06-04 06:02:24,753 [INFO] ThirdParty:1030 - CMSIS Pack Vendor :STMicroelectronics X-CUBE-GNSS1 7.0.1
2026-06-04 06:02:24,753 [INFO] ThirdParty:1030 - CMSIS Pack Vendor :STMicroelectronics X-CUBE-TOUCHGFX 4.25.0
2026-06-04 06:02:24,753 [INFO] ThirdParty:1030 - CMSIS Pack Vendor :STMicroelectronics FP-SNS-STBOX1 2.0.0
2026-06-04 06:02:24,753 [INFO] ThirdParty:1030 - CMSIS Pack Vendor :STMicroelectronics X-CUBE-MEMS1 12.0.0
2026-06-04 06:02:24,753 [INFO] ThirdParty:1030 - CMSIS Pack Vendor :STMicroelectronics X-CUBE-STSE01 2.0.0
2026-06-04 06:02:24,753 [INFO] ThirdParty:1030 - CMSIS Pack Vendor :STMicroelectronics X-CUBE-MEMS1 11.2.0
2026-06-04 06:02:24,753 [INFO] ThirdParty:1030 - CMSIS Pack Vendor :STMicroelectronics X-CUBE-AZRTOS-G0 1.1.0
2026-06-04 06:02:24,753 [INFO] ThirdParty:1030 - CMSIS Pack Vendor :STMicroelectronics X-CUBE-SAFEA1 1.2.2
2026-06-04 06:02:24,753 [INFO] ThirdParty:1030 - CMSIS Pack Vendor :STMicroelectronics X-CUBE-NFC4 3.0.0
2026-06-04 06:02:24,753 [INFO] ThirdParty:1030 - CMSIS Pack Vendor :STMicroelectronics X-CUBE-SUBG2 5.0.0
2026-06-04 06:02:24,753 [INFO] ThirdParty:1030 - CMSIS Pack Vendor :STMicroelectronics X-CUBE-AZRTOS-H7RS 1.1.0
2026-06-04 06:02:24,753 [INFO] ThirdParty:1030 - CMSIS Pack Vendor :STMicroelectronics STM32_WPAN 1.0.0
2026-06-04 06:02:24,753 [INFO] ThirdParty:1030 - CMSIS Pack Vendor :EmbeddedOffice I-CUBE-FS-RTOS 1.0.1
2026-06-04 06:02:24,753 [INFO] ThirdParty:1030 - CMSIS Pack Vendor :STMicroelectronics lwIP 2.0.3
2026-06-04 06:02:24,753 [INFO] ThirdParty:1030 - CMSIS Pack Vendor :Cesanta I-CUBE-Mongoose 7.13.0
2026-06-04 06:02:24,754 [INFO] ThirdParty:1030 - CMSIS Pack Vendor :STMicroelectronics USB_HOST 1.0.0
2026-06-04 06:02:24,754 [INFO] ThirdParty:1030 - CMSIS Pack Vendor :STMicroelectronics X-CUBE-AZRTOS-G4 2.0.0
2026-06-04 06:02:24,754 [INFO] ThirdParty:1030 - CMSIS Pack Vendor :STMicroelectronics X-CUBE-WB05N 2.0.0
2026-06-04 06:02:24,754 [INFO] ThirdParty:1030 - CMSIS Pack Vendor :STMicroelectronics PDM2PCM 3.1.0
2026-06-04 06:02:24,754 [INFO] ThirdParty:1030 - CMSIS Pack Vendor :STMicroelectronics X-CUBE-NFC7 2.0.0
2026-06-04 06:02:24,754 [INFO] ThirdParty:1030 - CMSIS Pack Vendor :RealThread X-CUBE-RT-Thread_Nano 4.1.1
2026-06-04 06:02:24,754 [INFO] ThirdParty:1030 - CMSIS Pack Vendor :STMicroelectronics FP-ATR-SIGFOX1 3.2.0
2026-06-04 06:02:24,754 [INFO] ThirdParty:1030 - CMSIS Pack Vendor :wolfSSL I-CUBE-wolfSSL 5.7.2
2026-06-04 06:02:24,754 [INFO] ThirdParty:1030 - CMSIS Pack Vendor :quantropi X-CUBE-qispace-sdk-base 1.9.3
2026-06-04 06:02:24,754 [INFO] ThirdParty:1030 - CMSIS Pack Vendor :STMicroelectronics X-CUBE-ISPU 2.0.0
2026-06-04 06:02:24,754 [INFO] ThirdParty:1030 - CMSIS Pack Vendor :STMicroelectronics X-CUBE-EEPRMA1 5.1.0
2026-06-04 06:02:24,754 [INFO] ThirdParty:1030 - CMSIS Pack Vendor :STMicroelectronics MBEDTLS 2.16.2
2026-06-04 06:02:24,754 [INFO] ThirdParty:1030 - CMSIS Pack Vendor :STMicroelectronics X-CUBE-ALS 1.0.2
2026-06-04 06:02:24,754 [INFO] ThirdParty:1030 - CMSIS Pack Vendor :STMicroelectronics X-CUBE-TOUCHGFX 4.24.0
2026-06-04 06:02:24,754 [INFO] ThirdParty:1030 - CMSIS Pack Vendor :ITTIA_DB I-CUBE-ITTIADB 8.9.0
2026-06-04 06:02:24,754 [INFO] ThirdParty:1030 - CMSIS Pack Vendor :STMicroelectronics X-CUBE-TOUCHGFX 4.24.2
2026-06-04 06:02:24,754 [INFO] ThirdParty:1030 - CMSIS Pack Vendor :STMicroelectronics X-CUBE-TOUCHGFX 4.24.1
2026-06-04 06:02:24,754 [INFO] ThirdParty:1030 - CMSIS Pack Vendor :STMicroelectronics X-CUBE-STSE01 1.0.0
2026-06-04 06:02:24,754 [INFO] ThirdParty:1030 - CMSIS Pack Vendor :wolfSSL I-CUBE-wolfTPM 3.4.0
2026-06-04 06:02:24,754 [INFO] ThirdParty:1030 - CMSIS Pack Vendor :portGmbH I-Cube-SoM-uGOAL 1.1.0
2026-06-04 06:02:24,754 [INFO] ThirdParty:1030 - CMSIS Pack Vendor :STMicroelectronics X-CUBE-NFC6 3.2.0
2026-06-04 06:02:24,754 [INFO] ThirdParty:1030 - CMSIS Pack Vendor :STMicroelectronics X-CUBE-AI 10.2.0
2026-06-04 06:02:24,754 [INFO] ThirdParty:1030 - CMSIS Pack Vendor :STMicroelectronics ThreadX 1.0.0
2026-06-04 06:02:24,754 [INFO] ThirdParty:1030 - CMSIS Pack Vendor :STMicroelectronics X-CUBE-MEMS1 12.1.0
2026-06-04 06:02:24,754 [INFO] ThirdParty:1030 - CMSIS Pack Vendor :SEGGER I-CUBE-embOS 1.3.1
2026-06-04 06:02:24,754 [INFO] ThirdParty:1030 - CMSIS Pack Vendor :STMicroelectronics X-CUBE-ALGOBUILD 1.4.0
2026-06-04 06:02:24,754 [INFO] ThirdParty:1030 - CMSIS Pack Vendor :STMicroelectronics X-CUBE-MEMS1 11.3.0
2026-06-04 06:02:24,754 [INFO] ThirdParty:1030 - CMSIS Pack Vendor :STMicroelectronics X-CUBE-AZRTOS-H7RS 1.0.0
2026-06-04 06:02:24,754 [INFO] ThirdParty:1030 - CMSIS Pack Vendor :STMicroelectronics FP-ATR-ASTRA1 2.0.0
2026-06-04 06:02:24,754 [INFO] ThirdParty:1030 - CMSIS Pack Vendor :STMicroelectronics X-CUBE-TOF1 3.4.2
2026-06-04 06:02:24,754 [INFO] ThirdParty:1030 - CMSIS Pack Vendor :STMicroelectronics X-CUBE-AI 9.1.0
2026-06-04 06:02:24,754 [INFO] ThirdParty:1030 - CMSIS Pack Vendor :Infineon AIROC-Wi-Fi-Bluetooth-STM32 1.6.1
2026-06-04 06:02:24,754 [INFO] ThirdParty:1030 - CMSIS Pack Vendor :wolfSSL I-CUBE-wolfSSH 1.4.17
2026-06-04 06:02:24,755 [INFO] ThirdParty:841 - exiting critical section [change project]
2026-06-04 06:02:24,996 [INFO] PinOutPanel:1561 - setPackage(No Configuration,No Configuration)
2026-06-04 06:02:24,997 [INFO] PinOutPanel:1561 - setPackage(STM32F407VGTx,LQFP100)
2026-06-04 06:02:25,328 [INFO] UtilMem:75 - Before build in PCC Used Memory: 921517432 Bytes (1073741824)
2026-06-04 06:02:25,645 [INFO] UtilMem:75 - After build in PCC Used Memory: 794642448 Bytes (1073741824)
2026-06-04 06:02:25,672 [INFO] IPUIPlugin:80 - create IPUIPlugin
2026-06-04 06:02:25,672 [INFO] IPUIPlugin:80 - create IPUIPlugin
2026-06-04 06:02:25,672 [INFO] IPUIPlugin:80 - create IPUIPlugin
2026-06-04 06:02:25,673 [INFO] IPUIPlugin:80 - create IPUIPlugin
2026-06-04 06:02:25,673 [INFO] IPUIPlugin:80 - create IPUIPlugin
2026-06-04 06:02:25,673 [INFO] IPUIPlugin:80 - create IPUIPlugin
2026-06-04 06:02:25,673 [INFO] IPUIPlugin:80 - create IPUIPlugin
2026-06-04 06:02:25,673 [INFO] IPUIPlugin:80 - create IPUIPlugin
2026-06-04 06:02:25,673 [INFO] IPUIPlugin:80 - create IPUIPlugin
2026-06-04 06:02:25,673 [INFO] IPUIPlugin:80 - create IPUIPlugin
2026-06-04 06:02:25,673 [INFO] IPUIPlugin:80 - create IPUIPlugin
2026-06-04 06:02:25,673 [INFO] IPUIPlugin:80 - create IPUIPlugin
2026-06-04 06:02:25,673 [INFO] IPUIPlugin:80 - create IPUIPlugin
2026-06-04 06:02:25,673 [INFO] IPUIPlugin:80 - create IPUIPlugin
2026-06-04 06:02:25,673 [INFO] IPUIPlugin:80 - create IPUIPlugin
2026-06-04 06:02:25,674 [INFO] IPUIPlugin:80 - create IPUIPlugin
2026-06-04 06:02:25,674 [INFO] IPUIPlugin:80 - create IPUIPlugin
2026-06-04 06:02:25,674 [INFO] IPUIPlugin:80 - create IPUIPlugin
2026-06-04 06:02:25,674 [INFO] IPUIPlugin:80 - create IPUIPlugin
2026-06-04 06:02:25,674 [INFO] IPUIPlugin:80 - create IPUIPlugin
2026-06-04 06:02:25,674 [INFO] IPUIPlugin:80 - create IPUIPlugin
2026-06-04 06:02:25,674 [INFO] IPUIPlugin:80 - create IPUIPlugin
2026-06-04 06:02:25,674 [INFO] IPUIPlugin:80 - create IPUIPlugin
2026-06-04 06:02:25,675 [INFO] IPUIPlugin:80 - create IPUIPlugin
2026-06-04 06:02:25,675 [INFO] IPUIPlugin:80 - create IPUIPlugin
2026-06-04 06:02:25,675 [INFO] IPUIPlugin:80 - create IPUIPlugin
2026-06-04 06:02:25,676 [INFO] IPUIPlugin:80 - create IPUIPlugin
2026-06-04 06:02:25,676 [INFO] IPUIPlugin:80 - create IPUIPlugin
2026-06-04 06:02:25,676 [INFO] IPUIPlugin:80 - create IPUIPlugin
2026-06-04 06:02:25,676 [INFO] IPUIPlugin:80 - create IPUIPlugin
2026-06-04 06:02:25,676 [INFO] IPUIPlugin:80 - create IPUIPlugin
2026-06-04 06:02:25,676 [INFO] IPUIPlugin:80 - create IPUIPlugin
2026-06-04 06:02:25,677 [INFO] IPUIPlugin:80 - create IPUIPlugin
2026-06-04 06:02:25,677 [INFO] IPUIPlugin:80 - create IPUIPlugin
2026-06-04 06:02:25,677 [INFO] IPUIPlugin:80 - create IPUIPlugin
2026-06-04 06:02:25,677 [INFO] IPUIPlugin:80 - create IPUIPlugin
2026-06-04 06:02:25,677 [INFO] IPUIPlugin:80 - create IPUIPlugin
2026-06-04 06:02:25,677 [INFO] IPUIPlugin:80 - create IPUIPlugin
2026-06-04 06:02:25,678 [INFO] IPUIPlugin:80 - create IPUIPlugin
2026-06-04 06:02:25,678 [INFO] IPUIPlugin:80 - create IPUIPlugin
2026-06-04 06:02:25,678 [INFO] IPUIPlugin:80 - create IPUIPlugin
2026-06-04 06:02:25,678 [INFO] IPUIPlugin:80 - create IPUIPlugin
2026-06-04 06:02:25,679 [INFO] IPUIPlugin:80 - create IPUIPlugin
2026-06-04 06:02:25,679 [INFO] IPUIPlugin:80 - create IPUIPlugin
2026-06-04 06:02:25,679 [INFO] IPUIPlugin:80 - create IPUIPlugin
2026-06-04 06:02:25,679 [INFO] IPUIPlugin:80 - create IPUIPlugin
2026-06-04 06:02:25,679 [INFO] IPUIPlugin:80 - create IPUIPlugin
2026-06-04 06:02:25,680 [INFO] IPUIPlugin:80 - create IPUIPlugin
2026-06-04 06:02:25,680 [INFO] IPUIPlugin:80 - create IPUIPlugin
2026-06-04 06:02:25,680 [INFO] IPUIPlugin:80 - create IPUIPlugin
2026-06-04 06:02:25,681 [INFO] IPUIPlugin:80 - create IPUIPlugin
2026-06-04 06:02:25,681 [INFO] IPUIPlugin:80 - create IPUIPlugin
2026-06-04 06:02:25,683 [INFO] IPUIPlugin:80 - create IPUIPlugin
2026-06-04 06:02:25,683 [INFO] IPUIPlugin:80 - create IPUIPlugin
2026-06-04 06:02:25,684 [INFO] IPUIPlugin:80 - create IPUIPlugin
2026-06-04 06:02:25,684 [INFO] IPUIPlugin:80 - create IPUIPlugin
2026-06-04 06:02:25,685 [INFO] IPUIPlugin:80 - create IPUIPlugin
2026-06-04 06:02:25,685 [INFO] IPUIPlugin:80 - create IPUIPlugin
2026-06-04 06:02:25,706 [INFO] ApiDbMcu:508 - Load IP Config File for PDM2PCM
2026-06-04 06:02:25,792 [INFO] CADModel:165 - CPN selected for project levelSTM32F407VGT6
2026-06-04 06:02:25,792 [INFO] CADModel:114 - Register for checkConnection events
2026-06-04 06:02:25,837 [INFO] OpenFileManager:363 - Restore cursor
2026-06-04 06:03:07,824 [INFO] UtilMem:75 - End SaveConfig() Used Memory: 909810360 Bytes (1073741824)
2026-06-04 06:03:08,772 [INFO] UtilMem:75 - End SaveConfig() Used Memory: 936486472 Bytes (1073741824)
2026-06-04 06:03:11,803 [INFO] UtilMem:75 - End SaveConfig() Used Memory: 980526664 Bytes (1073741824)
2026-06-04 06:03:12,405 [INFO] BlockDiagram:2766 - set Specific Code input for plugin: SYS
2026-06-04 06:03:12,405 [INFO] BlockDiagram:2766 - set Specific Code input for plugin: RCC
2026-06-04 06:03:12,406 [INFO] BlockDiagram:2766 - set Specific Code input for plugin: NVIC
2026-06-04 06:03:12,407 [INFO] BlockDiagram:2766 - set Specific Code input for plugin: GPIO
2026-06-04 06:03:12,408 [INFO] CodeGenerator:807 - code generatio: config db path: C:\ST\STM32CubeIDE_1.16.0\STM32CubeIDE\plugins\com.st.stm32cube.common.mx_6.12.0.202406281431\\db\
2026-06-04 06:03:12,801 [INFO] CodeEngine:255 - oldGeneratedFile, D:\Project_2026\Modbud_MFM383A-C\STM32F407VGT\MFM383\MXTmpFiles\license.tmp_save
2026-06-04 06:03:13,461 [INFO] CodeEngine:279 - Generated code: D:\Project_2026\Modbud_MFM383A-C\STM32F407VGT\MFM383\MXTmpFiles\license.tmp
2026-06-04 06:03:13,588 [INFO] CodeEngine:255 - oldGeneratedFile, D:\Project_2026\Modbud_MFM383A-C\STM32F407VGT\MFM383\MXTmpFiles\gpio.tmp_save
2026-06-04 06:03:13,762 [INFO] CodeEngine:279 - Generated code: D:\Project_2026\Modbud_MFM383A-C\STM32F407VGT\MFM383\MXTmpFiles\gpio.tmp
2026-06-04 06:03:13,830 [INFO] CodeEngine:255 - oldGeneratedFile, D:\Project_2026\Modbud_MFM383A-C\STM32F407VGT\MFM383\Core\Src\stm32f4xx_it.c_save
2026-06-04 06:03:13,985 [INFO] CodeEngine:279 - Generated code: D:\Project_2026\Modbud_MFM383A-C\STM32F407VGT\MFM383\Core\Src\stm32f4xx_it.c
2026-06-04 06:03:14,012 [INFO] CodeEngine:255 - oldGeneratedFile, D:\Project_2026\Modbud_MFM383A-C\STM32F407VGT\MFM383\Core\Inc\stm32f4xx_it.h_save
2026-06-04 06:03:14,158 [INFO] CodeEngine:279 - Generated code: D:\Project_2026\Modbud_MFM383A-C\STM32F407VGT\MFM383\Core\Inc\stm32f4xx_it.h
2026-06-04 06:03:14,207 [INFO] CodeEngine:255 - oldGeneratedFile, D:\Project_2026\Modbud_MFM383A-C\STM32F407VGT\MFM383\Core\Src\stm32f4xx_hal_msp.c_save
2026-06-04 06:03:14,365 [INFO] CodeEngine:279 - Generated code: D:\Project_2026\Modbud_MFM383A-C\STM32F407VGT\MFM383\Core\Src\stm32f4xx_hal_msp.c
2026-06-04 06:03:14,382 [INFO] CodeEngine:255 - oldGeneratedFile, D:\Project_2026\Modbud_MFM383A-C\STM32F407VGT\MFM383\MXTmpFiles\system.tmp_save
2026-06-04 06:03:14,472 [INFO] CodeEngine:279 - Generated code: D:\Project_2026\Modbud_MFM383A-C\STM32F407VGT\MFM383\MXTmpFiles\system.tmp
2026-06-04 06:03:14,506 [INFO] CodeEngine:311 - oldGeneratedFile, D:\Project_2026\Modbud_MFM383A-C\STM32F407VGT\MFM383\Core\Inc\stm32f4xx_hal_conf.h_save
2026-06-04 06:03:14,620 [INFO] CodeEngine:335 - Generated code: D:\Project_2026\Modbud_MFM383A-C\STM32F407VGT\MFM383\Core\Inc\stm32f4xx_hal_conf.h
2026-06-04 06:03:14,729 [INFO] CodeEngine:255 - oldGeneratedFile, D:\Project_2026\Modbud_MFM383A-C\STM32F407VGT\MFM383\Core\Inc\main.h_save
2026-06-04 06:03:14,848 [INFO] CodeEngine:279 - Generated code: D:\Project_2026\Modbud_MFM383A-C\STM32F407VGT\MFM383\Core\Inc\main.h
2026-06-04 06:03:14,871 [INFO] CodeEngine:255 - oldGeneratedFile, D:\Project_2026\Modbud_MFM383A-C\STM32F407VGT\MFM383\Core\Src\main.c_save
2026-06-04 06:03:15,062 [INFO] CodeEngine:279 - Generated code: D:\Project_2026\Modbud_MFM383A-C\STM32F407VGT\MFM383\Core\Src\main.c
2026-06-04 06:03:15,579 [INFO] ProjectBuilder:3249 - Time for Copy HAL[1] : 211mS.
2026-06-04 06:03:15,584 [INFO] ProjectBuilder:4828 - Project Generator version: 4.4.0-B60
2026-06-04 06:03:15,711 [INFO] ConfigFileManager:1531 - The Die is : DIE413
2026-06-04 06:03:15,739 [INFO] ApiDbMcu:508 - Load IP Config File for FATFS
2026-06-04 06:03:15,765 [INFO] ApiDbMcu:508 - Load IP Config File for FREERTOS
2026-06-04 06:03:15,784 [INFO] ApiDbMcu:508 - Load IP Config File for LIBJPEG
2026-06-04 06:03:15,805 [INFO] ApiDbMcu:508 - Load IP Config File for LWIP
2026-06-04 06:03:15,837 [INFO] ApiDbMcu:508 - Load IP Config File for MBEDTLS
2026-06-04 06:03:15,866 [INFO] ApiDbMcu:508 - Load IP Config File for USB_DEVICE
2026-06-04 06:03:15,882 [INFO] ApiDbMcu:508 - Load IP Config File for USB_HOST
2026-06-04 06:03:16,826 [INFO] LogOutputStream:77 - [STDOUT_REDIRECT] 
2026-06-04 06:03:20,713 [INFO] ProjectBuilder:5097 - Time for Generating toolchain IDE Files: 5127mS.
2026-06-04 06:03:20,714 [INFO] ProjectBuilder:3107 - Time for Copy CMSIS : 0mS.
2026-06-04 06:03:20,730 [INFO] ProjectBuilder:3107 - Time for Copy CMSIS : 0mS.
2026-06-04 06:04:52,650 [INFO] Gpio:277 - dependency for GPIO [RCC, SYS]
2026-06-04 06:05:05,138 [INFO] Gpio:277 - dependency for GPIO [RCC, SYS]
2026-06-04 06:05:09,212 [INFO] NvicIntPanel:101 - NVIC parent = com.st.microxplorer.plugins.ip.nvic.MultiNvicIntPanel[,0,0,0x0,invalid,layout=javax.swing.BoxLayout,alignmentX=0.0,alignmentY=0.0,border=,flags=9,maximumSize=,minimumSize=,preferredSize=]
2026-06-04 06:05:21,759 [INFO] NvicIntPanel:101 - NVIC parent = com.st.microxplorer.plugins.ip.nvic.MultiNvicIntPanel[,0,0,0x0,invalid,layout=javax.swing.BoxLayout,alignmentX=0.0,alignmentY=0.0,border=,flags=9,maximumSize=,minimumSize=,preferredSize=]
2026-06-04 06:05:46,277 [INFO] NvicIntPanel:101 - NVIC parent = com.st.microxplorer.plugins.ip.nvic.MultiNvicIntPanel[,0,0,0x0,invalid,layout=javax.swing.BoxLayout,alignmentX=0.0,alignmentY=0.0,border=,flags=9,maximumSize=,minimumSize=,preferredSize=]
2026-06-04 06:06:09,972 [INFO] NvicIntPanel:101 - NVIC parent = com.st.microxplorer.plugins.ip.nvic.MultiNvicIntPanel[,0,0,450x270,layout=javax.swing.BoxLayout,alignmentX=0.0,alignmentY=0.0,border=,flags=9,maximumSize=,minimumSize=,preferredSize=]
2026-06-04 06:06:11,136 [INFO] NvicIntPanel:101 - NVIC parent = com.st.microxplorer.plugins.ip.nvic.MultiNvicIntPanel[,0,0,0x0,invalid,layout=javax.swing.BoxLayout,alignmentX=0.0,alignmentY=0.0,border=,flags=9,maximumSize=,minimumSize=,preferredSize=]
2026-06-04 06:06:20,891 [INFO] NvicIntPanel:101 - NVIC parent = com.st.microxplorer.plugins.ip.nvic.MultiNvicIntPanel[,0,0,0x0,invalid,layout=javax.swing.BoxLayout,alignmentX=0.0,alignmentY=0.0,border=,flags=9,maximumSize=,minimumSize=,preferredSize=]
2026-06-04 06:06:40,545 [INFO] NvicIntPanel:101 - NVIC parent = com.st.microxplorer.plugins.ip.nvic.MultiNvicIntPanel[,0,0,0x0,invalid,layout=javax.swing.BoxLayout,alignmentX=0.0,alignmentY=0.0,border=,flags=9,maximumSize=,minimumSize=,preferredSize=]
2026-06-04 06:06:54,935 [INFO] UtilMem:75 - End SaveConfig() Used Memory: 891119240 Bytes (1073741824)
2026-06-04 06:06:56,470 [INFO] UtilMem:75 - End SaveConfig() Used Memory: 929916552 Bytes (1073741824)
2026-06-04 06:06:58,166 [INFO] UtilMem:75 - End SaveConfig() Used Memory: 804187664 Bytes (1073741824)
2026-06-04 06:06:58,382 [INFO] BlockDiagram:2766 - set Specific Code input for plugin: TIM1_8
2026-06-04 06:06:58,382 [INFO] BlockDiagram:2766 - set Specific Code input for plugin: SYS
2026-06-04 06:06:58,382 [INFO] BlockDiagram:2766 - set Specific Code input for plugin: RCC
2026-06-04 06:06:58,382 [INFO] BlockDiagram:2766 - set Specific Code input for plugin: NVIC
2026-06-04 06:06:58,382 [INFO] BlockDiagram:2766 - set Specific Code input for plugin: USART
2026-06-04 06:06:58,383 [INFO] BlockDiagram:2766 - set Specific Code input for plugin: GPIO
2026-06-04 06:06:58,384 [INFO] CodeGenerator:807 - code generatio: config db path: C:\ST\STM32CubeIDE_1.16.0\STM32CubeIDE\plugins\com.st.stm32cube.common.mx_6.12.0.202406281431\\db\
2026-06-04 06:06:58,458 [INFO] CodeEngine:255 - oldGeneratedFile, D:\Project_2026\Modbud_MFM383A-C\STM32F407VGT\MFM383\MXTmpFiles\license.tmp_save
2026-06-04 06:06:58,548 [INFO] CodeEngine:279 - Generated code: D:\Project_2026\Modbud_MFM383A-C\STM32F407VGT\MFM383\MXTmpFiles\license.tmp
2026-06-04 06:06:58,566 [INFO] CodeEngine:255 - oldGeneratedFile, D:\Project_2026\Modbud_MFM383A-C\STM32F407VGT\MFM383\MXTmpFiles\gpio.tmp_save
2026-06-04 06:06:58,669 [INFO] CodeEngine:279 - Generated code: D:\Project_2026\Modbud_MFM383A-C\STM32F407VGT\MFM383\MXTmpFiles\gpio.tmp
2026-06-04 06:06:58,794 [INFO] CodeEngine:255 - oldGeneratedFile, D:\Project_2026\Modbud_MFM383A-C\STM32F407VGT\MFM383\Core\Src\stm32f4xx_it.c_save
2026-06-04 06:06:58,921 [INFO] CodeEngine:279 - Generated code: D:\Project_2026\Modbud_MFM383A-C\STM32F407VGT\MFM383\Core\Src\stm32f4xx_it.c
2026-06-04 06:06:58,927 [INFO] CodeEngine:255 - oldGeneratedFile, D:\Project_2026\Modbud_MFM383A-C\STM32F407VGT\MFM383\Core\Inc\stm32f4xx_it.h_save
2026-06-04 06:06:59,015 [INFO] CodeEngine:279 - Generated code: D:\Project_2026\Modbud_MFM383A-C\STM32F407VGT\MFM383\Core\Inc\stm32f4xx_it.h
2026-06-04 06:06:59,040 [INFO] CodeEngine:255 - oldGeneratedFile, D:\Project_2026\Modbud_MFM383A-C\STM32F407VGT\MFM383\Core\Src\stm32f4xx_hal_msp.c_save
2026-06-04 06:06:59,170 [INFO] CodeEngine:279 - Generated code: D:\Project_2026\Modbud_MFM383A-C\STM32F407VGT\MFM383\Core\Src\stm32f4xx_hal_msp.c
2026-06-04 06:06:59,173 [INFO] CodeEngine:255 - oldGeneratedFile, D:\Project_2026\Modbud_MFM383A-C\STM32F407VGT\MFM383\MXTmpFiles\system.tmp_save
2026-06-04 06:06:59,230 [INFO] CodeEngine:279 - Generated code: D:\Project_2026\Modbud_MFM383A-C\STM32F407VGT\MFM383\MXTmpFiles\system.tmp
2026-06-04 06:06:59,249 [INFO] CodeEngine:311 - oldGeneratedFile, D:\Project_2026\Modbud_MFM383A-C\STM32F407VGT\MFM383\Core\Inc\stm32f4xx_hal_conf.h_save
2026-06-04 06:06:59,357 [INFO] CodeEngine:335 - Generated code: D:\Project_2026\Modbud_MFM383A-C\STM32F407VGT\MFM383\Core\Inc\stm32f4xx_hal_conf.h
2026-06-04 06:06:59,395 [WARN] IPConfigManager:3554 - IP not found : TIM
2026-06-04 06:06:59,396 [WARN] CodeGenerator:4002 - IP not found : null
2026-06-04 06:06:59,413 [INFO] CodeEngine:255 - oldGeneratedFile, D:\Project_2026\Modbud_MFM383A-C\STM32F407VGT\MFM383\Core\Inc\main.h_save
2026-06-04 06:06:59,517 [INFO] CodeEngine:279 - Generated code: D:\Project_2026\Modbud_MFM383A-C\STM32F407VGT\MFM383\Core\Inc\main.h
2026-06-04 06:06:59,533 [INFO] CodeEngine:255 - oldGeneratedFile, D:\Project_2026\Modbud_MFM383A-C\STM32F407VGT\MFM383\Core\Src\main.c_save
2026-06-04 06:06:59,652 [INFO] CodeEngine:279 - Generated code: D:\Project_2026\Modbud_MFM383A-C\STM32F407VGT\MFM383\Core\Src\main.c
2026-06-04 06:07:00,067 [INFO] ProjectBuilder:3249 - Time for Copy HAL[1] : 171mS.
2026-06-04 06:07:00,070 [INFO] ProjectBuilder:4828 - Project Generator version: 4.4.0-B60
2026-06-04 06:07:00,175 [INFO] ConfigFileManager:1531 - The Die is : DIE413
2026-06-04 06:07:01,309 [INFO] ProjectBuilder:5097 - Time for Generating toolchain IDE Files: 1238mS.
2026-06-04 06:07:01,309 [INFO] ProjectBuilder:3107 - Time for Copy CMSIS : 0mS.
2026-06-04 06:07:01,311 [INFO] ProjectBuilder:3107 - Time for Copy CMSIS : 0mS.
2026-06-04 07:23:54,240 [ERROR] LogOutputStream:75 - [STDERR_REDIRECT] 
