2026-06-03 06:09:11,363 [INFO] Activator:176 - 


2026-06-03 06:09:11,364 [INFO] Activator:177 - !SESSION log4j initialized
2026-06-03 06:09:14,522 [INFO] LogOutputStream:77 - [STDOUT_REDIRECT] 
2026-06-03 06:09:17,019 [INFO] ApplicationProperties:184 - Using Application install path: C:\ST\STM32CubeIDE_1.16.0\STM32CubeIDE\plugins\com.st.stm32cube.common.mx_6.12.0.202406281431
2026-06-03 06:09:17,043 [INFO] DbMcusXml:78 - Set database path to: C:\ST\STM32CubeIDE_1.16.0\STM32CubeIDE\plugins\com.st.stm32cube.common.mx_6.12.0.202406281431\\db\/mcu/
2026-06-03 06:09:17,044 [INFO] ApiDb:274 - Set plugin database path to: C:\ST\STM32CubeIDE_1.16.0\STM32CubeIDE\plugins\com.st.stm32cube.common.mx_6.12.0.202406281431\\db\/plugins/boardmanager/
2026-06-03 06:09:17,044 [WARN] ApiDb:259 - Overriding images path with different value:  => C:\ST\STM32CubeIDE_1.16.0\STM32CubeIDE\plugins\com.st.stm32cube.common.mx_6.12.0.202406281431\\db\/plugins/mcufinder/images/
2026-06-03 06:09:17,053 [INFO] ApiDb:250 - Set database path to: C:\Users\Admin\.stmcufinder\plugins\mcufinder//mcu/
2026-06-03 06:09:17,055 [INFO] DbMcusAds:125 - Set database path to: C:\Users\Admin\.stmcufinder\plugins\mcufinder//mcu/
2026-06-03 06:09:17,058 [INFO] CrossReferenceDbSqlite:203 - Set database path to: C:\Users\Admin\.stmcufinder\plugins\mcufinder//mcu/cs/
2026-06-03 06:09:17,259 [INFO] RulesReader:64 - Compatibility file has been processed (297 Rules)
2026-06-03 06:09:17,413 [INFO] DbMcusXml:78 - Set database path to: C:\ST\STM32CubeIDE_1.16.0\STM32CubeIDE\plugins\com.st.stm32cube.common.mx_6.12.0.202406281431\\db\/mcu/
2026-06-03 06:09:17,413 [INFO] ApiDb:274 - Set plugin database path to: C:\ST\STM32CubeIDE_1.16.0\STM32CubeIDE\plugins\com.st.stm32cube.common.mx_6.12.0.202406281431\\db\/plugins/boardmanager/
2026-06-03 06:09:17,413 [INFO] ApiDb:261 - Set plugin images path to: C:\ST\STM32CubeIDE_1.16.0\STM32CubeIDE\plugins\com.st.stm32cube.common.mx_6.12.0.202406281431\\db\/plugins/mcufinder/images/
2026-06-03 06:09:17,414 [WARN] DbFile:41 - Overriding database path with different value: C:\Users\Admin\.stmcufinder\plugins\mcufinder/ => C:\Users\Admin\.stmcufinder\plugins\mcufinder
2026-06-03 06:09:17,415 [INFO] ApiDb:250 - Set database path to: C:\Users\Admin\.stmcufinder\plugins\mcufinder//mcu/
2026-06-03 06:09:17,415 [WARN] DbFile:41 - Overriding database path with different value: C:\Users\Admin\.stmcufinder\plugins\mcufinder/ => C:\Users\Admin\.stmcufinder\plugins\mcufinder
2026-06-03 06:09:17,415 [INFO] DbMcusAds:125 - Set database path to: C:\Users\Admin\.stmcufinder\plugins\mcufinder//mcu/
2026-06-03 06:09:17,415 [WARN] DbFile:41 - Overriding database path with different value: C:\Users\Admin\.stmcufinder\plugins\mcufinder/ => C:\Users\Admin\.stmcufinder\plugins\mcufinder
2026-06-03 06:09:17,415 [WARN] DbFile:41 - Overriding database path with different value: C:\Users\Admin\.stmcufinder\plugins\mcufinder/ => C:\Users\Admin\.stmcufinder\plugins\mcufinder
2026-06-03 06:09:17,415 [INFO] CrossReferenceDbSqlite:203 - Set database path to: C:\Users\Admin\.stmcufinder\plugins\mcufinder//mcu/cs/
2026-06-03 06:09:17,520 [INFO] MainPanel:268 - HeapMemory: 268435456
2026-06-03 06:09:17,614 [INFO] DbMcusXml:78 - Set database path to: C:\ST\STM32CubeIDE_1.16.0\STM32CubeIDE\plugins\com.st.stm32cube.common.mx_6.12.0.202406281431\\db\/mcu/
2026-06-03 06:09:17,614 [INFO] ApiDb:274 - Set plugin database path to: C:\ST\STM32CubeIDE_1.16.0\STM32CubeIDE\plugins\com.st.stm32cube.common.mx_6.12.0.202406281431\\db\/plugins/boardmanager/
2026-06-03 06:09:17,614 [INFO] ApiDb:261 - Set plugin images path to: C:\ST\STM32CubeIDE_1.16.0\STM32CubeIDE\plugins\com.st.stm32cube.common.mx_6.12.0.202406281431\\db\/plugins/mcufinder/images/
2026-06-03 06:09:17,615 [WARN] DbFile:41 - Overriding database path with different value: C:\Users\Admin\.stmcufinder\plugins\mcufinder/ => C:\Users\Admin\.stmcufinder\plugins\mcufinder
2026-06-03 06:09:17,615 [INFO] ApiDb:250 - Set database path to: C:\Users\Admin\.stmcufinder\plugins\mcufinder//mcu/
2026-06-03 06:09:17,615 [WARN] DbFile:41 - Overriding database path with different value: C:\Users\Admin\.stmcufinder\plugins\mcufinder/ => C:\Users\Admin\.stmcufinder\plugins\mcufinder
2026-06-03 06:09:17,615 [INFO] DbMcusAds:125 - Set database path to: C:\Users\Admin\.stmcufinder\plugins\mcufinder//mcu/
2026-06-03 06:09:17,615 [WARN] DbFile:41 - Overriding database path with different value: C:\Users\Admin\.stmcufinder\plugins\mcufinder/ => C:\Users\Admin\.stmcufinder\plugins\mcufinder
2026-06-03 06:09:17,615 [WARN] DbFile:41 - Overriding database path with different value: C:\Users\Admin\.stmcufinder\plugins\mcufinder/ => C:\Users\Admin\.stmcufinder\plugins\mcufinder
2026-06-03 06:09:17,615 [INFO] CrossReferenceDbSqlite:203 - Set database path to: C:\Users\Admin\.stmcufinder\plugins\mcufinder//mcu/cs/
2026-06-03 06:09:17,640 [INFO] ApplicationProperties:184 - Using Application install path: C:\ST\STM32CubeIDE_1.16.0\STM32CubeIDE\plugins\com.st.stm32cube.common.mx_6.12.0.202406281431
2026-06-03 06:09:17,642 [INFO] PluginManage:196 - Search for loadable plugins [exclusion list=, ]
2026-06-03 06:09:17,646 [INFO] PluginManage:310 - Check plugin analytics
2026-06-03 06:09:17,872 [INFO] AnalyticsPlugin:253 - Accepted Software Licenses: 
2026-06-03 06:09:17,873 [INFO] AnalyticsPlugin:255 - Accepted CMSIS Pack Licenses: 
2026-06-03 06:09:17,873 [INFO] AnalyticsPlugin:257 - Accepted Firmware Licenses: 
2026-06-03 06:09:17,877 [INFO] PluginManage:359 - Loaded plugin analytics (category:tool,tabindex:-1)
2026-06-03 06:09:17,877 [INFO] PluginManage:310 - Check plugin cadmodel
2026-06-03 06:09:17,883 [INFO] CADModel:105 - Init CAD model plugin
2026-06-03 06:09:17,883 [INFO] PluginManage:359 - Loaded plugin cadmodel (category:power,tabindex:5)
2026-06-03 06:09:17,884 [INFO] PluginManage:310 - Check plugin clock
2026-06-03 06:09:17,906 [INFO] PluginManage:359 - Loaded plugin clock (category:base,tabindex:2)
2026-06-03 06:09:17,906 [INFO] PluginManage:310 - Check plugin ddr
2026-06-03 06:09:17,915 [INFO] PluginManage:359 - Loaded plugin ddr (category:tool,tabindex:6)
2026-06-03 06:09:17,915 [INFO] PluginManage:310 - Check plugin filemanager
2026-06-03 06:09:18,180 [INFO] PluginManage:359 - Loaded plugin filemanager (category:base,tabindex:10)
2026-06-03 06:09:18,180 [INFO] PluginManage:310 - Check plugin ipmanager
2026-06-03 06:09:18,188 [INFO] PluginManage:359 - Loaded plugin ipmanager (category:base,tabindex:5)
2026-06-03 06:09:18,189 [INFO] PluginManage:310 - Check plugin lpbam
2026-06-03 06:09:18,198 [INFO] PluginManage:359 - Loaded plugin lpbam (category:base,tabindex:0)
2026-06-03 06:09:18,198 [INFO] PluginManage:310 - Check plugin memorymap
2026-06-03 06:09:18,227 [INFO] PluginManage:359 - Loaded plugin memorymap (category:base,tabindex:4)
2026-06-03 06:09:18,227 [INFO] PluginManage:310 - Check plugin pinoutandconfiguration
2026-06-03 06:09:18,243 [INFO] PluginManage:359 - Loaded plugin pinoutandconfiguration (category:base,tabindex:1)
2026-06-03 06:09:18,243 [INFO] PluginManage:310 - Check plugin pinoutconfig
2026-06-03 06:09:18,421 [WARN] SupportedApi:132 - Cannot load RTOS API schema: s4s-elt-must-match.1: The content of 'definitions' must match (annotation?, (simpleType | complexType)?, (unique | key | keyref)*)). A problem was found starting at: attribute.
2026-06-03 06:09:18,588 [INFO] PluginManage:359 - Loaded plugin pinoutconfig (category:base,tabindex:0)
2026-06-03 06:09:18,589 [INFO] PluginManage:310 - Check plugin power
2026-06-03 06:09:18,602 [INFO] PluginManage:359 - Loaded plugin power (category:power,tabindex:4)
2026-06-03 06:09:18,602 [INFO] PluginManage:310 - Check plugin projectmanager
2026-06-03 06:09:18,623 [INFO] PluginManage:359 - Loaded plugin projectmanager (category:projectmanager,tabindex:4)
2026-06-03 06:09:18,624 [INFO] PluginManage:310 - Check plugin rif
2026-06-03 06:09:18,632 [INFO] PluginManage:359 - Loaded plugin rif (category:base,tabindex:3)
2026-06-03 06:09:18,632 [INFO] PluginManage:310 - Check plugin thirdparty
2026-06-03 06:09:18,794 [INFO] PluginManage:359 - Loaded plugin thirdparty (category:base,tabindex:-1)
2026-06-03 06:09:18,794 [WARN] IntegrityCheckThread:84 - waiting for thirdparty lock release [integrity check]
2026-06-03 06:09:18,794 [INFO] PluginManage:310 - Check plugin tools
2026-06-03 06:09:18,794 [INFO] IntegrityCheckThread:86 - entering critical section [integrity check]
2026-06-03 06:09:18,795 [INFO] ThirdPartyUpdaterWithRetryManager:70 - Updater plugin not ready yet. [1/15]
2026-06-03 06:09:18,797 [INFO] PluginManage:359 - Loaded plugin tools (category:base,tabindex:7)
2026-06-03 06:09:18,797 [INFO] PluginManage:310 - Check plugin tutovideos
2026-06-03 06:09:19,001 [INFO] PluginManage:359 - Loaded plugin tutovideos (category:base,tabindex:-1)
2026-06-03 06:09:19,001 [INFO] PluginManage:310 - Check plugin updater
2026-06-03 06:09:19,024 [INFO] PluginManage:359 - Loaded plugin updater (category:base,tabindex:12)
2026-06-03 06:09:19,024 [INFO] PluginManage:310 - Check plugin userauth
2026-06-03 06:09:19,032 [INFO] UserAuth:113 - Init User Auth plugin
2026-06-03 06:09:19,033 [INFO] PluginManage:359 - Loaded plugin userauth (category:base,tabindex:14)
2026-06-03 06:09:19,033 [INFO] PluginManage:283 - PluginManage : Loaded plugins [18]
2026-06-03 06:09:19,295 [INFO] PinOutPanel:1561 - setPackage(No Configuration,No Configuration)
2026-06-03 06:09:19,422 [INFO] CADModel:165 - CPN selected for project level
2026-06-03 06:09:19,423 [INFO] CADModel:114 - Register for checkConnection events
2026-06-03 06:09:19,445 [INFO] IPUIPlugin:80 - create IPUIPlugin
2026-06-03 06:09:19,445 [INFO] PluginManager:220 - loadIPPluginJar : add adc
2026-06-03 06:09:19,448 [INFO] IPUIPlugin:80 - create IPUIPlugin
2026-06-03 06:09:19,448 [INFO] PluginManager:220 - loadIPPluginJar : add aes
2026-06-03 06:09:19,451 [INFO] IPUIPlugin:80 - create IPUIPlugin
2026-06-03 06:09:19,451 [INFO] PluginManager:220 - loadIPPluginJar : add can
2026-06-03 06:09:19,453 [INFO] IPUIPlugin:80 - create IPUIPlugin
2026-06-03 06:09:19,453 [INFO] PluginManager:220 - loadIPPluginJar : add comp
2026-06-03 06:09:19,456 [INFO] IPUIPlugin:80 - create IPUIPlugin
2026-06-03 06:09:19,456 [INFO] PluginManager:220 - loadIPPluginJar : add cryp
2026-06-03 06:09:19,460 [INFO] IPUIPlugin:80 - create IPUIPlugin
2026-06-03 06:09:19,461 [INFO] PluginManager:220 - loadIPPluginJar : add ddr_ctrl_phy
2026-06-03 06:09:19,464 [INFO] IPUIPlugin:80 - create IPUIPlugin
2026-06-03 06:09:19,464 [INFO] PluginManager:220 - loadIPPluginJar : add dfsdm
2026-06-03 06:09:19,471 [INFO] IPUIPlugin:80 - create IPUIPlugin
2026-06-03 06:09:19,472 [INFO] PluginManager:220 - loadIPPluginJar : add dma
2026-06-03 06:09:19,477 [INFO] IPUIPlugin:80 - create IPUIPlugin
2026-06-03 06:09:19,477 [INFO] PluginManager:220 - loadIPPluginJar : add dma3
2026-06-03 06:09:19,480 [INFO] IPUIPlugin:80 - create IPUIPlugin
2026-06-03 06:09:19,480 [INFO] PluginManager:220 - loadIPPluginJar : add extmemmanager
2026-06-03 06:09:19,482 [INFO] IPUIPlugin:80 - create IPUIPlugin
2026-06-03 06:09:19,482 [INFO] PluginManager:220 - loadIPPluginJar : add fatfs
2026-06-03 06:09:19,487 [INFO] IPUIPlugin:80 - create IPUIPlugin
2026-06-03 06:09:19,488 [INFO] PluginManager:220 - loadIPPluginJar : add fmc
2026-06-03 06:09:19,495 [INFO] IPUIPlugin:80 - create IPUIPlugin
2026-06-03 06:09:19,495 [INFO] PluginManager:220 - loadIPPluginJar : add freertos
2026-06-03 06:09:19,497 [INFO] IPUIPlugin:80 - create IPUIPlugin
2026-06-03 06:09:19,497 [INFO] PluginManager:220 - loadIPPluginJar : add genericplugin
2026-06-03 06:09:19,499 [INFO] IPUIPlugin:80 - create IPUIPlugin
2026-06-03 06:09:19,500 [INFO] PluginManager:220 - loadIPPluginJar : add gfxmmu
2026-06-03 06:09:19,507 [INFO] IPUIPlugin:80 - create IPUIPlugin
2026-06-03 06:09:19,507 [INFO] PluginManager:220 - loadIPPluginJar : add gic
2026-06-03 06:09:19,513 [INFO] IPUIPlugin:80 - create IPUIPlugin
2026-06-03 06:09:19,513 [INFO] PluginManager:220 - loadIPPluginJar : add gpio
2026-06-03 06:09:19,516 [INFO] IPUIPlugin:80 - create IPUIPlugin
2026-06-03 06:09:19,516 [INFO] PluginManager:220 - loadIPPluginJar : add gtzc
2026-06-03 06:09:19,520 [INFO] IPUIPlugin:80 - create IPUIPlugin
2026-06-03 06:09:19,520 [INFO] PluginManager:220 - loadIPPluginJar : add hash
2026-06-03 06:09:19,524 [INFO] IPUIPlugin:80 - create IPUIPlugin
2026-06-03 06:09:19,524 [INFO] PluginManager:220 - loadIPPluginJar : add i2c
2026-06-03 06:09:19,527 [INFO] IPUIPlugin:80 - create IPUIPlugin
2026-06-03 06:09:19,528 [INFO] PluginManager:220 - loadIPPluginJar : add i2s
2026-06-03 06:09:19,533 [INFO] IPUIPlugin:80 - create IPUIPlugin
2026-06-03 06:09:19,533 [INFO] PluginManager:220 - loadIPPluginJar : add i3c
2026-06-03 06:09:19,536 [INFO] IPUIPlugin:80 - create IPUIPlugin
2026-06-03 06:09:19,536 [INFO] PluginManager:220 - loadIPPluginJar : add ipddr
2026-06-03 06:09:19,545 [INFO] IPUIPlugin:80 - create IPUIPlugin
2026-06-03 06:09:19,545 [INFO] PluginManager:220 - loadIPPluginJar : add linkedlist
2026-06-03 06:09:19,549 [INFO] IPUIPlugin:80 - create IPUIPlugin
2026-06-03 06:09:19,549 [INFO] PluginManager:220 - loadIPPluginJar : add lorawan
2026-06-03 06:09:19,551 [INFO] IPUIPlugin:80 - create IPUIPlugin
2026-06-03 06:09:19,551 [INFO] PluginManager:220 - loadIPPluginJar : add ltdc
2026-06-03 06:09:19,558 [INFO] IPUIPlugin:80 - create IPUIPlugin
2026-06-03 06:09:19,559 [INFO] PluginManager:220 - loadIPPluginJar : add mdma
2026-06-03 06:09:19,563 [INFO] IPUIPlugin:80 - create IPUIPlugin
2026-06-03 06:09:19,564 [INFO] PluginManager:220 - loadIPPluginJar : add nvic
2026-06-03 06:09:19,567 [INFO] IPUIPlugin:80 - create IPUIPlugin
2026-06-03 06:09:19,567 [INFO] PluginManager:220 - loadIPPluginJar : add opamp
2026-06-03 06:09:19,570 [INFO] IPUIPlugin:80 - create IPUIPlugin
2026-06-03 06:09:19,570 [INFO] PluginManager:220 - loadIPPluginJar : add openamp
2026-06-03 06:09:19,575 [INFO] IPUIPlugin:80 - create IPUIPlugin
2026-06-03 06:09:19,576 [INFO] PluginManager:220 - loadIPPluginJar : add pdm2pcm
2026-06-03 06:09:19,583 [INFO] IPUIPlugin:80 - create IPUIPlugin
2026-06-03 06:09:19,586 [INFO] PluginManager:220 - loadIPPluginJar : add plateformsettings
2026-06-03 06:09:19,589 [INFO] IPUIPlugin:80 - create IPUIPlugin
2026-06-03 06:09:19,589 [INFO] PluginManager:220 - loadIPPluginJar : add quadspi
2026-06-03 06:09:19,592 [INFO] IPUIPlugin:80 - create IPUIPlugin
2026-06-03 06:09:19,594 [INFO] PluginManager:220 - loadIPPluginJar : add radio
2026-06-03 06:09:19,598 [INFO] IPUIPlugin:80 - create IPUIPlugin
2026-06-03 06:09:19,598 [INFO] PluginManager:220 - loadIPPluginJar : add resmgrutility
2026-06-03 06:09:19,603 [INFO] IPUIPlugin:80 - create IPUIPlugin
2026-06-03 06:09:19,603 [INFO] PluginManager:220 - loadIPPluginJar : add sai
2026-06-03 06:09:19,606 [INFO] IPUIPlugin:80 - create IPUIPlugin
2026-06-03 06:09:19,606 [INFO] PluginManager:220 - loadIPPluginJar : add spi
2026-06-03 06:09:19,615 [INFO] IPUIPlugin:80 - create IPUIPlugin
2026-06-03 06:09:19,616 [INFO] PluginManager:220 - loadIPPluginJar : add stm32_wpan
2026-06-03 06:09:19,617 [INFO] IPUIPlugin:80 - create IPUIPlugin
2026-06-03 06:09:19,619 [INFO] PluginManager:220 - loadIPPluginJar : add tim
2026-06-03 06:09:19,622 [INFO] IPUIPlugin:80 - create IPUIPlugin
2026-06-03 06:09:19,622 [INFO] PluginManager:220 - loadIPPluginJar : add touchsensing
2026-06-03 06:09:19,627 [INFO] IPUIPlugin:80 - create IPUIPlugin
2026-06-03 06:09:19,627 [INFO] PluginManager:220 - loadIPPluginJar : add tracer_emb
2026-06-03 06:09:19,630 [INFO] IPUIPlugin:80 - create IPUIPlugin
2026-06-03 06:09:19,630 [INFO] PluginManager:220 - loadIPPluginJar : add ts
2026-06-03 06:09:19,633 [INFO] IPUIPlugin:80 - create IPUIPlugin
2026-06-03 06:09:19,634 [INFO] PluginManager:220 - loadIPPluginJar : add tsc
2026-06-03 06:09:19,636 [INFO] IPUIPlugin:80 - create IPUIPlugin
2026-06-03 06:09:19,637 [INFO] PluginManager:220 - loadIPPluginJar : add ucpd
2026-06-03 06:09:19,643 [INFO] IPUIPlugin:80 - create IPUIPlugin
2026-06-03 06:09:19,643 [INFO] PluginManager:220 - loadIPPluginJar : add usart
2026-06-03 06:09:19,646 [INFO] IPUIPlugin:80 - create IPUIPlugin
2026-06-03 06:09:19,647 [INFO] PluginManager:220 - loadIPPluginJar : add usbx
2026-06-03 06:09:19,826 [INFO] CADModel:165 - CPN selected for project level
2026-06-03 06:09:19,827 [INFO] CADModel:114 - Register for checkConnection events
2026-06-03 06:09:19,828 [FATAL] Updater:334 - Updater called before beeing initialized
2026-06-03 06:09:19,829 [ERROR] CADModel:125 - Updater not yet initialized, retry later 
2026-06-03 06:09:20,200 [INFO] CADModel:165 - CPN selected for project level
2026-06-03 06:09:20,200 [INFO] CADModel:114 - Register for checkConnection events
2026-06-03 06:09:20,200 [FATAL] Updater:334 - Updater called before beeing initialized
2026-06-03 06:09:20,200 [ERROR] CADModel:125 - Updater not yet initialized, retry later 
2026-06-03 06:09:20,207 [FATAL] Updater:334 - Updater called before beeing initialized
2026-06-03 06:09:20,422 [FATAL] Updater:334 - Updater called before beeing initialized
2026-06-03 06:09:20,429 [INFO] DbMcusAds:53 - JSON generation date=Mon Apr 27 15:14:29 GMT+07:00 2026 (1777277669683)
2026-06-03 06:09:20,430 [FATAL] Updater:334 - Updater called before beeing initialized
2026-06-03 06:09:20,471 [WARN] DetailPanel:346 - Failed to get advertising image, set to default
2026-06-03 06:09:20,580 [FATAL] Updater:334 - Updater called before beeing initialized
2026-06-03 06:09:20,582 [FATAL] Updater:334 - Updater called before beeing initialized
2026-06-03 06:09:20,583 [FATAL] Updater:334 - Updater called before beeing initialized
2026-06-03 06:09:20,583 [WARN] DetailPanel:346 - Failed to get advertising image, set to default
2026-06-03 06:09:20,584 [FATAL] Updater:334 - Updater called before beeing initialized
2026-06-03 06:09:20,663 [ERROR] Updater:1164 - MainUpdater not yet initialized. External WinMGr cannot be set.
2026-06-03 06:09:20,665 [INFO] Updater:1100 - Updater Version found : 6.12.0
2026-06-03 06:09:20,690 [INFO] ApplicationProperties:184 - Using Application install path: C:\ST\STM32CubeIDE_1.16.0\STM32CubeIDE\plugins\com.st.stm32cube.common.mx_6.12.0.202406281431
2026-06-03 06:09:21,502 [INFO] MainUpdater:2873 - connection check result : 10
2026-06-03 06:09:21,503 [INFO] MainUpdater:290 - Updater Check For Update Now.
2026-06-03 06:09:21,504 [INFO] MicroXplorer:498 - Change Database Version : DB.6.0.120
2026-06-03 06:09:21,517 [INFO] McuFinderGlobals:63 - Set McuFinder mode to 2 (CubeIDE integrated)
2026-06-03 06:09:21,518 [INFO] UserAuth:417 - Internet connection configuration mode: 1
2026-06-03 06:09:21,562 [INFO] JxBrowserEngine:152 - Initiate JxBrowser Engine with user profile folder
2026-06-03 06:09:21,791 [INFO] CheckServerUpdateThread:120 - End of CheckServer Thread
2026-06-03 06:09:22,320 [WARN] PackLoader:240 - Cannot read IP mode file for STMicroelectronics.X-CUBE-AZRTOS-H7.3.5.0
2026-06-03 06:09:22,370 [WARN] PackLoader:240 - Cannot read IP mode file for STMicroelectronics.FP-SNS-MOTENVWB1.1.4.0
2026-06-03 06:09:22,385 [WARN] PackLoader:240 - Cannot read IP mode file for STMicroelectronics.FP-ATR-ASTRA1.2.0.2
2026-06-03 06:09:22,390 [WARN] PackLoader:240 - Cannot read IP mode file for STMicroelectronics.FP-ATR-ASTRA1.2.0.1
2026-06-03 06:09:22,405 [ERROR] Engine:466 - C:\Users\Admin\.stm32cubemx\thirdparties\pdsc\STMicroelectronics.X-CUBE-SMBUS.2.1.1.pdsc: PDSC version is not supported
2026-06-03 06:09:22,411 [WARN] PackLoader:240 - Cannot read IP mode file for STMicroelectronics.X-CUBE-SMBUS.2.1.0
2026-06-03 06:09:22,428 [WARN] PackLoader:240 - Cannot read IP mode file for STMicroelectronics.X-CUBE-WB05N.1.1.0
2026-06-03 06:09:22,434 [ERROR] Engine:466 - C:\Users\Admin\.stm32cubemx\thirdparties\pdsc\STMicroelectronics.X-CUBE-ST60.1.0.0.pdsc: PDSC version is not supported
2026-06-03 06:09:22,498 [WARN] PackLoader:240 - Cannot read IP mode file for STMicroelectronics.X-CUBE-AZRTOS-F7.1.1.0
2026-06-03 06:09:22,709 [WARN] PackLoader:240 - Cannot read IP mode file for STMicroelectronics.X-CUBE-MEMS1.11.0.0
2026-06-03 06:09:22,753 [INFO] WebApp:167 - Instantiating new browser for Auth
2026-06-03 06:09:23,098 [ERROR] Engine:466 - C:\Users\Admin\.stm32cubemx\thirdparties\pdsc\STMicroelectronics.FP-SNS-MOTENV1.5.1.0.pdsc: PDSC version is not supported
2026-06-03 06:09:23,142 [WARN] PackLoader:240 - Cannot read IP mode file for STMicroelectronics.FP-SNS-FLIGHT1.5.0.2
2026-06-03 06:09:23,184 [WARN] PackLoader:240 - Cannot read IP mode file for STMicroelectronics.X-CUBE-AZRTOS-H7.3.4.0
2026-06-03 06:09:23,202 [WARN] PackLoader:240 - Cannot read IP mode file for STMicroelectronics.X-CUBE-DISPLAY.3.0.0
2026-06-03 06:09:23,219 [WARN] PackLoader:240 - Cannot read IP mode file for STMicroelectronics.X-CUBE-GNSS1.7.1.1
2026-06-03 06:09:23,226 [ERROR] Engine:466 - C:\Users\Admin\.stm32cubemx\thirdparties\pdsc\STMicroelectronics.FP-SNS-MOTENVWB1.1.5.0.pdsc: PDSC version is not supported
2026-06-03 06:09:23,232 [WARN] PackLoader:240 - Cannot read IP mode file for STMicroelectronics.X-CUBE-BLE1.7.0.0
2026-06-03 06:09:23,249 [WARN] PackLoader:240 - Cannot read IP mode file for STMicroelectronics.X-CUBE-NFC10.1.0.0
2026-06-03 06:09:23,300 [WARN] PackLoader:240 - Cannot read IP mode file for STMicroelectronics.X-CUBE-BLEMGR.4.0.0
2026-06-03 06:09:23,311 [ERROR] Engine:466 - C:\Users\Admin\.stm32cubemx\thirdparties\pdsc\STMicroelectronics.X-CUBE-ST60.1.1.0.pdsc: PDSC version is not supported
2026-06-03 06:09:23,319 [WARN] PackLoader:240 - Cannot read IP mode file for emotas.I-CUBE-CANOPEN.1.3.0
2026-06-03 06:09:23,328 [WARN] PackLoader:240 - Cannot read IP mode file for STMicroelectronics.X-CUBE-GNSS1.7.1.0
2026-06-03 06:09:23,341 [WARN] PackLoader:240 - Cannot read IP mode file for STMicroelectronics.X-CUBE-BLEMGR.3.1.0
2026-06-03 06:09:23,351 [WARN] PackLoader:240 - Cannot read IP mode file for STMicroelectronics.X-CUBE-AI.10.0.0
2026-06-03 06:09:23,358 [ERROR] Engine:466 - C:\Users\Admin\.stm32cubemx\thirdparties\pdsc\STMicroelectronics.FP-SNS-STBOX1.2.1.0.pdsc: PDSC version is not supported
2026-06-03 06:09:23,364 [WARN] PackLoader:240 - Cannot read IP mode file for STMicroelectronics.FP-SNS-SMARTAG2.1.2.0
2026-06-03 06:09:23,368 [ERROR] Engine:466 - C:\Users\Admin\.stm32cubemx\thirdparties\pdsc\STMicroelectronics.FP-SNS-FLIGHT1.5.1.0.pdsc: PDSC version is not supported
2026-06-03 06:09:23,460 [WARN] PackLoader:240 - Cannot read IP mode file for STMicroelectronics.X-CUBE-MEMS1.11.1.0
2026-06-03 06:09:23,660 [INFO] LogOutputStream:77 - [STDOUT_REDIRECT] 1 : Invalid condition id : UX_CORESTACK_Condition cause : null
2026-06-03 06:09:23,661 [INFO] LogOutputStream:77 - [STDOUT_REDIRECT] 1 : Invalid condition id : UX_CORESTACK_Condition cause : null
2026-06-03 06:09:23,664 [INFO] LogOutputStream:77 - [STDOUT_REDIRECT] 1 : Invalid condition id : UX_CORESTACK_Condition cause : null
2026-06-03 06:09:23,666 [INFO] LogOutputStream:77 - [STDOUT_REDIRECT] 1 : Invalid condition id : UX_CORESTACK_Condition cause : null
2026-06-03 06:09:23,668 [INFO] LogOutputStream:77 - [STDOUT_REDIRECT] 1 : Invalid condition id : UX_CORESTACK_Condition cause : null
2026-06-03 06:09:23,676 [WARN] PackLoader:240 - Cannot read IP mode file for STMicroelectronics.X-CUBE-AZRTOS-WL.2.0.0
2026-06-03 06:09:23,686 [WARN] PackLoader:240 - Cannot read IP mode file for STMicroelectronics.FP-SNS-MOTENV1.5.0.0
2026-06-03 06:09:23,729 [WARN] PackLoader:240 - Cannot read IP mode file for STMicroelectronics.X-CUBE-AZRTOS-H7RS.1.2.0
2026-06-03 06:09:23,741 [WARN] PackLoader:240 - Cannot read IP mode file for wolfSSL.I-CUBE-wolfMQTT.1.19.0
2026-06-03 06:09:23,754 [WARN] PackLoader:240 - Cannot read IP mode file for WES.I-CUBE-Cesium.1.3.0
2026-06-03 06:09:23,763 [WARN] PackLoader:240 - Cannot read IP mode file for STMicroelectronics.X-CUBE-BLE2.3.3.0
2026-06-03 06:09:23,767 [ERROR] Engine:466 - C:\Users\Admin\.stm32cubemx\thirdparties\pdsc\Avnet-IOTCONNECT.X-CUBE-iotc-st67-sdk.1.0.0.pdsc: PDSC version is not supported
2026-06-03 06:09:23,779 [WARN] PackLoader:240 - Cannot read IP mode file for STMicroelectronics.X-CUBE-NFC9.1.0.0
2026-06-03 06:09:23,785 [WARN] PackLoader:240 - Cannot read IP mode file for STMicroelectronics.X-CUBE-BLE1.7.1.0
2026-06-03 06:09:23,795 [WARN] PackLoader:240 - Cannot read IP mode file for STMicroelectronics.X-CUBE-TCPP.4.1.0
2026-06-03 06:09:23,801 [ERROR] Engine:466 - C:\Users\Admin\.stm32cubemx\thirdparties\pdsc\STMicroelectronics.X-CUBE-FREERTOS.1.4.0.pdsc: PDSC version is not supported
2026-06-03 06:09:23,812 [WARN] PackLoader:240 - Cannot read IP mode file for STMicroelectronics.X-CUBE-EEPRMA1.5.2.0
2026-06-03 06:09:23,820 [ERROR] Engine:466 - C:\Users\Admin\.stm32cubemx\thirdparties\pdsc\STMicroelectronics.X-CUBE-ST67W61.1.1.0.pdsc: PDSC version is not supported
2026-06-03 06:09:23,824 [ERROR] Engine:466 - C:\Users\Admin\.stm32cubemx\thirdparties\pdsc\STMicroelectronics.FP-SNS-STAIOTCFT.1.1.0.pdsc: PDSC version is not supported
2026-06-03 06:09:23,928 [WARN] PackLoader:240 - Cannot read IP mode file for STMicroelectronics.X-CUBE-MEMS1.12.0.0
2026-06-03 06:09:24,207 [WARN] PackLoader:240 - Cannot read IP mode file for STMicroelectronics.X-CUBE-MEMS1.11.2.0
2026-06-03 06:09:24,531 [WARN] PackLoader:240 - Cannot read IP mode file for STMicroelectronics.X-CUBE-AZRTOS-G0.1.1.0
2026-06-03 06:09:24,547 [WARN] PackLoader:240 - Cannot read IP mode file for STMicroelectronics.X-CUBE-SAFEA1.1.2.2
2026-06-03 06:09:24,558 [WARN] PackLoader:240 - Cannot read IP mode file for STMicroelectronics.X-CUBE-NFC4.3.0.0
2026-06-03 06:09:24,580 [WARN] PackLoader:240 - Cannot read IP mode file for EmbeddedOffice.I-CUBE-FS-RTOS.1.0.1
2026-06-03 06:09:24,580 [ERROR] ConditionMgr:805 - Attr not supported : Dmpu
2026-06-03 06:09:24,580 [ERROR] ConditionMgr:805 - Attr not supported : Dmpu
2026-06-03 06:09:24,580 [ERROR] ConditionMgr:805 - Attr not supported : Dmpu
2026-06-03 06:09:24,581 [ERROR] ConditionMgr:805 - Attr not supported : Dmpu
2026-06-03 06:09:24,581 [ERROR] ConditionMgr:805 - Attr not supported : Dmpu
2026-06-03 06:09:24,581 [ERROR] ConditionMgr:805 - Attr not supported : Dmpu
2026-06-03 06:09:24,582 [ERROR] ConditionMgr:805 - Attr not supported : Dmpu
2026-06-03 06:09:24,582 [ERROR] ConditionMgr:805 - Attr not supported : Dmpu
2026-06-03 06:09:24,582 [ERROR] ConditionMgr:805 - Attr not supported : Dmpu
2026-06-03 06:09:24,582 [ERROR] ConditionMgr:805 - Attr not supported : Dmpu
2026-06-03 06:09:24,582 [ERROR] ConditionMgr:805 - Attr not supported : Dmpu
2026-06-03 06:09:24,582 [ERROR] ConditionMgr:805 - Attr not supported : Dmpu
2026-06-03 06:09:24,583 [ERROR] ConditionMgr:805 - Attr not supported : Dmpu
2026-06-03 06:09:24,583 [ERROR] ConditionMgr:805 - Attr not supported : Dmpu
2026-06-03 06:09:24,583 [ERROR] ConditionMgr:805 - Attr not supported : Dmpu
2026-06-03 06:09:24,583 [ERROR] ConditionMgr:805 - Attr not supported : Dmpu
2026-06-03 06:09:24,584 [ERROR] ConditionMgr:805 - Attr not supported : Dmpu
2026-06-03 06:09:24,584 [ERROR] ConditionMgr:805 - Attr not supported : Dmpu
2026-06-03 06:09:24,584 [ERROR] ConditionMgr:805 - Attr not supported : Dmpu
2026-06-03 06:09:24,584 [ERROR] ConditionMgr:805 - Attr not supported : Dmpu
2026-06-03 06:09:24,584 [ERROR] ConditionMgr:805 - Attr not supported : Dmpu
2026-06-03 06:09:24,585 [ERROR] ConditionMgr:805 - Attr not supported : Dmpu
2026-06-03 06:09:24,585 [ERROR] ConditionMgr:805 - Attr not supported : Dmpu
2026-06-03 06:09:24,585 [ERROR] ConditionMgr:805 - Attr not supported : Dmpu
2026-06-03 06:09:24,585 [ERROR] ConditionMgr:805 - Attr not supported : Dmpu
2026-06-03 06:09:24,585 [ERROR] ConditionMgr:805 - Attr not supported : Dmpu
2026-06-03 06:09:24,586 [ERROR] ConditionMgr:805 - Attr not supported : Dmpu
2026-06-03 06:09:24,586 [ERROR] ConditionMgr:805 - Attr not supported : Dmpu
2026-06-03 06:09:24,586 [ERROR] ConditionMgr:805 - Attr not supported : Dmpu
2026-06-03 06:09:24,586 [ERROR] ConditionMgr:805 - Attr not supported : Dmpu
2026-06-03 06:09:24,586 [ERROR] ConditionMgr:805 - Attr not supported : Dmpu
2026-06-03 06:09:24,586 [ERROR] ConditionMgr:805 - Attr not supported : Dmpu
2026-06-03 06:09:24,586 [ERROR] ConditionMgr:805 - Attr not supported : Dmpu
2026-06-03 06:09:24,586 [ERROR] ConditionMgr:805 - Attr not supported : Dmpu
2026-06-03 06:09:24,586 [ERROR] ConditionMgr:805 - Attr not supported : Dmpu
2026-06-03 06:09:24,586 [ERROR] ConditionMgr:805 - Attr not supported : Dmpu
2026-06-03 06:09:24,587 [ERROR] ConditionMgr:805 - Attr not supported : Dmpu
2026-06-03 06:09:24,587 [ERROR] ConditionMgr:805 - Attr not supported : Dmpu
2026-06-03 06:09:24,587 [ERROR] ConditionMgr:805 - Attr not supported : Dmpu
2026-06-03 06:09:24,587 [ERROR] ConditionMgr:805 - Attr not supported : Dmpu
2026-06-03 06:09:24,587 [ERROR] ConditionMgr:805 - Attr not supported : Dmpu
2026-06-03 06:09:24,588 [ERROR] ConditionMgr:805 - Attr not supported : Dmpu
2026-06-03 06:09:24,588 [ERROR] ConditionMgr:805 - Attr not supported : Dmpu
2026-06-03 06:09:24,588 [ERROR] ConditionMgr:805 - Attr not supported : Dmpu
2026-06-03 06:09:24,588 [ERROR] ConditionMgr:805 - Attr not supported : Dmpu
2026-06-03 06:09:24,588 [ERROR] ConditionMgr:805 - Attr not supported : Dmpu
2026-06-03 06:09:24,589 [ERROR] ConditionMgr:805 - Attr not supported : Dmpu
2026-06-03 06:09:24,589 [ERROR] ConditionMgr:805 - Attr not supported : Dmpu
2026-06-03 06:09:24,589 [ERROR] ConditionMgr:805 - Attr not supported : Dmpu
2026-06-03 06:09:24,589 [ERROR] ConditionMgr:805 - Attr not supported : Dmpu
2026-06-03 06:09:24,590 [ERROR] ConditionMgr:805 - Attr not supported : Dmpu
2026-06-03 06:09:24,590 [ERROR] ConditionMgr:805 - Attr not supported : Dmpu
2026-06-03 06:09:24,590 [ERROR] ConditionMgr:805 - Attr not supported : Dmpu
2026-06-03 06:09:24,590 [ERROR] ConditionMgr:805 - Attr not supported : Dmpu
2026-06-03 06:09:24,591 [ERROR] ConditionMgr:805 - Attr not supported : Dmpu
2026-06-03 06:09:24,591 [ERROR] ConditionMgr:805 - Attr not supported : Dmpu
2026-06-03 06:09:24,592 [ERROR] ConditionMgr:805 - Attr not supported : Dmpu
2026-06-03 06:09:24,592 [ERROR] ConditionMgr:805 - Attr not supported : Dmpu
2026-06-03 06:09:24,592 [ERROR] ConditionMgr:805 - Attr not supported : Dmpu
2026-06-03 06:09:24,592 [ERROR] ConditionMgr:805 - Attr not supported : Dmpu
2026-06-03 06:09:24,593 [ERROR] ConditionMgr:805 - Attr not supported : Dmpu
2026-06-03 06:09:24,593 [ERROR] ConditionMgr:805 - Attr not supported : Dmpu
2026-06-03 06:09:24,593 [ERROR] ConditionMgr:805 - Attr not supported : Dmpu
2026-06-03 06:09:24,593 [ERROR] ConditionMgr:805 - Attr not supported : Dmpu
2026-06-03 06:09:24,599 [INFO] WebApp:448 - Apply proxy settings
2026-06-03 06:09:24,600 [INFO] WebApp:533 - Chromium requires no authentication
2026-06-03 06:09:24,612 [WARN] PackLoader:240 - Cannot read IP mode file for STMicroelectronics.X-CUBE-WB05N.2.0.0
2026-06-03 06:09:24,619 [ERROR] Engine:466 - C:\Users\Admin\.stm32cubemx\thirdparties\pdsc\STMicroelectronics.X-CUBE-TCPP.4.2.0.pdsc: PDSC version is not supported
2026-06-03 06:09:24,627 [INFO] WebApp:476 - Direct internet connection detected
2026-06-03 06:09:24,630 [WARN] PackLoader:240 - Cannot read IP mode file for RealThread.X-CUBE-RT-Thread_Nano.4.1.1
2026-06-03 06:09:24,637 [WARN] PackLoader:240 - Cannot read IP mode file for STMicroelectronics.FP-ATR-SIGFOX1.3.2.0
2026-06-03 06:09:24,645 [WARN] PackLoader:240 - Cannot read IP mode file for wolfSSL.I-CUBE-wolfSSL.5.7.2
2026-06-03 06:09:24,653 [WARN] ConditionMgr:438 - getConditionDescription Invalid condition id : Cortex-A Device cause : null
2026-06-03 06:09:24,685 [INFO] WebApp:869 - Register for checkConnection events
2026-06-03 06:09:24,685 [INFO] WebApp:448 - Apply proxy settings
2026-06-03 06:09:24,685 [INFO] WebApp:533 - Chromium requires no authentication
2026-06-03 06:09:24,686 [INFO] WebApp:476 - Direct internet connection detected
2026-06-03 06:09:24,701 [WARN] ConditionMgr:1039 - genDependencies : Invalid condition id : Cortex-A Device cause : null
2026-06-03 06:09:24,702 [WARN] ConditionMgr:1039 - genDependencies : Invalid condition id : Cortex-A Device cause : null
2026-06-03 06:09:24,702 [WARN] ConditionMgr:1039 - genDependencies : Invalid condition id : Cortex-A Device cause : null
2026-06-03 06:09:24,711 [WARN] PackLoader:240 - Cannot read IP mode file for STMicroelectronics.X-CUBE-EEPRMA1.5.1.0
2026-06-03 06:09:24,718 [ERROR] Engine:466 - C:\Users\Admin\.stm32cubemx\thirdparties\pdsc\STMicroelectronics.X-CUBE-FREERTOS.1.5.0.pdsc: PDSC version is not supported
2026-06-03 06:09:24,728 [WARN] PackLoader:240 - Cannot read IP mode file for ITTIA_DB.I-CUBE-ITTIADB.8.9.0
2026-06-03 06:09:24,739 [WARN] PackLoader:240 - Cannot read IP mode file for STMicroelectronics.X-CUBE-NFC6.3.2.0
2026-06-03 06:09:24,746 [ERROR] Engine:466 - C:\Users\Admin\.stm32cubemx\thirdparties\pdsc\STMicroelectronics.X-CUBE-ST67W61.1.0.0.pdsc: PDSC version is not supported
2026-06-03 06:09:24,750 [WARN] PackLoader:240 - Cannot read IP mode file for STMicroelectronics.X-CUBE-AI.10.2.0
2026-06-03 06:09:24,816 [WARN] PackLoader:240 - Cannot read IP mode file for STMicroelectronics.X-CUBE-MEMS1.12.1.0
2026-06-03 06:09:24,902 [INFO] WebApp:186 - Connection restablished
2026-06-03 06:09:25,068 [WARN] PackLoader:240 - Cannot read IP mode file for SEGGER.I-CUBE-embOS.1.3.1
2026-06-03 06:09:25,113 [INFO] WebApp:220 - Starting web application
2026-06-03 06:09:25,113 [INFO] WebApp:578 - Web application path used C:\ST\STM32CubeIDE_1.16.0\STM32CubeIDE\plugins\com.st.stm32cube.common.mx_6.12.0.202406281431\db\plugins\mcufinder\reactClient1\index.html
2026-06-03 06:09:25,139 [WARN] PackLoader:240 - Cannot read IP mode file for STMicroelectronics.X-CUBE-ALGOBUILD.1.4.0
2026-06-03 06:09:25,274 [WARN] PackLoader:240 - Cannot read IP mode file for STMicroelectronics.X-CUBE-MEMS1.11.3.0
2026-06-03 06:09:25,376 [INFO] UserAuth:417 - Internet connection configuration mode: 1
2026-06-03 06:09:25,645 [WARN] PackLoader:240 - Cannot read IP mode file for STMicroelectronics.X-CUBE-AI.9.1.0
2026-06-03 06:09:25,654 [WARN] PackLoader:240 - Cannot read IP mode file for STMicroelectronics.X-CUBE-PM33A1.1.0.0
2026-06-03 06:09:25,662 [WARN] PackLoader:240 - Cannot read IP mode file for STMicroelectronics.X-CUBE-GNSS1.6.0.0
2026-06-03 06:09:25,716 [WARN] PackLoader:240 - Cannot read IP mode file for STMicroelectronics.X-CUBE-AZRTOS-F4.1.1.0
2026-06-03 06:09:25,727 [ERROR] Engine:466 - C:\Users\Admin\.stm32cubemx\thirdparties\pdsc\Avnet-IotConnect.X-CUBE-IoTC-DA16k-PMOD.1.0.0.pdsc: PDSC version is not supported
2026-06-03 06:09:25,734 [WARN] PackLoader:240 - Cannot read IP mode file for STMicroelectronics.X-CUBE-ISPU.2.1.0
2026-06-03 06:09:25,746 [ERROR] Engine:466 - C:\Users\Admin\.stm32cubemx\thirdparties\pdsc\STMicroelectronics.X-CUBE-IPS.3.2.0.pdsc: PDSC version is not supported
2026-06-03 06:09:25,754 [WARN] PackLoader:240 - Cannot read IP mode file for STMicroelectronics.X-CUBE-FREERTOS.1.2.0
2026-06-03 06:09:25,768 [WARN] PackLoader:240 - Cannot read IP mode file for STMicroelectronics.X-CUBE-NFC12.1.0.0
2026-06-03 06:09:25,800 [WARN] PackLoader:240 - Cannot read IP mode file for STMicroelectronics.X-CUBE-AZRTOS-L5.2.0.0
2026-06-03 06:09:25,813 [WARN] PackLoader:240 - Cannot read IP mode file for STMicroelectronics.X-CUBE-NFC6.3.1.0
2026-06-03 06:09:25,831 [WARN] PackLoader:240 - Cannot read IP mode file for STMicroelectronics.X-CUBE-ALGOBUILD.1.5.0
2026-06-03 06:09:25,847 [WARN] PackLoader:240 - Cannot read IP mode file for STMicroelectronics.X-CUBE-DPower.1.2.0
2026-06-03 06:09:25,855 [WARN] PackLoader:240 - Cannot read IP mode file for STMicroelectronics.X-CUBE-AI.9.0.0
2026-06-03 06:09:25,861 [ERROR] Engine:466 - C:\Users\Admin\.stm32cubemx\thirdparties\pdsc\STMicroelectronics.X-CUBE-ST67W61.1.3.0.pdsc: PDSC version is not supported
2026-06-03 06:09:25,870 [WARN] PackLoader:240 - Cannot read IP mode file for STMicroelectronics.X-CUBE-FREERTOS.1.3.1
2026-06-03 06:09:25,880 [WARN] PackLoader:240 - Cannot read IP mode file for STMicroelectronics.X-CUBE-FREERTOS.1.3.0
2026-06-03 06:09:25,890 [WARN] PackLoader:240 - Cannot read IP mode file for STMicroelectronics.X-CUBE-NFC7.1.0.1
2026-06-03 06:09:25,901 [WARN] PackLoader:240 - Cannot read IP mode file for STMicroelectronics.X-CUBE-TOUCHGFX.4.26.0
2026-06-03 06:09:25,907 [WARN] PackLoader:240 - Cannot read IP mode file for STMicroelectronics.X-CUBE-TOUCHGFX.4.26.1
2026-06-03 06:09:25,911 [ERROR] Engine:466 - C:\Users\Admin\.stm32cubemx\thirdparties\pdsc\STMicroelectronics.FP-SNS-STAIOTCFT.1.0.0.pdsc: PDSC version is not supported
2026-06-03 06:09:25,918 [WARN] PackLoader:240 - Cannot read IP mode file for STMicroelectronics.X-CUBE-DPower.1.3.0
2026-06-03 06:09:25,962 [WARN] ConditionMgr:438 - getConditionDescription Invalid condition id : LAN8742 Phy interface Condition cause : null
2026-06-03 06:09:25,962 [WARN] PackLoader:240 - Cannot read IP mode file for STMicroelectronics.X-CUBE-AZRTOS-L4.2.0.0
2026-06-03 06:09:25,965 [WARN] ConditionMgr:1039 - genDependencies : Invalid condition id : LAN8742 Phy interface Condition cause : null
2026-06-03 06:09:25,966 [WARN] ConditionMgr:1039 - genDependencies : Invalid condition id : LAN8742 Phy interface Condition cause : null
2026-06-03 06:09:25,966 [WARN] ConditionMgr:1039 - genDependencies : Invalid condition id : LAN8742 Phy interface Condition cause : null
2026-06-03 06:09:25,978 [WARN] PackLoader:240 - Cannot read IP mode file for STMicroelectronics.X-CUBE-SFXS2LP1.4.0.0
2026-06-03 06:09:25,986 [WARN] PackLoader:240 - Cannot read IP mode file for STMicroelectronics.X-CUBE-WB05N.2.1.0
2026-06-03 06:09:25,992 [ERROR] Engine:466 - C:\Users\Admin\.stm32cubemx\thirdparties\pdsc\STMicroelectronics.X-CUBE-ST67W61.1.2.0.pdsc: PDSC version is not supported
2026-06-03 06:09:26,021 [WARN] PackLoader:240 - Cannot read IP mode file for STMicroelectronics.X-CUBE-AZRTOS-H7.3.3.0
2026-06-03 06:09:26,031 [ERROR] Engine:466 - C:\Users\Admin\.stm32cubemx\thirdparties\pdsc\STMicroelectronics.X-CUBE-BLEMGR.4.1.0.pdsc: PDSC version is not supported
2026-06-03 06:09:26,054 [WARN] PackLoader:240 - Cannot read IP mode file for STMicroelectronics.X-CUBE-IPS.3.0.0
2026-06-03 06:09:26,101 [WARN] ConditionMgr:438 - getConditionDescription Invalid condition id : UX DEVICE CLASS RTOS Condition cause : null
2026-06-03 06:09:26,102 [WARN] ConditionMgr:438 - getConditionDescription Invalid condition id : UX DEVICE CLASS RTOS Condition cause : null
2026-06-03 06:09:26,107 [WARN] PackLoader:240 - Cannot read IP mode file for STMicroelectronics.X-CUBE-AZRTOS-WB.2.0.0
2026-06-03 06:09:26,109 [WARN] ConditionMgr:1039 - genDependencies : Invalid condition id : UX DEVICE CLASS RTOS Condition cause : null
2026-06-03 06:09:26,109 [WARN] ConditionMgr:1039 - genDependencies : Invalid condition id : UX DEVICE CLASS RTOS Condition cause : null
2026-06-03 06:09:26,110 [WARN] ConditionMgr:1039 - genDependencies : Invalid condition id : UX DEVICE CLASS RTOS Condition cause : null
2026-06-03 06:09:26,112 [WARN] ConditionMgr:1039 - genDependencies : Invalid condition id : UX DEVICE CLASS RTOS Condition cause : null
2026-06-03 06:09:26,118 [WARN] ConditionMgr:1039 - genDependencies : Invalid condition id : UX DEVICE CLASS RTOS Condition cause : null
2026-06-03 06:09:26,125 [WARN] PackLoader:240 - Cannot read IP mode file for STMicroelectronics.X-CUBE-GNSS1.7.0.0
2026-06-03 06:09:26,132 [WARN] PackLoader:240 - Cannot read IP mode file for STMicroelectronics.X-CUBE-GNSS1.7.0.1
2026-06-03 06:09:26,139 [WARN] PackLoader:240 - Cannot read IP mode file for STMicroelectronics.X-CUBE-TOUCHGFX.4.25.0
2026-06-03 06:09:26,150 [WARN] PackLoader:240 - Cannot read IP mode file for STMicroelectronics.FP-SNS-STBOX1.2.0.0
2026-06-03 06:09:26,167 [WARN] PackLoader:240 - Cannot read IP mode file for STMicroelectronics.X-CUBE-STSE01.2.0.0
2026-06-03 06:09:26,204 [WARN] PackLoader:240 - Cannot read IP mode file for STMicroelectronics.X-CUBE-SUBG2.5.0.0
2026-06-03 06:09:26,241 [WARN] PackLoader:240 - Cannot read IP mode file for STMicroelectronics.X-CUBE-AZRTOS-H7RS.1.1.0
2026-06-03 06:09:26,252 [WARN] PackLoader:240 - Cannot read IP mode file for Cesanta.I-CUBE-Mongoose.7.13.0
2026-06-03 06:09:26,272 [WARN] PackLoader:240 - Cannot read IP mode file for STMicroelectronics.X-CUBE-AZRTOS-G4.2.0.0
2026-06-03 06:09:26,283 [WARN] PackLoader:240 - Cannot read IP mode file for STMicroelectronics.X-CUBE-NFC7.2.0.0
2026-06-03 06:09:26,291 [WARN] PackLoader:240 - Cannot read IP mode file for STMicroelectronics.X-CUBE-ISPU.2.0.0
2026-06-03 06:09:26,303 [ERROR] Engine:466 - C:\Users\Admin\.stm32cubemx\thirdparties\pdsc\STMicroelectronics.X-CUBE-IPS.3.1.0.pdsc: PDSC version is not supported
2026-06-03 06:09:26,324 [WARN] PackLoader:240 - Cannot read IP mode file for STMicroelectronics.X-CUBE-ALS.1.0.2
2026-06-03 06:09:26,330 [WARN] PackLoader:240 - Cannot read IP mode file for STMicroelectronics.X-CUBE-TOUCHGFX.4.24.0
2026-06-03 06:09:26,336 [WARN] PackLoader:240 - Cannot read IP mode file for STMicroelectronics.X-CUBE-TOUCHGFX.4.24.2
2026-06-03 06:09:26,341 [WARN] PackLoader:240 - Cannot read IP mode file for STMicroelectronics.X-CUBE-TOUCHGFX.4.24.1
2026-06-03 06:09:26,350 [WARN] PackLoader:240 - Cannot read IP mode file for STMicroelectronics.X-CUBE-STSE01.1.0.0
2026-06-03 06:09:26,358 [WARN] PackLoader:240 - Cannot read IP mode file for wolfSSL.I-CUBE-wolfTPM.3.4.0
2026-06-03 06:09:26,367 [WARN] PackLoader:240 - Cannot read IP mode file for portGmbH.I-Cube-SoM-uGOAL.1.1.0
2026-06-03 06:09:26,403 [WARN] PackLoader:240 - Cannot read IP mode file for STMicroelectronics.X-CUBE-AZRTOS-H7RS.1.0.0
2026-06-03 06:09:26,411 [WARN] PackLoader:240 - Cannot read IP mode file for STMicroelectronics.FP-ATR-ASTRA1.2.0.0
2026-06-03 06:09:26,465 [WARN] PackLoader:240 - Cannot read IP mode file for STMicroelectronics.X-CUBE-TOF1.3.4.2
2026-06-03 06:09:26,491 [ERROR] Engine:466 - C:\Users\Admin\.stm32cubemx\thirdparties\pdsc\STMicroelectronics.X-CUBE-TOF1.3.4.3.pdsc: PDSC version is not supported
2026-06-03 06:09:26,524 [WARN] PackLoader:240 - Cannot read IP mode file for Infineon.AIROC-Wi-Fi-Bluetooth-STM32.1.6.1
2026-06-03 06:09:26,535 [WARN] PackLoader:240 - Cannot read IP mode file for wolfSSL.I-CUBE-wolfSSH.1.4.17
2026-06-03 06:09:26,536 [INFO] ThirdParty:978 - Integrity check success = true
2026-06-03 06:09:26,536 [INFO] IntegrityCheckThread:100 - exiting critical section [integrity check]
2026-06-03 06:09:26,536 [INFO] IntegrityCheckThread:103 - End integrity checks thread
2026-06-03 06:09:29,664 [INFO] McuFinderGlobals:63 - Set McuFinder mode to 2 (CubeIDE integrated)
2026-06-03 06:09:29,705 [INFO] MainUpdater:2873 - connection check result : 10
2026-06-03 06:09:29,748 [INFO] McuFinderGlobals:76 - Set McuFinderConnectedMode to true
2026-06-03 06:09:30,093 [INFO] ServerAccessManage:473 - Download File mcusAds.json._tmp_
2026-06-03 06:09:30,239 [INFO] LoadUrlFilesThread:156 - End of LoadUrlFiles Thread
2026-06-03 06:09:30,627 [INFO] ServerAccessManage:473 - Download File cube-finder-db.zip
2026-06-03 06:09:32,450 [INFO] FileExtend:240 - Unzip File : cube-finder-db.zip
2026-06-03 06:09:32,450 [INFO] FileExtend:255 - Standard Zip Deflate
2026-06-03 06:09:33,978 [INFO] LoadUrlFilesThread:156 - End of LoadUrlFiles Thread
2026-06-03 06:09:35,287 [INFO] ServerAccessManage:473 - Download File crdb.zip
2026-06-03 06:09:37,133 [INFO] FileExtend:240 - Unzip File : crdb.zip
2026-06-03 06:09:37,135 [INFO] FileExtend:255 - Standard Zip Deflate
2026-06-03 06:09:37,307 [INFO] LoadUrlFilesThread:156 - End of LoadUrlFiles Thread
2026-06-03 06:09:37,569 [INFO] ServerAccessManage:473 - Download File tutoVideoDB.zip
2026-06-03 06:09:37,649 [INFO] FileExtend:240 - Unzip File : tutoVideoDB.zip
2026-06-03 06:09:37,649 [INFO] FileExtend:255 - Standard Zip Deflate
2026-06-03 06:09:37,784 [INFO] LoadUrlFilesThread:156 - End of LoadUrlFiles Thread
2026-06-03 06:09:37,786 [WARN] DbFile:41 - Overriding database path with different value: C:\Users\Admin\.stmcufinder\plugins\mcufinder/ => C:\Users\Admin\.stmcufinder\plugins\mcufinder
2026-06-03 06:09:38,760 [ERROR] ServerAccessManage:1089 - Problem, file not found on Server
2026-06-03 06:09:38,779 [ERROR] ServerAccessManage:651 - Problem, file not found on Server : api_config.json.
2026-06-03 06:09:42,893 [INFO] LoadUrlFilesThread:156 - End of LoadUrlFiles Thread
2026-06-03 06:09:44,019 [INFO] DbMcusAds:53 - JSON generation date=Thu May 28 23:08:17 GMT+07:00 2026 (1779984497073)
2026-06-03 06:09:44,055 [ERROR] TargetSelectorAdapter:267 - Unable to refresh data
2026-06-03 06:09:44,853 [INFO] ApiDb:581 - Connected to CubeFinder SQLite database (C:\Users\Admin\.stmcufinder\plugins\mcufinder\mcu\cube-finder-db.db)
2026-06-03 06:09:45,097 [INFO] ApiDb:668 - CubeFinder database Data Model version=2.1
2026-06-03 06:09:45,097 [INFO] ApiDb:669 - CubeFinder database Configuration version=3.0.42
2026-06-03 06:09:45,097 [INFO] ApiDb:670 - CubeFinder database generation date=2026-05-06 (1778060171)
2026-06-03 06:09:45,097 [INFO] ApiDb:671 - CubeFinder database FW Pack versions=[FP-ATR-ASTRA1_V2.0.0, FP-SNS-FLIGHT1_V5.1.0, FP-SNS-MOTENV1_V5.1.0, FP-SNS-MOTENVWB1_V1.5.0, FP-SNS-SMARTAG2_V1.2.0, FP-SNS-STBOX1_V2.1.0, STM32Cube_FW_C0_V1.4.0, STM32Cube_FW_F4_V1.28.3, STM32Cube_FW_F7_V1.17.4, STM32Cube_FW_G0_V1.6.3, STM32Cube_FW_G4_V1.6.2, STM32Cube_FW_H5_V1.6.0, STM32Cube_FW_H7RS_V1.3.0, STM32Cube_FW_H7_V1.13.0, STM32Cube_FW_L0_V1.12.2, STM32Cube_FW_L4_V1.18.2, STM32Cube_FW_L5_V1.6.0, STM32Cube_FW_N6_V1.3.0, STM32Cube_FW_U0_V1.3.0, STM32Cube_FW_U3_V1.3.0, STM32Cube_FW_U5_V1.8.0, STM32Cube_FW_WB0_V1.4.0, STM32Cube_FW_WBA_V1.9.0, STM32Cube_FW_WB_V1.24.0, STM32Cube_FW_WL3_V1.4.0, STM32Cube_FW_WL_V1.5.0, X-CUBE-ALGOBUILD_V1.4.0, X-CUBE-ALS_V1.0.2, X-CUBE-AZRTOS-F4_V1.1.0, X-CUBE-AZRTOS-F7_V1.1.0, X-CUBE-AZRTOS-G0_V1.1.0, X-CUBE-AZRTOS-G4_V2.0.0, X-CUBE-AZRTOS-H7RS_V1.1.0, X-CUBE-AZRTOS-H7_V3.5.0, X-CUBE-AZRTOS-L4_V2.0.0, X-CUBE-AZRTOS-L5_V2.0.0, X-CUBE-AZRTOS-WB_V2.0.0, X-CUBE-AZRTOS-WL_V2.0.0, X-CUBE-BLE1_V7.1.0, X-CUBE-BLE2_V3.3.0, X-CUBE-BLEMGR_V4.1.0, X-CUBE-EEPRMA1_V5.2.0, X-CUBE-FREERTOS_V1.5.0, X-CUBE-GNSS1_V6.0.0, X-CUBE-MEMS1_V12.0.0, X-CUBE-NFC4_V3.0.0, X-CUBE-NFC7_V2.0.0, X-CUBE-SFXS2LP1_V4.0.0, X-CUBE-ST67W61_V1.2.0, X-CUBE-SUBG2_V5.0.0, X-CUBE-TOF1_V3.4.3]
2026-06-03 06:09:45,186 [INFO] DbBoardsSqlite:226 - include board P-NUCLEO-WB55-NUCLEO as a kit item of type 'Nucleo-64'
2026-06-03 06:09:45,187 [INFO] DbBoardsSqlite:226 - include board P-NUCLEO-WB55-USBDONGLE as a kit item of type 'Nucleo USB Dongle'
2026-06-03 06:09:45,187 [INFO] DbBoardsSqlite:226 - include board STEVAL-IDP005V1 as a kit item of type 'Evaluation Board'
2026-06-03 06:09:45,187 [INFO] DbBoardsSqlite:226 - include board STEVAL-IDP005V2 as a kit item of type 'Evaluation Board'
2026-06-03 06:09:45,291 [INFO] ApiDb:240 - Found 646 in-development CPN: [B-G473E-ZEST1S, B-WB1M-WPAN1, B-WL5M-SUBG1, NUCLEO-C031C6, NUCLEO-C071RB, NUCLEO-H503RB, NUCLEO-H533RE, NUCLEO-H563ZI, NUCLEO-H7S3L8, NUCLEO-U031R8, NUCLEO-U083RC, NUCLEO-U545RE-Q, NUCLEO-U5A5ZJ-Q, NUCLEO-WB05KZ, NUCLEO-WB07CC, NUCLEO-WB09KE, NUCLEO-WBA52CG, NUCLEO-WBA55CG, STEVAL-PROTEUS1, STEVAL-SMARTAG2, STEVAL-STWINBX1, STM320518-EVAL, STM32C0116-DK, STM32C011D6Y3TR, STM32C011D6Y6TR, STM32C011F4P3, STM32C011F4P6, STM32C011F4U3, STM32C011F4U6TR, STM32C011F6P3, STM32C011F6P6, STM32C011F6U3, STM32C011F6U6TR, STM32C011J4M3, STM32C011J4M6, STM32C011J6M3, STM32C011J6M6, STM32C0316-DK, STM32C031C4T3, STM32C031C4T6, STM32C031C4U3, STM32C031C4U6, STM32C031C6T3, STM32C031C6T6, STM32C031C6U3, STM32C031C6U6, STM32C031F4P3, STM32C031F4P6, STM32C031F6P3, STM32C031F6P6, STM32C031G4U3, STM32C031G4U6, STM32C031G6U3, STM32C031G6U6, STM32C031K4T3, STM32C031K4T6, STM32C031K4U3, STM32C031K4U6, STM32C031K6T3, STM32C031K6T6, STM32C031K6U3, STM32C031K6U6, STM32C071C8T6, STM32C071C8T6N, STM32C071C8U6, STM32C071C8U6N, STM32C071CBT6, STM32C071CBT6N, STM32C071CBU6, STM32C071CBU6N, STM32C071F8P6, STM32C071F8P6N, STM32C071FBP6, STM32C071FBP6N, STM32C071FBY6TR, STM32C071G8U6, STM32C071G8U6N, STM32C071GBU6, STM32C071GBU6N, STM32C071K8T6, STM32C071K8T6N, STM32C071K8U6, STM32C071K8U6N, STM32C071KBT6, STM32C071KBT6N, STM32C071KBU6, STM32C071KBU6N, STM32C071R8T6, STM32C071R8T6N, STM32C071RBI6N, STM32C071RBT6, STM32C071RBT6N, STM32G071K8TXN, STM32G071K8UXN, STM32G081GBU6N, STM32G081KBT6N, STM32G081KBUXN, STM32G0B1CCT6N, STM32G0B1KCT6, STM32G0B1NEY6TR, STM32G0B1RCT6N, STM32G0C1CCT6, STM32G0C1CCT6N, STM32G0C1CCU6N, STM32G0C1CET6N, STM32G0C1CEU6N, STM32G0C1KCT6, STM32G0C1NEY6TR, STM32G0C1RCI6N, STM32G0C1RCT6N, STM32G0C1REI6N, STM32G0C1RET6N, STM32G0C1VCI6, STM32G0C1VEI6, STM32G411C6T3, STM32G411C6T6, STM32G411C6U3, STM32G411C6U6, STM32G411C8T3, STM32G411C8T6, STM32G411C8U3, STM32G411C8U6, STM32G411CBT3, STM32G411CBT6, STM32G411CBU3, STM32G411CBU6, STM32G411K6T3, STM32G411K6T6, STM32G411K6U3, STM32G411K6U6, STM32G411K8T3, STM32G411K8T6, STM32G411K8U3, STM32G411K8U6, STM32G411KBT3, STM32G411KBT6, STM32G411KBU3, STM32G411KBU6, STM32G411M6T3, STM32G411M6T6, STM32G411M8T3, STM32G411M8T6, STM32G411MBT3, STM32G411MBT6, STM32G411R6T3, STM32G411R6T6, STM32G411R8T3, STM32G411R8T6, STM32G411RBT3, STM32G411RBT6, STM32G414CBT3, STM32G414CBT6, STM32G414CBU3, STM32G414CBU6, STM32G414CCT3, STM32G414CCT6, STM32G414CCU3, STM32G414CCU6, STM32G414MBT3, STM32G414MBT6, STM32G414MCT3, STM32G414MCT6, STM32G414RBT3, STM32G414RBT6, STM32G414RCT3, STM32G414RCT6, STM32G414VBT3, STM32G414VBT6, STM32G414VCT3, STM32G414VCT6, STM32G431CBT3Z, STM32G431RBT3Z, STM32G471CCT6, STM32G471CCU6, STM32G471CET3, STM32G471CET6, STM32G471CEU3, STM32G471CEU6, STM32G471MCT6, STM32G471MET3, STM32G471MET6, STM32G471MEY6TR, STM32G471QCT6, STM32G471QET3, STM32G471RCT6, STM32G471RET3, STM32G471RET6, STM32G471VCH6, STM32G471VCI6, STM32G471VCT6, STM32G471VEH3, STM32G471VEH6, STM32G471VEI3, STM32G471VEI6, STM32G471VET3, STM32G471VET6, STM32G473QET3Z, STM32G473RET3Z, STM32G474CCT6, STM32G491RET3Z, STM32H503CBT6, STM32H503CBU6, STM32H503EBY6TR, STM32H503KBU6, STM32H503RBT6, STM32H523CCT6, STM32H523CCU6, STM32H523CET6, STM32H523CEU6, STM32H523HEY6TR, STM32H523RCT6, STM32H523RET6, STM32H523VCI6, STM32H523VCT6, STM32H523VEI6, STM32H523VET6, STM32H523ZCJ6, STM32H523ZCT6, STM32H523ZEJ6, STM32H523ZET6, STM32H533CET6, STM32H533CEU6, STM32H533HEY6TR, STM32H533RET6, STM32H533VEI6, STM32H533VET6, STM32H533ZEJ6, STM32H533ZET6, STM32H562AGI6, STM32H562AII6, STM32H562IGK6, STM32H562IGT6, STM32H562IIK6, STM32H562IIT6, STM32H562RGT6, STM32H562RGV6, STM32H562RIT6, STM32H562RIV6, STM32H562VGT6, STM32H562VIT6, STM32H562ZGT6, STM32H562ZIT6, STM32H563AGI6, STM32H563AII3Q, STM32H563AII6, STM32H563IGK6, STM32H563IGT6, STM32H563IIK3Q, STM32H563IIK6, STM32H563IIT3Q, STM32H563IIT6, STM32H563MIY3QTR, STM32H563RGT6, STM32H563RGV6, STM32H563RIT6, STM32H563RIV6, STM32H563VGT6, STM32H563VIT3Q, STM32H563VIT6, STM32H563ZGT6, STM32H563ZIT3Q, STM32H563ZIT6, STM32H573AII3Q, STM32H573AII6, STM32H573I-DK, STM32H573IIK3Q, STM32H573IIK6, STM32H573IIT3Q, STM32H573IIT6, STM32H573MIY3QTR, STM32H573RIT6, STM32H573RIV6, STM32H573VIT3Q, STM32H573VIT6, STM32H573ZIT3Q, STM32H573ZIT6, STM32H7R3A8I6, STM32H7R3I8K6, STM32H7R3I8T6, STM32H7R3L8H6, STM32H7R3L8H6H, STM32H7R3R8V6, STM32H7R3V8H6, STM32H7R3V8T6, STM32H7R3V8Y6TR, STM32H7R3Z8J6, STM32H7R3Z8T6, STM32H7R7A8I6, STM32H7R7I8K6, STM32H7R7I8T6, STM32H7R7L8H6, STM32H7R7L8H6H, STM32H7R7Z8J6, STM32H7S3A8I6, STM32H7S3I8K6, STM32H7S3I8T6, STM32H7S3L8H6, STM32H7S3L8H6H, STM32H7S3R8V6, STM32H7S3V8H6, STM32H7S3V8T6, STM32H7S3V8Y6TR, STM32H7S3Z8J6, STM32H7S3Z8T6, STM32H7S78-DK, STM32H7S7A8I6, STM32H7S7I8K6, STM32H7S7I8T6, STM32H7S7L8H6, STM32H7S7L8H6H, STM32H7S7Z8J6, STM32L4R5QGI6STR, STM32MP131AAE3, STM32MP131AAF3, STM32MP131AAG3, STM32MP131CAE3, STM32MP131CAF3, STM32MP131CAG3, STM32MP131DAE7, STM32MP131DAF7, STM32MP131DAG7, STM32MP131FAE7, STM32MP131FAF7, STM32MP131FAG7, STM32MP133AAE3, STM32MP133AAF3, STM32MP133AAG3, STM32MP133CAE3, STM32MP133CAF3, STM32MP133CAG3, STM32MP133DAE7, STM32MP133DAF7, STM32MP133DAG7, STM32MP133FAE7, STM32MP133FAF7, STM32MP133FAG7, STM32MP135AAE3, STM32MP135AAF3, STM32MP135AAG3, STM32MP135CAE3, STM32MP135CAF3, STM32MP135CAG3, STM32MP135DAE7, STM32MP135DAF7, STM32MP135DAG7, STM32MP135F-DK, STM32MP135FAE7, STM32MP135FAF7, STM32MP135FAF7T, STM32MP135FAF7U, STM32MP135FAG7, STM32MP251AAI3, STM32MP251AAK3, STM32MP251AAL3, STM32MP251CAI3, STM32MP251CAK3, STM32MP251CAL3, STM32MP251DAI3, STM32MP251DAK3, STM32MP251DAL3, STM32MP251FAI3, STM32MP251FAK3, STM32MP251FAL3, STM32MP253AAI3, STM32MP253AAK3, STM32MP253AAL3, STM32MP253CAI3, STM32MP253CAK3, STM32MP253CAL3, STM32MP253DAI3, STM32MP253DAK3, STM32MP253DAL3, STM32MP253FAI3, STM32MP253FAK3, STM32MP253FAL3, STM32MP255AAI3, STM32MP255AAK3, STM32MP255AAL3, STM32MP255CAI3, STM32MP255CAK3, STM32MP255CAL3, STM32MP255DAI3, STM32MP255DAK3, STM32MP255DAL3, STM32MP255FAI3, STM32MP255FAK3, STM32MP255FAL3, STM32MP257AAI3, STM32MP257AAK3, STM32MP257AAL3, STM32MP257CAI3, STM32MP257CAK3, STM32MP257CAL3, STM32MP257DAI3, STM32MP257DAK3, STM32MP257DAL3, STM32MP257F-DK, STM32MP257F-EV1, STM32MP257FAI3, STM32MP257FAK3, STM32MP257FAL3, STM32U031C6T6, STM32U031C6U6, STM32U031C8T6, STM32U031C8U6, STM32U031F4P6, STM32U031F6P6, STM32U031F8P6, STM32U031G6Y6TR, STM32U031G8Y6TR, STM32U031K4U6, STM32U031K6U6, STM32U031K8U6, STM32U031R6I6, STM32U031R6T6, STM32U031R8I6, STM32U031R8T6, STM32U073C8T6, STM32U073C8U6, STM32U073CBT6, STM32U073CBU6, STM32U073CCT6, STM32U073CCU6, STM32U073H8Y6TR, STM32U073HBY6TR, STM32U073HCY6TR, STM32U073K8U6, STM32U073KBU6, STM32U073KCU6, STM32U073M8I6, STM32U073M8T6, STM32U073MBI6, STM32U073MBT6, STM32U073MCI6, STM32U073MCT6, STM32U073R8I6, STM32U073R8T6, STM32U073RBI6, STM32U073RBT6, STM32U073RCI6, STM32U073RCT6, STM32U083C-DK, STM32U083CCT6, STM32U083CCU6, STM32U083HCY6TR, STM32U083KCU6, STM32U083MCI6, STM32U083MCT6, STM32U083RCI6, STM32U083RCT6, STM32U535CBT6, STM32U535CBT6Q, STM32U535CBU6, STM32U535CBU6Q, STM32U535CCT6, STM32U535CCT6Q, STM32U535CCU6, STM32U535CCU6Q, STM32U535CET6, STM32U535CET6Q, STM32U535CEU6, STM32U535CEU6Q, STM32U535JEY6QTR, STM32U535NCY6QTR, STM32U535NEY6QTR, STM32U535RBI6, STM32U535RBI6Q, STM32U535RBT6, STM32U535RBT6Q, STM32U535RCI6, STM32U535RCI6Q, STM32U535RCT6, STM32U535RCT6Q, STM32U535REI6, STM32U535REI6Q, STM32U535RET6, STM32U535RET6Q, STM32U535VCI6, STM32U535VCI6Q, STM32U535VCT6, STM32U535VCT6Q, STM32U535VEI6, STM32U535VEI6Q, STM32U535VET6, STM32U535VET6Q, STM32U545CET6, STM32U545CET6Q, STM32U545CEU6, STM32U545CEU6Q, STM32U545JEY6QTR, STM32U545NEY6QTR, STM32U545REI6, STM32U545REI6Q, STM32U545RET6, STM32U545RET6Q, STM32U545VEI6, STM32U545VEI6Q, STM32U545VET6, STM32U545VET6Q, STM32U595AIH6, STM32U595AIH6Q, STM32U595AJH6, STM32U595AJH6Q, STM32U595QII6, STM32U595QII6Q, STM32U595QJI6, STM32U595QJI6Q, STM32U595RIT6, STM32U595RIT6Q, STM32U595RJT6, STM32U595RJT6Q, STM32U595VIT6, STM32U595VIT6Q, STM32U595VJT6, STM32U595VJT6Q, STM32U595ZIT6, STM32U595ZIT6Q, STM32U595ZIY6QTR, STM32U595ZJT6, STM32U595ZJT6Q, STM32U595ZJY6QTR, STM32U599BJY6QTR, STM32U599NIH6Q, STM32U599NJH6Q, STM32U599VIT6Q, STM32U599VJT6, STM32U599VJT6Q, STM32U599ZIT6Q, STM32U599ZIY6QTR, STM32U599ZJT6Q, STM32U599ZJY6QTR, STM32U5A5AJH6, STM32U5A5AJH6Q, STM32U5A5QII3Q , STM32U5A5QJI6, STM32U5A5QJI6Q, STM32U5A5RJT6, STM32U5A5RJT6Q, STM32U5A5VJT6, STM32U5A5VJT6Q, STM32U5A5ZJT6, STM32U5A5ZJT6Q, STM32U5A5ZJY6QTR, STM32U5A9BJY6QTR, STM32U5A9J-DK, STM32U5A9NJH6Q, STM32U5A9VJT6Q, STM32U5A9ZJT6Q, STM32U5A9ZJY6QTR, STM32U5F7VIT6, STM32U5F7VIT6Q, STM32U5F7VJT6, STM32U5F7VJT6Q, STM32U5F9BJY6QTR, STM32U5F9NJH6Q, STM32U5F9VIT6Q, STM32U5F9VJT6Q, STM32U5F9ZIJ6QTR, STM32U5F9ZIT6Q, STM32U5F9ZJJ6QTR, STM32U5F9ZJT6Q, STM32U5G7VJT6, STM32U5G7VJT6Q, STM32U5G9BJY6QTR, STM32U5G9J-DK1, STM32U5G9J-DK2, STM32U5G9NJH6Q, STM32U5G9VJT6Q, STM32U5G9ZJJ6QTR, STM32U5G9ZJT6Q, STM32WB05KZV6TR, STM32WB05KZV7TR, STM32WB05TZF6TR, STM32WB05TZF7TR, STM32WB06CCF6TR, STM32WB06CCF7TR, STM32WB06CCV6TR, STM32WB06CCV7TR, STM32WB06KCV6TR, STM32WB06KCV7TR, STM32WB07CCF6TR, STM32WB07CCF7TR, STM32WB07CCV6TR, STM32WB07CCV7TR, STM32WB07KCV6TR, STM32WB07KCV7TR, STM32WB09KEV6TR, STM32WB09KEV7TR, STM32WB09TEF6TR, STM32WB09TEF7TR, STM32WB1MMCH6, STM32WBA50KGU6, STM32WBA50KGU6TR, STM32WBA52CEU6, STM32WBA52CEU6TR, STM32WBA52CEU7, STM32WBA52CEU7TR, STM32WBA52CGU6, STM32WBA52CGU6TR, STM32WBA52CGU6U, STM32WBA52CGU7, STM32WBA52CGU7TR, STM32WBA52KEU6, STM32WBA52KEU6TR, STM32WBA52KGU6, STM32WBA52KGU6TR, STM32WBA54CEU6, STM32WBA54CEU6TR, STM32WBA54CEU7, STM32WBA54CEU7TR, STM32WBA54CGU6, STM32WBA54CGU6TR, STM32WBA54CGU7, STM32WBA54CGU7TR, STM32WBA54KEU6, STM32WBA54KEU6TR, STM32WBA54KEU7, STM32WBA54KEU7TR, STM32WBA54KGU6, STM32WBA54KGU6TR, STM32WBA54KGU7, STM32WBA54KGU7TR, STM32WBA55CEU6, STM32WBA55CEU6TR, STM32WBA55CEU7, STM32WBA55CEU7TR, STM32WBA55CGU6, STM32WBA55CGU6TR, STM32WBA55CGU6U, STM32WBA55CGU7, STM32WBA55CGU7TR, STM32WBA55G-DK1, STM32WBA55HEF6, STM32WBA55HEF7, STM32WBA55HGF6, STM32WBA55HGF7, STM32WBA55UEI6, STM32WBA55UEI6TR, STM32WBA55UEI7, STM32WBA55UEI7TR, STM32WBA55UGI6, STM32WBA55UGI6TR, STM32WBA55UGI7, STM32WBA55UGI7TR, STM32WL5MOCH6, STM32WL5MOCH6TR]
2026-06-03 06:09:45,295 [INFO] ApiDb:668 - CubeFinder database Data Model version=2.1
2026-06-03 06:09:45,295 [INFO] ApiDb:669 - CubeFinder database Configuration version=3.0.42
2026-06-03 06:09:45,295 [INFO] ApiDb:670 - CubeFinder database generation date=2026-05-06 (1778060171)
2026-06-03 06:09:45,295 [INFO] ApiDb:671 - CubeFinder database FW Pack versions=[FP-ATR-ASTRA1_V2.0.0, FP-SNS-FLIGHT1_V5.1.0, FP-SNS-MOTENV1_V5.1.0, FP-SNS-MOTENVWB1_V1.5.0, FP-SNS-SMARTAG2_V1.2.0, FP-SNS-STBOX1_V2.1.0, STM32Cube_FW_C0_V1.4.0, STM32Cube_FW_F4_V1.28.3, STM32Cube_FW_F7_V1.17.4, STM32Cube_FW_G0_V1.6.3, STM32Cube_FW_G4_V1.6.2, STM32Cube_FW_H5_V1.6.0, STM32Cube_FW_H7RS_V1.3.0, STM32Cube_FW_H7_V1.13.0, STM32Cube_FW_L0_V1.12.2, STM32Cube_FW_L4_V1.18.2, STM32Cube_FW_L5_V1.6.0, STM32Cube_FW_N6_V1.3.0, STM32Cube_FW_U0_V1.3.0, STM32Cube_FW_U3_V1.3.0, STM32Cube_FW_U5_V1.8.0, STM32Cube_FW_WB0_V1.4.0, STM32Cube_FW_WBA_V1.9.0, STM32Cube_FW_WB_V1.24.0, STM32Cube_FW_WL3_V1.4.0, STM32Cube_FW_WL_V1.5.0, X-CUBE-ALGOBUILD_V1.4.0, X-CUBE-ALS_V1.0.2, X-CUBE-AZRTOS-F4_V1.1.0, X-CUBE-AZRTOS-F7_V1.1.0, X-CUBE-AZRTOS-G0_V1.1.0, X-CUBE-AZRTOS-G4_V2.0.0, X-CUBE-AZRTOS-H7RS_V1.1.0, X-CUBE-AZRTOS-H7_V3.5.0, X-CUBE-AZRTOS-L4_V2.0.0, X-CUBE-AZRTOS-L5_V2.0.0, X-CUBE-AZRTOS-WB_V2.0.0, X-CUBE-AZRTOS-WL_V2.0.0, X-CUBE-BLE1_V7.1.0, X-CUBE-BLE2_V3.3.0, X-CUBE-BLEMGR_V4.1.0, X-CUBE-EEPRMA1_V5.2.0, X-CUBE-FREERTOS_V1.5.0, X-CUBE-GNSS1_V6.0.0, X-CUBE-MEMS1_V12.0.0, X-CUBE-NFC4_V3.0.0, X-CUBE-NFC7_V2.0.0, X-CUBE-SFXS2LP1_V4.0.0, X-CUBE-ST67W61_V1.2.0, X-CUBE-SUBG2_V5.0.0, X-CUBE-TOF1_V3.4.3]
2026-06-03 06:09:48,923 [INFO] ApiDb:240 - Found 646 in-development CPN: [B-G473E-ZEST1S, B-WB1M-WPAN1, B-WL5M-SUBG1, NUCLEO-C031C6, NUCLEO-C071RB, NUCLEO-H503RB, NUCLEO-H533RE, NUCLEO-H563ZI, NUCLEO-H7S3L8, NUCLEO-U031R8, NUCLEO-U083RC, NUCLEO-U545RE-Q, NUCLEO-U5A5ZJ-Q, NUCLEO-WB05KZ, NUCLEO-WB07CC, NUCLEO-WB09KE, NUCLEO-WBA52CG, NUCLEO-WBA55CG, STEVAL-PROTEUS1, STEVAL-SMARTAG2, STEVAL-STWINBX1, STM320518-EVAL, STM32C0116-DK, STM32C011D6Y3TR, STM32C011D6Y6TR, STM32C011F4P3, STM32C011F4P6, STM32C011F4U3, STM32C011F4U6TR, STM32C011F6P3, STM32C011F6P6, STM32C011F6U3, STM32C011F6U6TR, STM32C011J4M3, STM32C011J4M6, STM32C011J6M3, STM32C011J6M6, STM32C0316-DK, STM32C031C4T3, STM32C031C4T6, STM32C031C4U3, STM32C031C4U6, STM32C031C6T3, STM32C031C6T6, STM32C031C6U3, STM32C031C6U6, STM32C031F4P3, STM32C031F4P6, STM32C031F6P3, STM32C031F6P6, STM32C031G4U3, STM32C031G4U6, STM32C031G6U3, STM32C031G6U6, STM32C031K4T3, STM32C031K4T6, STM32C031K4U3, STM32C031K4U6, STM32C031K6T3, STM32C031K6T6, STM32C031K6U3, STM32C031K6U6, STM32C071C8T6, STM32C071C8T6N, STM32C071C8U6, STM32C071C8U6N, STM32C071CBT6, STM32C071CBT6N, STM32C071CBU6, STM32C071CBU6N, STM32C071F8P6, STM32C071F8P6N, STM32C071FBP6, STM32C071FBP6N, STM32C071FBY6TR, STM32C071G8U6, STM32C071G8U6N, STM32C071GBU6, STM32C071GBU6N, STM32C071K8T6, STM32C071K8T6N, STM32C071K8U6, STM32C071K8U6N, STM32C071KBT6, STM32C071KBT6N, STM32C071KBU6, STM32C071KBU6N, STM32C071R8T6, STM32C071R8T6N, STM32C071RBI6N, STM32C071RBT6, STM32C071RBT6N, STM32G071K8TXN, STM32G071K8UXN, STM32G081GBU6N, STM32G081KBT6N, STM32G081KBUXN, STM32G0B1CCT6N, STM32G0B1KCT6, STM32G0B1NEY6TR, STM32G0B1RCT6N, STM32G0C1CCT6, STM32G0C1CCT6N, STM32G0C1CCU6N, STM32G0C1CET6N, STM32G0C1CEU6N, STM32G0C1KCT6, STM32G0C1NEY6TR, STM32G0C1RCI6N, STM32G0C1RCT6N, STM32G0C1REI6N, STM32G0C1RET6N, STM32G0C1VCI6, STM32G0C1VEI6, STM32G411C6T3, STM32G411C6T6, STM32G411C6U3, STM32G411C6U6, STM32G411C8T3, STM32G411C8T6, STM32G411C8U3, STM32G411C8U6, STM32G411CBT3, STM32G411CBT6, STM32G411CBU3, STM32G411CBU6, STM32G411K6T3, STM32G411K6T6, STM32G411K6U3, STM32G411K6U6, STM32G411K8T3, STM32G411K8T6, STM32G411K8U3, STM32G411K8U6, STM32G411KBT3, STM32G411KBT6, STM32G411KBU3, STM32G411KBU6, STM32G411M6T3, STM32G411M6T6, STM32G411M8T3, STM32G411M8T6, STM32G411MBT3, STM32G411MBT6, STM32G411R6T3, STM32G411R6T6, STM32G411R8T3, STM32G411R8T6, STM32G411RBT3, STM32G411RBT6, STM32G414CBT3, STM32G414CBT6, STM32G414CBU3, STM32G414CBU6, STM32G414CCT3, STM32G414CCT6, STM32G414CCU3, STM32G414CCU6, STM32G414MBT3, STM32G414MBT6, STM32G414MCT3, STM32G414MCT6, STM32G414RBT3, STM32G414RBT6, STM32G414RCT3, STM32G414RCT6, STM32G414VBT3, STM32G414VBT6, STM32G414VCT3, STM32G414VCT6, STM32G431CBT3Z, STM32G431RBT3Z, STM32G471CCT6, STM32G471CCU6, STM32G471CET3, STM32G471CET6, STM32G471CEU3, STM32G471CEU6, STM32G471MCT6, STM32G471MET3, STM32G471MET6, STM32G471MEY6TR, STM32G471QCT6, STM32G471QET3, STM32G471RCT6, STM32G471RET3, STM32G471RET6, STM32G471VCH6, STM32G471VCI6, STM32G471VCT6, STM32G471VEH3, STM32G471VEH6, STM32G471VEI3, STM32G471VEI6, STM32G471VET3, STM32G471VET6, STM32G473QET3Z, STM32G473RET3Z, STM32G474CCT6, STM32G491RET3Z, STM32H503CBT6, STM32H503CBU6, STM32H503EBY6TR, STM32H503KBU6, STM32H503RBT6, STM32H523CCT6, STM32H523CCU6, STM32H523CET6, STM32H523CEU6, STM32H523HEY6TR, STM32H523RCT6, STM32H523RET6, STM32H523VCI6, STM32H523VCT6, STM32H523VEI6, STM32H523VET6, STM32H523ZCJ6, STM32H523ZCT6, STM32H523ZEJ6, STM32H523ZET6, STM32H533CET6, STM32H533CEU6, STM32H533HEY6TR, STM32H533RET6, STM32H533VEI6, STM32H533VET6, STM32H533ZEJ6, STM32H533ZET6, STM32H562AGI6, STM32H562AII6, STM32H562IGK6, STM32H562IGT6, STM32H562IIK6, STM32H562IIT6, STM32H562RGT6, STM32H562RGV6, STM32H562RIT6, STM32H562RIV6, STM32H562VGT6, STM32H562VIT6, STM32H562ZGT6, STM32H562ZIT6, STM32H563AGI6, STM32H563AII3Q, STM32H563AII6, STM32H563IGK6, STM32H563IGT6, STM32H563IIK3Q, STM32H563IIK6, STM32H563IIT3Q, STM32H563IIT6, STM32H563MIY3QTR, STM32H563RGT6, STM32H563RGV6, STM32H563RIT6, STM32H563RIV6, STM32H563VGT6, STM32H563VIT3Q, STM32H563VIT6, STM32H563ZGT6, STM32H563ZIT3Q, STM32H563ZIT6, STM32H573AII3Q, STM32H573AII6, STM32H573I-DK, STM32H573IIK3Q, STM32H573IIK6, STM32H573IIT3Q, STM32H573IIT6, STM32H573MIY3QTR, STM32H573RIT6, STM32H573RIV6, STM32H573VIT3Q, STM32H573VIT6, STM32H573ZIT3Q, STM32H573ZIT6, STM32H7R3A8I6, STM32H7R3I8K6, STM32H7R3I8T6, STM32H7R3L8H6, STM32H7R3L8H6H, STM32H7R3R8V6, STM32H7R3V8H6, STM32H7R3V8T6, STM32H7R3V8Y6TR, STM32H7R3Z8J6, STM32H7R3Z8T6, STM32H7R7A8I6, STM32H7R7I8K6, STM32H7R7I8T6, STM32H7R7L8H6, STM32H7R7L8H6H, STM32H7R7Z8J6, STM32H7S3A8I6, STM32H7S3I8K6, STM32H7S3I8T6, STM32H7S3L8H6, STM32H7S3L8H6H, STM32H7S3R8V6, STM32H7S3V8H6, STM32H7S3V8T6, STM32H7S3V8Y6TR, STM32H7S3Z8J6, STM32H7S3Z8T6, STM32H7S78-DK, STM32H7S7A8I6, STM32H7S7I8K6, STM32H7S7I8T6, STM32H7S7L8H6, STM32H7S7L8H6H, STM32H7S7Z8J6, STM32L4R5QGI6STR, STM32MP131AAE3, STM32MP131AAF3, STM32MP131AAG3, STM32MP131CAE3, STM32MP131CAF3, STM32MP131CAG3, STM32MP131DAE7, STM32MP131DAF7, STM32MP131DAG7, STM32MP131FAE7, STM32MP131FAF7, STM32MP131FAG7, STM32MP133AAE3, STM32MP133AAF3, STM32MP133AAG3, STM32MP133CAE3, STM32MP133CAF3, STM32MP133CAG3, STM32MP133DAE7, STM32MP133DAF7, STM32MP133DAG7, STM32MP133FAE7, STM32MP133FAF7, STM32MP133FAG7, STM32MP135AAE3, STM32MP135AAF3, STM32MP135AAG3, STM32MP135CAE3, STM32MP135CAF3, STM32MP135CAG3, STM32MP135DAE7, STM32MP135DAF7, STM32MP135DAG7, STM32MP135F-DK, STM32MP135FAE7, STM32MP135FAF7, STM32MP135FAF7T, STM32MP135FAF7U, STM32MP135FAG7, STM32MP251AAI3, STM32MP251AAK3, STM32MP251AAL3, STM32MP251CAI3, STM32MP251CAK3, STM32MP251CAL3, STM32MP251DAI3, STM32MP251DAK3, STM32MP251DAL3, STM32MP251FAI3, STM32MP251FAK3, STM32MP251FAL3, STM32MP253AAI3, STM32MP253AAK3, STM32MP253AAL3, STM32MP253CAI3, STM32MP253CAK3, STM32MP253CAL3, STM32MP253DAI3, STM32MP253DAK3, STM32MP253DAL3, STM32MP253FAI3, STM32MP253FAK3, STM32MP253FAL3, STM32MP255AAI3, STM32MP255AAK3, STM32MP255AAL3, STM32MP255CAI3, STM32MP255CAK3, STM32MP255CAL3, STM32MP255DAI3, STM32MP255DAK3, STM32MP255DAL3, STM32MP255FAI3, STM32MP255FAK3, STM32MP255FAL3, STM32MP257AAI3, STM32MP257AAK3, STM32MP257AAL3, STM32MP257CAI3, STM32MP257CAK3, STM32MP257CAL3, STM32MP257DAI3, STM32MP257DAK3, STM32MP257DAL3, STM32MP257F-DK, STM32MP257F-EV1, STM32MP257FAI3, STM32MP257FAK3, STM32MP257FAL3, STM32U031C6T6, STM32U031C6U6, STM32U031C8T6, STM32U031C8U6, STM32U031F4P6, STM32U031F6P6, STM32U031F8P6, STM32U031G6Y6TR, STM32U031G8Y6TR, STM32U031K4U6, STM32U031K6U6, STM32U031K8U6, STM32U031R6I6, STM32U031R6T6, STM32U031R8I6, STM32U031R8T6, STM32U073C8T6, STM32U073C8U6, STM32U073CBT6, STM32U073CBU6, STM32U073CCT6, STM32U073CCU6, STM32U073H8Y6TR, STM32U073HBY6TR, STM32U073HCY6TR, STM32U073K8U6, STM32U073KBU6, STM32U073KCU6, STM32U073M8I6, STM32U073M8T6, STM32U073MBI6, STM32U073MBT6, STM32U073MCI6, STM32U073MCT6, STM32U073R8I6, STM32U073R8T6, STM32U073RBI6, STM32U073RBT6, STM32U073RCI6, STM32U073RCT6, STM32U083C-DK, STM32U083CCT6, STM32U083CCU6, STM32U083HCY6TR, STM32U083KCU6, STM32U083MCI6, STM32U083MCT6, STM32U083RCI6, STM32U083RCT6, STM32U535CBT6, STM32U535CBT6Q, STM32U535CBU6, STM32U535CBU6Q, STM32U535CCT6, STM32U535CCT6Q, STM32U535CCU6, STM32U535CCU6Q, STM32U535CET6, STM32U535CET6Q, STM32U535CEU6, STM32U535CEU6Q, STM32U535JEY6QTR, STM32U535NCY6QTR, STM32U535NEY6QTR, STM32U535RBI6, STM32U535RBI6Q, STM32U535RBT6, STM32U535RBT6Q, STM32U535RCI6, STM32U535RCI6Q, STM32U535RCT6, STM32U535RCT6Q, STM32U535REI6, STM32U535REI6Q, STM32U535RET6, STM32U535RET6Q, STM32U535VCI6, STM32U535VCI6Q, STM32U535VCT6, STM32U535VCT6Q, STM32U535VEI6, STM32U535VEI6Q, STM32U535VET6, STM32U535VET6Q, STM32U545CET6, STM32U545CET6Q, STM32U545CEU6, STM32U545CEU6Q, STM32U545JEY6QTR, STM32U545NEY6QTR, STM32U545REI6, STM32U545REI6Q, STM32U545RET6, STM32U545RET6Q, STM32U545VEI6, STM32U545VEI6Q, STM32U545VET6, STM32U545VET6Q, STM32U595AIH6, STM32U595AIH6Q, STM32U595AJH6, STM32U595AJH6Q, STM32U595QII6, STM32U595QII6Q, STM32U595QJI6, STM32U595QJI6Q, STM32U595RIT6, STM32U595RIT6Q, STM32U595RJT6, STM32U595RJT6Q, STM32U595VIT6, STM32U595VIT6Q, STM32U595VJT6, STM32U595VJT6Q, STM32U595ZIT6, STM32U595ZIT6Q, STM32U595ZIY6QTR, STM32U595ZJT6, STM32U595ZJT6Q, STM32U595ZJY6QTR, STM32U599BJY6QTR, STM32U599NIH6Q, STM32U599NJH6Q, STM32U599VIT6Q, STM32U599VJT6, STM32U599VJT6Q, STM32U599ZIT6Q, STM32U599ZIY6QTR, STM32U599ZJT6Q, STM32U599ZJY6QTR, STM32U5A5AJH6, STM32U5A5AJH6Q, STM32U5A5QII3Q , STM32U5A5QJI6, STM32U5A5QJI6Q, STM32U5A5RJT6, STM32U5A5RJT6Q, STM32U5A5VJT6, STM32U5A5VJT6Q, STM32U5A5ZJT6, STM32U5A5ZJT6Q, STM32U5A5ZJY6QTR, STM32U5A9BJY6QTR, STM32U5A9J-DK, STM32U5A9NJH6Q, STM32U5A9VJT6Q, STM32U5A9ZJT6Q, STM32U5A9ZJY6QTR, STM32U5F7VIT6, STM32U5F7VIT6Q, STM32U5F7VJT6, STM32U5F7VJT6Q, STM32U5F9BJY6QTR, STM32U5F9NJH6Q, STM32U5F9VIT6Q, STM32U5F9VJT6Q, STM32U5F9ZIJ6QTR, STM32U5F9ZIT6Q, STM32U5F9ZJJ6QTR, STM32U5F9ZJT6Q, STM32U5G7VJT6, STM32U5G7VJT6Q, STM32U5G9BJY6QTR, STM32U5G9J-DK1, STM32U5G9J-DK2, STM32U5G9NJH6Q, STM32U5G9VJT6Q, STM32U5G9ZJJ6QTR, STM32U5G9ZJT6Q, STM32WB05KZV6TR, STM32WB05KZV7TR, STM32WB05TZF6TR, STM32WB05TZF7TR, STM32WB06CCF6TR, STM32WB06CCF7TR, STM32WB06CCV6TR, STM32WB06CCV7TR, STM32WB06KCV6TR, STM32WB06KCV7TR, STM32WB07CCF6TR, STM32WB07CCF7TR, STM32WB07CCV6TR, STM32WB07CCV7TR, STM32WB07KCV6TR, STM32WB07KCV7TR, STM32WB09KEV6TR, STM32WB09KEV7TR, STM32WB09TEF6TR, STM32WB09TEF7TR, STM32WB1MMCH6, STM32WBA50KGU6, STM32WBA50KGU6TR, STM32WBA52CEU6, STM32WBA52CEU6TR, STM32WBA52CEU7, STM32WBA52CEU7TR, STM32WBA52CGU6, STM32WBA52CGU6TR, STM32WBA52CGU6U, STM32WBA52CGU7, STM32WBA52CGU7TR, STM32WBA52KEU6, STM32WBA52KEU6TR, STM32WBA52KGU6, STM32WBA52KGU6TR, STM32WBA54CEU6, STM32WBA54CEU6TR, STM32WBA54CEU7, STM32WBA54CEU7TR, STM32WBA54CGU6, STM32WBA54CGU6TR, STM32WBA54CGU7, STM32WBA54CGU7TR, STM32WBA54KEU6, STM32WBA54KEU6TR, STM32WBA54KEU7, STM32WBA54KEU7TR, STM32WBA54KGU6, STM32WBA54KGU6TR, STM32WBA54KGU7, STM32WBA54KGU7TR, STM32WBA55CEU6, STM32WBA55CEU6TR, STM32WBA55CEU7, STM32WBA55CEU7TR, STM32WBA55CGU6, STM32WBA55CGU6TR, STM32WBA55CGU6U, STM32WBA55CGU7, STM32WBA55CGU7TR, STM32WBA55G-DK1, STM32WBA55HEF6, STM32WBA55HEF7, STM32WBA55HGF6, STM32WBA55HGF7, STM32WBA55UEI6, STM32WBA55UEI6TR, STM32WBA55UEI7, STM32WBA55UEI7TR, STM32WBA55UGI6, STM32WBA55UGI6TR, STM32WBA55UGI7, STM32WBA55UGI7TR, STM32WL5MOCH6, STM32WL5MOCH6TR]
2026-06-03 06:09:48,934 [INFO] DbMcus:218 - Found 5076 MCUs, 4958 are supported
2026-06-03 06:09:48,936 [INFO] ApiDb:423 - Load user favorites file C:\Users\Admin/.stm32cubeide/favorites.mcus.txt: 0 item(s)
2026-06-03 06:09:48,937 [INFO] ApiDb:427 - User favorites MCUs=[]
2026-06-03 06:09:48,937 [INFO] DbMcus:224 - Set 0 / 0 favorites MCUs
2026-06-03 06:09:49,896 [INFO] BoardInfo:889 - No configuration file found for board B-WBA5M-WPAN
2026-06-03 06:09:49,899 [INFO] DbBoards:161 - Board is not supported: B-WBA5M-WPAN
2026-06-03 06:09:49,914 [INFO] BoardInfo:889 - No configuration file found for board NUCLEO-C051C8
2026-06-03 06:09:49,916 [INFO] DbBoards:161 - Board is not supported: NUCLEO-C051C8
2026-06-03 06:09:49,926 [INFO] BoardInfo:889 - No configuration file found for board NUCLEO-C092RC
2026-06-03 06:09:49,928 [INFO] DbBoards:161 - Board is not supported: NUCLEO-C092RC
2026-06-03 06:09:50,081 [INFO] BoardInfo:889 - No configuration file found for board NUCLEO-H5E5ZJ
2026-06-03 06:09:50,082 [INFO] DbBoards:161 - Board is not supported: NUCLEO-H5E5ZJ
2026-06-03 06:09:50,163 [INFO] BoardInfo:889 - No configuration file found for board NUCLEO-N657X0-Q
2026-06-03 06:09:50,163 [INFO] DbBoards:161 - Board is not supported: NUCLEO-N657X0-Q
2026-06-03 06:09:50,171 [INFO] BoardInfo:889 - No configuration file found for board NUCLEO-U385RG-Q
2026-06-03 06:09:50,172 [INFO] DbBoards:161 - Board is not supported: NUCLEO-U385RG-Q
2026-06-03 06:09:50,174 [INFO] BoardInfo:889 - No configuration file found for board NUCLEO-U3C5ZI-Q
2026-06-03 06:09:50,174 [INFO] DbBoards:161 - Board is not supported: NUCLEO-U3C5ZI-Q
2026-06-03 06:09:50,192 [INFO] BoardInfo:889 - No configuration file found for board NUCLEO-WBA25CE1
2026-06-03 06:09:50,193 [INFO] DbBoards:161 - Board is not supported: NUCLEO-WBA25CE1
2026-06-03 06:09:50,198 [INFO] BoardInfo:889 - No configuration file found for board NUCLEO-WBA65RI
2026-06-03 06:09:50,199 [INFO] DbBoards:161 - Board is not supported: NUCLEO-WBA65RI
2026-06-03 06:09:50,200 [INFO] BoardInfo:889 - No configuration file found for board NUCLEO-WL33CC1
2026-06-03 06:09:50,201 [INFO] DbBoards:161 - Board is not supported: NUCLEO-WL33CC1
2026-06-03 06:09:50,203 [INFO] BoardInfo:889 - No configuration file found for board NUCLEO-WL33CC2
2026-06-03 06:09:50,204 [INFO] DbBoards:161 - Board is not supported: NUCLEO-WL33CC2
2026-06-03 06:09:50,207 [INFO] BoardInfo:889 - No configuration file found for board NUCLEO-WL3RKB1
2026-06-03 06:09:50,208 [INFO] DbBoards:161 - Board is not supported: NUCLEO-WL3RKB1
2026-06-03 06:09:50,210 [INFO] BoardInfo:889 - No configuration file found for board NUCLEO-WL3RKB2
2026-06-03 06:09:50,211 [INFO] DbBoards:161 - Board is not supported: NUCLEO-WL3RKB2
2026-06-03 06:09:50,223 [INFO] BoardInfo:889 - No configuration file found for board P-NUCLEO-WB55
2026-06-03 06:09:50,224 [INFO] DbBoards:161 - Kit is not supported: P-NUCLEO-WB55
2026-06-03 06:09:50,231 [INFO] BoardInfo:889 - No configuration file found for board STEVAL-BFA001V1B
2026-06-03 06:09:50,232 [INFO] DbBoards:161 - Kit is not supported: STEVAL-BFA001V1B
2026-06-03 06:09:50,235 [INFO] BoardInfo:889 - No configuration file found for board STEVAL-BFA001V2B
2026-06-03 06:09:50,235 [INFO] DbBoards:161 - Kit is not supported: STEVAL-BFA001V2B
2026-06-03 06:09:50,376 [INFO] BoardInfo:889 - No configuration file found for board STM32H5F5J-DK
2026-06-03 06:09:50,377 [INFO] DbBoards:161 - Board is not supported: STM32H5F5J-DK
2026-06-03 06:09:50,445 [INFO] BoardInfo:889 - No configuration file found for board STM32MP215F-DK
2026-06-03 06:09:50,446 [INFO] DbBoards:161 - Board is not supported: STM32MP215F-DK
2026-06-03 06:09:50,450 [INFO] BoardInfo:889 - No configuration file found for board STM32N6570-DK
2026-06-03 06:09:50,451 [INFO] DbBoards:161 - Board is not supported: STM32N6570-DK
2026-06-03 06:09:50,470 [INFO] BoardInfo:889 - No configuration file found for board STM32WBA65I-DK1
2026-06-03 06:09:50,471 [INFO] DbBoards:161 - Board is not supported: STM32WBA65I-DK1
2026-06-03 06:09:50,471 [INFO] DbBoards:168 - Found 218 boards, 198 are supported
2026-06-03 06:09:50,471 [INFO] DbBoards:169 - Found 218 boards, 25 of them is supported for  Bsp
2026-06-03 06:09:50,505 [INFO] ApiDb:423 - Load user favorites file C:\Users\Admin/.stm32cubeide/favorites.boards.txt: 0 item(s)
2026-06-03 06:09:50,505 [INFO] ApiDb:427 - User favorites Boards=[]
2026-06-03 06:09:50,505 [INFO] DbBoards:198 - Set 0 / 0 favorites Boards
2026-06-03 06:09:50,506 [INFO] McuFinderGlobals:76 - Set McuFinderConnectedMode to true
2026-06-03 06:09:50,512 [INFO] MultiScanPanel:200 - Auto-refresh data requested => check proxy status ongoing
2026-06-03 06:09:50,516 [INFO] FinderPluginLoader:95 - Searching for filters in installed packs
2026-06-03 06:09:52,876 [INFO] ServerAccessManage:473 - Download File 
2026-06-03 06:09:52,910 [INFO] LoadUrlFilesThread:185 - End of LoadServerUrlFiles without Thread
2026-06-03 06:09:52,984 [INFO] DetailPanel:341 - Set advertising image to C:/Users/Admin/STM32Cube/Repository/\en.prom-stm32wl3r-0526.jpg
2026-06-03 06:10:21,879 [INFO] McuFinderGlobals:76 - Set McuFinderConnectedMode to true
2026-06-03 06:10:21,886 [INFO] ApiDb:448 - Save user favorites file C:\Users\Admin/.stm32cubeide/favorites.mcus.txt: 0 item(s)
2026-06-03 06:10:21,887 [INFO] ApiDb:452 - User favorites MCUs=[]
2026-06-03 06:10:26,793 [INFO] MainUpdater:2873 - connection check result : 10
2026-06-03 06:10:26,795 [INFO] McuFinderGlobals:76 - Set McuFinderConnectedMode to true
2026-06-03 06:10:27,226 [INFO] ServerAccessManage:473 - Download File mcusAds.json._tmp_
2026-06-03 06:10:27,354 [INFO] LoadUrlFilesThread:156 - End of LoadUrlFiles Thread
2026-06-03 06:10:27,500 [INFO] ServerAccessManage:473 - Download File cube-finder-db.zip
2026-06-03 06:10:28,876 [INFO] FileExtend:240 - Unzip File : cube-finder-db.zip
2026-06-03 06:10:28,876 [INFO] FileExtend:255 - Standard Zip Deflate
2026-06-03 06:10:30,384 [INFO] LoadUrlFilesThread:156 - End of LoadUrlFiles Thread
2026-06-03 06:10:31,311 [INFO] ServerAccessManage:473 - Download File crdb.zip
2026-06-03 06:10:32,995 [INFO] FileExtend:240 - Unzip File : crdb.zip
2026-06-03 06:10:32,996 [INFO] FileExtend:255 - Standard Zip Deflate
2026-06-03 06:10:33,161 [INFO] LoadUrlFilesThread:156 - End of LoadUrlFiles Thread
2026-06-03 06:10:33,290 [INFO] ServerAccessManage:473 - Download File tutoVideoDB.zip
2026-06-03 06:10:33,300 [INFO] FileExtend:240 - Unzip File : tutoVideoDB.zip
2026-06-03 06:10:33,301 [INFO] FileExtend:255 - Standard Zip Deflate
2026-06-03 06:10:33,441 [INFO] LoadUrlFilesThread:156 - End of LoadUrlFiles Thread
2026-06-03 06:10:33,442 [WARN] DbFile:41 - Overriding database path with different value: C:\Users\Admin\.stmcufinder\plugins\mcufinder/ => C:\Users\Admin\.stmcufinder\plugins\mcufinder
2026-06-03 06:10:34,385 [ERROR] ServerAccessManage:1089 - Problem, file not found on Server
2026-06-03 06:10:34,385 [ERROR] ServerAccessManage:651 - Problem, file not found on Server : api_config.json.
2026-06-03 06:10:38,547 [INFO] LoadUrlFilesThread:156 - End of LoadUrlFiles Thread
2026-06-03 06:10:40,441 [INFO] DbMcusAds:53 - JSON generation date=Thu May 28 23:08:17 GMT+07:00 2026 (1779984497073)
2026-06-03 06:10:40,446 [INFO] ApiDb:448 - Save user favorites file C:\Users\Admin/.stm32cubeide/favorites.mcus.txt: 0 item(s)
2026-06-03 06:10:40,447 [INFO] ApiDb:452 - User favorites MCUs=[]
2026-06-03 06:10:40,450 [INFO] ApiDb:581 - Connected to CubeFinder SQLite database (C:\Users\Admin\.stmcufinder\plugins\mcufinder\mcu\cube-finder-db.db)
2026-06-03 06:10:40,615 [INFO] ApiDb:668 - CubeFinder database Data Model version=2.1
2026-06-03 06:10:40,616 [INFO] ApiDb:669 - CubeFinder database Configuration version=3.0.42
2026-06-03 06:10:40,616 [INFO] ApiDb:670 - CubeFinder database generation date=2026-05-06 (1778060171)
2026-06-03 06:10:40,616 [INFO] ApiDb:671 - CubeFinder database FW Pack versions=[FP-ATR-ASTRA1_V2.0.0, FP-SNS-FLIGHT1_V5.1.0, FP-SNS-MOTENV1_V5.1.0, FP-SNS-MOTENVWB1_V1.5.0, FP-SNS-SMARTAG2_V1.2.0, FP-SNS-STBOX1_V2.1.0, STM32Cube_FW_C0_V1.4.0, STM32Cube_FW_F4_V1.28.3, STM32Cube_FW_F7_V1.17.4, STM32Cube_FW_G0_V1.6.3, STM32Cube_FW_G4_V1.6.2, STM32Cube_FW_H5_V1.6.0, STM32Cube_FW_H7RS_V1.3.0, STM32Cube_FW_H7_V1.13.0, STM32Cube_FW_L0_V1.12.2, STM32Cube_FW_L4_V1.18.2, STM32Cube_FW_L5_V1.6.0, STM32Cube_FW_N6_V1.3.0, STM32Cube_FW_U0_V1.3.0, STM32Cube_FW_U3_V1.3.0, STM32Cube_FW_U5_V1.8.0, STM32Cube_FW_WB0_V1.4.0, STM32Cube_FW_WBA_V1.9.0, STM32Cube_FW_WB_V1.24.0, STM32Cube_FW_WL3_V1.4.0, STM32Cube_FW_WL_V1.5.0, X-CUBE-ALGOBUILD_V1.4.0, X-CUBE-ALS_V1.0.2, X-CUBE-AZRTOS-F4_V1.1.0, X-CUBE-AZRTOS-F7_V1.1.0, X-CUBE-AZRTOS-G0_V1.1.0, X-CUBE-AZRTOS-G4_V2.0.0, X-CUBE-AZRTOS-H7RS_V1.1.0, X-CUBE-AZRTOS-H7_V3.5.0, X-CUBE-AZRTOS-L4_V2.0.0, X-CUBE-AZRTOS-L5_V2.0.0, X-CUBE-AZRTOS-WB_V2.0.0, X-CUBE-AZRTOS-WL_V2.0.0, X-CUBE-BLE1_V7.1.0, X-CUBE-BLE2_V3.3.0, X-CUBE-BLEMGR_V4.1.0, X-CUBE-EEPRMA1_V5.2.0, X-CUBE-FREERTOS_V1.5.0, X-CUBE-GNSS1_V6.0.0, X-CUBE-MEMS1_V12.0.0, X-CUBE-NFC4_V3.0.0, X-CUBE-NFC7_V2.0.0, X-CUBE-SFXS2LP1_V4.0.0, X-CUBE-ST67W61_V1.2.0, X-CUBE-SUBG2_V5.0.0, X-CUBE-TOF1_V3.4.3]
2026-06-03 06:10:43,804 [INFO] ApiDb:240 - Found 646 in-development CPN: [B-G473E-ZEST1S, B-WB1M-WPAN1, B-WL5M-SUBG1, NUCLEO-C031C6, NUCLEO-C071RB, NUCLEO-H503RB, NUCLEO-H533RE, NUCLEO-H563ZI, NUCLEO-H7S3L8, NUCLEO-U031R8, NUCLEO-U083RC, NUCLEO-U545RE-Q, NUCLEO-U5A5ZJ-Q, NUCLEO-WB05KZ, NUCLEO-WB07CC, NUCLEO-WB09KE, NUCLEO-WBA52CG, NUCLEO-WBA55CG, STEVAL-PROTEUS1, STEVAL-SMARTAG2, STEVAL-STWINBX1, STM320518-EVAL, STM32C0116-DK, STM32C011D6Y3TR, STM32C011D6Y6TR, STM32C011F4P3, STM32C011F4P6, STM32C011F4U3, STM32C011F4U6TR, STM32C011F6P3, STM32C011F6P6, STM32C011F6U3, STM32C011F6U6TR, STM32C011J4M3, STM32C011J4M6, STM32C011J6M3, STM32C011J6M6, STM32C0316-DK, STM32C031C4T3, STM32C031C4T6, STM32C031C4U3, STM32C031C4U6, STM32C031C6T3, STM32C031C6T6, STM32C031C6U3, STM32C031C6U6, STM32C031F4P3, STM32C031F4P6, STM32C031F6P3, STM32C031F6P6, STM32C031G4U3, STM32C031G4U6, STM32C031G6U3, STM32C031G6U6, STM32C031K4T3, STM32C031K4T6, STM32C031K4U3, STM32C031K4U6, STM32C031K6T3, STM32C031K6T6, STM32C031K6U3, STM32C031K6U6, STM32C071C8T6, STM32C071C8T6N, STM32C071C8U6, STM32C071C8U6N, STM32C071CBT6, STM32C071CBT6N, STM32C071CBU6, STM32C071CBU6N, STM32C071F8P6, STM32C071F8P6N, STM32C071FBP6, STM32C071FBP6N, STM32C071FBY6TR, STM32C071G8U6, STM32C071G8U6N, STM32C071GBU6, STM32C071GBU6N, STM32C071K8T6, STM32C071K8T6N, STM32C071K8U6, STM32C071K8U6N, STM32C071KBT6, STM32C071KBT6N, STM32C071KBU6, STM32C071KBU6N, STM32C071R8T6, STM32C071R8T6N, STM32C071RBI6N, STM32C071RBT6, STM32C071RBT6N, STM32G071K8TXN, STM32G071K8UXN, STM32G081GBU6N, STM32G081KBT6N, STM32G081KBUXN, STM32G0B1CCT6N, STM32G0B1KCT6, STM32G0B1NEY6TR, STM32G0B1RCT6N, STM32G0C1CCT6, STM32G0C1CCT6N, STM32G0C1CCU6N, STM32G0C1CET6N, STM32G0C1CEU6N, STM32G0C1KCT6, STM32G0C1NEY6TR, STM32G0C1RCI6N, STM32G0C1RCT6N, STM32G0C1REI6N, STM32G0C1RET6N, STM32G0C1VCI6, STM32G0C1VEI6, STM32G411C6T3, STM32G411C6T6, STM32G411C6U3, STM32G411C6U6, STM32G411C8T3, STM32G411C8T6, STM32G411C8U3, STM32G411C8U6, STM32G411CBT3, STM32G411CBT6, STM32G411CBU3, STM32G411CBU6, STM32G411K6T3, STM32G411K6T6, STM32G411K6U3, STM32G411K6U6, STM32G411K8T3, STM32G411K8T6, STM32G411K8U3, STM32G411K8U6, STM32G411KBT3, STM32G411KBT6, STM32G411KBU3, STM32G411KBU6, STM32G411M6T3, STM32G411M6T6, STM32G411M8T3, STM32G411M8T6, STM32G411MBT3, STM32G411MBT6, STM32G411R6T3, STM32G411R6T6, STM32G411R8T3, STM32G411R8T6, STM32G411RBT3, STM32G411RBT6, STM32G414CBT3, STM32G414CBT6, STM32G414CBU3, STM32G414CBU6, STM32G414CCT3, STM32G414CCT6, STM32G414CCU3, STM32G414CCU6, STM32G414MBT3, STM32G414MBT6, STM32G414MCT3, STM32G414MCT6, STM32G414RBT3, STM32G414RBT6, STM32G414RCT3, STM32G414RCT6, STM32G414VBT3, STM32G414VBT6, STM32G414VCT3, STM32G414VCT6, STM32G431CBT3Z, STM32G431RBT3Z, STM32G471CCT6, STM32G471CCU6, STM32G471CET3, STM32G471CET6, STM32G471CEU3, STM32G471CEU6, STM32G471MCT6, STM32G471MET3, STM32G471MET6, STM32G471MEY6TR, STM32G471QCT6, STM32G471QET3, STM32G471RCT6, STM32G471RET3, STM32G471RET6, STM32G471VCH6, STM32G471VCI6, STM32G471VCT6, STM32G471VEH3, STM32G471VEH6, STM32G471VEI3, STM32G471VEI6, STM32G471VET3, STM32G471VET6, STM32G473QET3Z, STM32G473RET3Z, STM32G474CCT6, STM32G491RET3Z, STM32H503CBT6, STM32H503CBU6, STM32H503EBY6TR, STM32H503KBU6, STM32H503RBT6, STM32H523CCT6, STM32H523CCU6, STM32H523CET6, STM32H523CEU6, STM32H523HEY6TR, STM32H523RCT6, STM32H523RET6, STM32H523VCI6, STM32H523VCT6, STM32H523VEI6, STM32H523VET6, STM32H523ZCJ6, STM32H523ZCT6, STM32H523ZEJ6, STM32H523ZET6, STM32H533CET6, STM32H533CEU6, STM32H533HEY6TR, STM32H533RET6, STM32H533VEI6, STM32H533VET6, STM32H533ZEJ6, STM32H533ZET6, STM32H562AGI6, STM32H562AII6, STM32H562IGK6, STM32H562IGT6, STM32H562IIK6, STM32H562IIT6, STM32H562RGT6, STM32H562RGV6, STM32H562RIT6, STM32H562RIV6, STM32H562VGT6, STM32H562VIT6, STM32H562ZGT6, STM32H562ZIT6, STM32H563AGI6, STM32H563AII3Q, STM32H563AII6, STM32H563IGK6, STM32H563IGT6, STM32H563IIK3Q, STM32H563IIK6, STM32H563IIT3Q, STM32H563IIT6, STM32H563MIY3QTR, STM32H563RGT6, STM32H563RGV6, STM32H563RIT6, STM32H563RIV6, STM32H563VGT6, STM32H563VIT3Q, STM32H563VIT6, STM32H563ZGT6, STM32H563ZIT3Q, STM32H563ZIT6, STM32H573AII3Q, STM32H573AII6, STM32H573I-DK, STM32H573IIK3Q, STM32H573IIK6, STM32H573IIT3Q, STM32H573IIT6, STM32H573MIY3QTR, STM32H573RIT6, STM32H573RIV6, STM32H573VIT3Q, STM32H573VIT6, STM32H573ZIT3Q, STM32H573ZIT6, STM32H7R3A8I6, STM32H7R3I8K6, STM32H7R3I8T6, STM32H7R3L8H6, STM32H7R3L8H6H, STM32H7R3R8V6, STM32H7R3V8H6, STM32H7R3V8T6, STM32H7R3V8Y6TR, STM32H7R3Z8J6, STM32H7R3Z8T6, STM32H7R7A8I6, STM32H7R7I8K6, STM32H7R7I8T6, STM32H7R7L8H6, STM32H7R7L8H6H, STM32H7R7Z8J6, STM32H7S3A8I6, STM32H7S3I8K6, STM32H7S3I8T6, STM32H7S3L8H6, STM32H7S3L8H6H, STM32H7S3R8V6, STM32H7S3V8H6, STM32H7S3V8T6, STM32H7S3V8Y6TR, STM32H7S3Z8J6, STM32H7S3Z8T6, STM32H7S78-DK, STM32H7S7A8I6, STM32H7S7I8K6, STM32H7S7I8T6, STM32H7S7L8H6, STM32H7S7L8H6H, STM32H7S7Z8J6, STM32L4R5QGI6STR, STM32MP131AAE3, STM32MP131AAF3, STM32MP131AAG3, STM32MP131CAE3, STM32MP131CAF3, STM32MP131CAG3, STM32MP131DAE7, STM32MP131DAF7, STM32MP131DAG7, STM32MP131FAE7, STM32MP131FAF7, STM32MP131FAG7, STM32MP133AAE3, STM32MP133AAF3, STM32MP133AAG3, STM32MP133CAE3, STM32MP133CAF3, STM32MP133CAG3, STM32MP133DAE7, STM32MP133DAF7, STM32MP133DAG7, STM32MP133FAE7, STM32MP133FAF7, STM32MP133FAG7, STM32MP135AAE3, STM32MP135AAF3, STM32MP135AAG3, STM32MP135CAE3, STM32MP135CAF3, STM32MP135CAG3, STM32MP135DAE7, STM32MP135DAF7, STM32MP135DAG7, STM32MP135F-DK, STM32MP135FAE7, STM32MP135FAF7, STM32MP135FAF7T, STM32MP135FAF7U, STM32MP135FAG7, STM32MP251AAI3, STM32MP251AAK3, STM32MP251AAL3, STM32MP251CAI3, STM32MP251CAK3, STM32MP251CAL3, STM32MP251DAI3, STM32MP251DAK3, STM32MP251DAL3, STM32MP251FAI3, STM32MP251FAK3, STM32MP251FAL3, STM32MP253AAI3, STM32MP253AAK3, STM32MP253AAL3, STM32MP253CAI3, STM32MP253CAK3, STM32MP253CAL3, STM32MP253DAI3, STM32MP253DAK3, STM32MP253DAL3, STM32MP253FAI3, STM32MP253FAK3, STM32MP253FAL3, STM32MP255AAI3, STM32MP255AAK3, STM32MP255AAL3, STM32MP255CAI3, STM32MP255CAK3, STM32MP255CAL3, STM32MP255DAI3, STM32MP255DAK3, STM32MP255DAL3, STM32MP255FAI3, STM32MP255FAK3, STM32MP255FAL3, STM32MP257AAI3, STM32MP257AAK3, STM32MP257AAL3, STM32MP257CAI3, STM32MP257CAK3, STM32MP257CAL3, STM32MP257DAI3, STM32MP257DAK3, STM32MP257DAL3, STM32MP257F-DK, STM32MP257F-EV1, STM32MP257FAI3, STM32MP257FAK3, STM32MP257FAL3, STM32U031C6T6, STM32U031C6U6, STM32U031C8T6, STM32U031C8U6, STM32U031F4P6, STM32U031F6P6, STM32U031F8P6, STM32U031G6Y6TR, STM32U031G8Y6TR, STM32U031K4U6, STM32U031K6U6, STM32U031K8U6, STM32U031R6I6, STM32U031R6T6, STM32U031R8I6, STM32U031R8T6, STM32U073C8T6, STM32U073C8U6, STM32U073CBT6, STM32U073CBU6, STM32U073CCT6, STM32U073CCU6, STM32U073H8Y6TR, STM32U073HBY6TR, STM32U073HCY6TR, STM32U073K8U6, STM32U073KBU6, STM32U073KCU6, STM32U073M8I6, STM32U073M8T6, STM32U073MBI6, STM32U073MBT6, STM32U073MCI6, STM32U073MCT6, STM32U073R8I6, STM32U073R8T6, STM32U073RBI6, STM32U073RBT6, STM32U073RCI6, STM32U073RCT6, STM32U083C-DK, STM32U083CCT6, STM32U083CCU6, STM32U083HCY6TR, STM32U083KCU6, STM32U083MCI6, STM32U083MCT6, STM32U083RCI6, STM32U083RCT6, STM32U535CBT6, STM32U535CBT6Q, STM32U535CBU6, STM32U535CBU6Q, STM32U535CCT6, STM32U535CCT6Q, STM32U535CCU6, STM32U535CCU6Q, STM32U535CET6, STM32U535CET6Q, STM32U535CEU6, STM32U535CEU6Q, STM32U535JEY6QTR, STM32U535NCY6QTR, STM32U535NEY6QTR, STM32U535RBI6, STM32U535RBI6Q, STM32U535RBT6, STM32U535RBT6Q, STM32U535RCI6, STM32U535RCI6Q, STM32U535RCT6, STM32U535RCT6Q, STM32U535REI6, STM32U535REI6Q, STM32U535RET6, STM32U535RET6Q, STM32U535VCI6, STM32U535VCI6Q, STM32U535VCT6, STM32U535VCT6Q, STM32U535VEI6, STM32U535VEI6Q, STM32U535VET6, STM32U535VET6Q, STM32U545CET6, STM32U545CET6Q, STM32U545CEU6, STM32U545CEU6Q, STM32U545JEY6QTR, STM32U545NEY6QTR, STM32U545REI6, STM32U545REI6Q, STM32U545RET6, STM32U545RET6Q, STM32U545VEI6, STM32U545VEI6Q, STM32U545VET6, STM32U545VET6Q, STM32U595AIH6, STM32U595AIH6Q, STM32U595AJH6, STM32U595AJH6Q, STM32U595QII6, STM32U595QII6Q, STM32U595QJI6, STM32U595QJI6Q, STM32U595RIT6, STM32U595RIT6Q, STM32U595RJT6, STM32U595RJT6Q, STM32U595VIT6, STM32U595VIT6Q, STM32U595VJT6, STM32U595VJT6Q, STM32U595ZIT6, STM32U595ZIT6Q, STM32U595ZIY6QTR, STM32U595ZJT6, STM32U595ZJT6Q, STM32U595ZJY6QTR, STM32U599BJY6QTR, STM32U599NIH6Q, STM32U599NJH6Q, STM32U599VIT6Q, STM32U599VJT6, STM32U599VJT6Q, STM32U599ZIT6Q, STM32U599ZIY6QTR, STM32U599ZJT6Q, STM32U599ZJY6QTR, STM32U5A5AJH6, STM32U5A5AJH6Q, STM32U5A5QII3Q , STM32U5A5QJI6, STM32U5A5QJI6Q, STM32U5A5RJT6, STM32U5A5RJT6Q, STM32U5A5VJT6, STM32U5A5VJT6Q, STM32U5A5ZJT6, STM32U5A5ZJT6Q, STM32U5A5ZJY6QTR, STM32U5A9BJY6QTR, STM32U5A9J-DK, STM32U5A9NJH6Q, STM32U5A9VJT6Q, STM32U5A9ZJT6Q, STM32U5A9ZJY6QTR, STM32U5F7VIT6, STM32U5F7VIT6Q, STM32U5F7VJT6, STM32U5F7VJT6Q, STM32U5F9BJY6QTR, STM32U5F9NJH6Q, STM32U5F9VIT6Q, STM32U5F9VJT6Q, STM32U5F9ZIJ6QTR, STM32U5F9ZIT6Q, STM32U5F9ZJJ6QTR, STM32U5F9ZJT6Q, STM32U5G7VJT6, STM32U5G7VJT6Q, STM32U5G9BJY6QTR, STM32U5G9J-DK1, STM32U5G9J-DK2, STM32U5G9NJH6Q, STM32U5G9VJT6Q, STM32U5G9ZJJ6QTR, STM32U5G9ZJT6Q, STM32WB05KZV6TR, STM32WB05KZV7TR, STM32WB05TZF6TR, STM32WB05TZF7TR, STM32WB06CCF6TR, STM32WB06CCF7TR, STM32WB06CCV6TR, STM32WB06CCV7TR, STM32WB06KCV6TR, STM32WB06KCV7TR, STM32WB07CCF6TR, STM32WB07CCF7TR, STM32WB07CCV6TR, STM32WB07CCV7TR, STM32WB07KCV6TR, STM32WB07KCV7TR, STM32WB09KEV6TR, STM32WB09KEV7TR, STM32WB09TEF6TR, STM32WB09TEF7TR, STM32WB1MMCH6, STM32WBA50KGU6, STM32WBA50KGU6TR, STM32WBA52CEU6, STM32WBA52CEU6TR, STM32WBA52CEU7, STM32WBA52CEU7TR, STM32WBA52CGU6, STM32WBA52CGU6TR, STM32WBA52CGU6U, STM32WBA52CGU7, STM32WBA52CGU7TR, STM32WBA52KEU6, STM32WBA52KEU6TR, STM32WBA52KGU6, STM32WBA52KGU6TR, STM32WBA54CEU6, STM32WBA54CEU6TR, STM32WBA54CEU7, STM32WBA54CEU7TR, STM32WBA54CGU6, STM32WBA54CGU6TR, STM32WBA54CGU7, STM32WBA54CGU7TR, STM32WBA54KEU6, STM32WBA54KEU6TR, STM32WBA54KEU7, STM32WBA54KEU7TR, STM32WBA54KGU6, STM32WBA54KGU6TR, STM32WBA54KGU7, STM32WBA54KGU7TR, STM32WBA55CEU6, STM32WBA55CEU6TR, STM32WBA55CEU7, STM32WBA55CEU7TR, STM32WBA55CGU6, STM32WBA55CGU6TR, STM32WBA55CGU6U, STM32WBA55CGU7, STM32WBA55CGU7TR, STM32WBA55G-DK1, STM32WBA55HEF6, STM32WBA55HEF7, STM32WBA55HGF6, STM32WBA55HGF7, STM32WBA55UEI6, STM32WBA55UEI6TR, STM32WBA55UEI7, STM32WBA55UEI7TR, STM32WBA55UGI6, STM32WBA55UGI6TR, STM32WBA55UGI7, STM32WBA55UGI7TR, STM32WL5MOCH6, STM32WL5MOCH6TR]
2026-06-03 06:10:43,808 [INFO] DbMcus:218 - Found 5076 MCUs, 4958 are supported
2026-06-03 06:10:43,808 [INFO] ApiDb:423 - Load user favorites file C:\Users\Admin/.stm32cubeide/favorites.mcus.txt: 0 item(s)
2026-06-03 06:10:43,808 [INFO] ApiDb:427 - User favorites MCUs=[]
2026-06-03 06:10:43,809 [INFO] DbMcus:224 - Set 0 / 0 favorites MCUs
2026-06-03 06:10:44,528 [INFO] ApiDb:448 - Save user favorites file C:\Users\Admin/.stm32cubeide/favorites.boards.txt: 0 item(s)
2026-06-03 06:10:44,528 [INFO] ApiDb:452 - User favorites Boards=[]
2026-06-03 06:10:44,531 [INFO] ApiDb:581 - Connected to CubeFinder SQLite database (C:\Users\Admin\.stmcufinder\plugins\mcufinder\mcu\cube-finder-db.db)
2026-06-03 06:10:44,649 [INFO] ApiDb:668 - CubeFinder database Data Model version=2.1
2026-06-03 06:10:44,650 [INFO] ApiDb:669 - CubeFinder database Configuration version=3.0.42
2026-06-03 06:10:44,650 [INFO] ApiDb:670 - CubeFinder database generation date=2026-05-06 (1778060171)
2026-06-03 06:10:44,650 [INFO] ApiDb:671 - CubeFinder database FW Pack versions=[FP-ATR-ASTRA1_V2.0.0, FP-SNS-FLIGHT1_V5.1.0, FP-SNS-MOTENV1_V5.1.0, FP-SNS-MOTENVWB1_V1.5.0, FP-SNS-SMARTAG2_V1.2.0, FP-SNS-STBOX1_V2.1.0, STM32Cube_FW_C0_V1.4.0, STM32Cube_FW_F4_V1.28.3, STM32Cube_FW_F7_V1.17.4, STM32Cube_FW_G0_V1.6.3, STM32Cube_FW_G4_V1.6.2, STM32Cube_FW_H5_V1.6.0, STM32Cube_FW_H7RS_V1.3.0, STM32Cube_FW_H7_V1.13.0, STM32Cube_FW_L0_V1.12.2, STM32Cube_FW_L4_V1.18.2, STM32Cube_FW_L5_V1.6.0, STM32Cube_FW_N6_V1.3.0, STM32Cube_FW_U0_V1.3.0, STM32Cube_FW_U3_V1.3.0, STM32Cube_FW_U5_V1.8.0, STM32Cube_FW_WB0_V1.4.0, STM32Cube_FW_WBA_V1.9.0, STM32Cube_FW_WB_V1.24.0, STM32Cube_FW_WL3_V1.4.0, STM32Cube_FW_WL_V1.5.0, X-CUBE-ALGOBUILD_V1.4.0, X-CUBE-ALS_V1.0.2, X-CUBE-AZRTOS-F4_V1.1.0, X-CUBE-AZRTOS-F7_V1.1.0, X-CUBE-AZRTOS-G0_V1.1.0, X-CUBE-AZRTOS-G4_V2.0.0, X-CUBE-AZRTOS-H7RS_V1.1.0, X-CUBE-AZRTOS-H7_V3.5.0, X-CUBE-AZRTOS-L4_V2.0.0, X-CUBE-AZRTOS-L5_V2.0.0, X-CUBE-AZRTOS-WB_V2.0.0, X-CUBE-AZRTOS-WL_V2.0.0, X-CUBE-BLE1_V7.1.0, X-CUBE-BLE2_V3.3.0, X-CUBE-BLEMGR_V4.1.0, X-CUBE-EEPRMA1_V5.2.0, X-CUBE-FREERTOS_V1.5.0, X-CUBE-GNSS1_V6.0.0, X-CUBE-MEMS1_V12.0.0, X-CUBE-NFC4_V3.0.0, X-CUBE-NFC7_V2.0.0, X-CUBE-SFXS2LP1_V4.0.0, X-CUBE-ST67W61_V1.2.0, X-CUBE-SUBG2_V5.0.0, X-CUBE-TOF1_V3.4.3]
2026-06-03 06:10:44,716 [INFO] DbBoardsSqlite:226 - include board P-NUCLEO-WB55-NUCLEO as a kit item of type 'Nucleo-64'
2026-06-03 06:10:44,716 [INFO] DbBoardsSqlite:226 - include board P-NUCLEO-WB55-USBDONGLE as a kit item of type 'Nucleo USB Dongle'
2026-06-03 06:10:44,716 [INFO] DbBoardsSqlite:226 - include board STEVAL-IDP005V1 as a kit item of type 'Evaluation Board'
2026-06-03 06:10:44,716 [INFO] DbBoardsSqlite:226 - include board STEVAL-IDP005V2 as a kit item of type 'Evaluation Board'
2026-06-03 06:10:44,831 [INFO] ApiDb:240 - Found 646 in-development CPN: [B-G473E-ZEST1S, B-WB1M-WPAN1, B-WL5M-SUBG1, NUCLEO-C031C6, NUCLEO-C071RB, NUCLEO-H503RB, NUCLEO-H533RE, NUCLEO-H563ZI, NUCLEO-H7S3L8, NUCLEO-U031R8, NUCLEO-U083RC, NUCLEO-U545RE-Q, NUCLEO-U5A5ZJ-Q, NUCLEO-WB05KZ, NUCLEO-WB07CC, NUCLEO-WB09KE, NUCLEO-WBA52CG, NUCLEO-WBA55CG, STEVAL-PROTEUS1, STEVAL-SMARTAG2, STEVAL-STWINBX1, STM320518-EVAL, STM32C0116-DK, STM32C011D6Y3TR, STM32C011D6Y6TR, STM32C011F4P3, STM32C011F4P6, STM32C011F4U3, STM32C011F4U6TR, STM32C011F6P3, STM32C011F6P6, STM32C011F6U3, STM32C011F6U6TR, STM32C011J4M3, STM32C011J4M6, STM32C011J6M3, STM32C011J6M6, STM32C0316-DK, STM32C031C4T3, STM32C031C4T6, STM32C031C4U3, STM32C031C4U6, STM32C031C6T3, STM32C031C6T6, STM32C031C6U3, STM32C031C6U6, STM32C031F4P3, STM32C031F4P6, STM32C031F6P3, STM32C031F6P6, STM32C031G4U3, STM32C031G4U6, STM32C031G6U3, STM32C031G6U6, STM32C031K4T3, STM32C031K4T6, STM32C031K4U3, STM32C031K4U6, STM32C031K6T3, STM32C031K6T6, STM32C031K6U3, STM32C031K6U6, STM32C071C8T6, STM32C071C8T6N, STM32C071C8U6, STM32C071C8U6N, STM32C071CBT6, STM32C071CBT6N, STM32C071CBU6, STM32C071CBU6N, STM32C071F8P6, STM32C071F8P6N, STM32C071FBP6, STM32C071FBP6N, STM32C071FBY6TR, STM32C071G8U6, STM32C071G8U6N, STM32C071GBU6, STM32C071GBU6N, STM32C071K8T6, STM32C071K8T6N, STM32C071K8U6, STM32C071K8U6N, STM32C071KBT6, STM32C071KBT6N, STM32C071KBU6, STM32C071KBU6N, STM32C071R8T6, STM32C071R8T6N, STM32C071RBI6N, STM32C071RBT6, STM32C071RBT6N, STM32G071K8TXN, STM32G071K8UXN, STM32G081GBU6N, STM32G081KBT6N, STM32G081KBUXN, STM32G0B1CCT6N, STM32G0B1KCT6, STM32G0B1NEY6TR, STM32G0B1RCT6N, STM32G0C1CCT6, STM32G0C1CCT6N, STM32G0C1CCU6N, STM32G0C1CET6N, STM32G0C1CEU6N, STM32G0C1KCT6, STM32G0C1NEY6TR, STM32G0C1RCI6N, STM32G0C1RCT6N, STM32G0C1REI6N, STM32G0C1RET6N, STM32G0C1VCI6, STM32G0C1VEI6, STM32G411C6T3, STM32G411C6T6, STM32G411C6U3, STM32G411C6U6, STM32G411C8T3, STM32G411C8T6, STM32G411C8U3, STM32G411C8U6, STM32G411CBT3, STM32G411CBT6, STM32G411CBU3, STM32G411CBU6, STM32G411K6T3, STM32G411K6T6, STM32G411K6U3, STM32G411K6U6, STM32G411K8T3, STM32G411K8T6, STM32G411K8U3, STM32G411K8U6, STM32G411KBT3, STM32G411KBT6, STM32G411KBU3, STM32G411KBU6, STM32G411M6T3, STM32G411M6T6, STM32G411M8T3, STM32G411M8T6, STM32G411MBT3, STM32G411MBT6, STM32G411R6T3, STM32G411R6T6, STM32G411R8T3, STM32G411R8T6, STM32G411RBT3, STM32G411RBT6, STM32G414CBT3, STM32G414CBT6, STM32G414CBU3, STM32G414CBU6, STM32G414CCT3, STM32G414CCT6, STM32G414CCU3, STM32G414CCU6, STM32G414MBT3, STM32G414MBT6, STM32G414MCT3, STM32G414MCT6, STM32G414RBT3, STM32G414RBT6, STM32G414RCT3, STM32G414RCT6, STM32G414VBT3, STM32G414VBT6, STM32G414VCT3, STM32G414VCT6, STM32G431CBT3Z, STM32G431RBT3Z, STM32G471CCT6, STM32G471CCU6, STM32G471CET3, STM32G471CET6, STM32G471CEU3, STM32G471CEU6, STM32G471MCT6, STM32G471MET3, STM32G471MET6, STM32G471MEY6TR, STM32G471QCT6, STM32G471QET3, STM32G471RCT6, STM32G471RET3, STM32G471RET6, STM32G471VCH6, STM32G471VCI6, STM32G471VCT6, STM32G471VEH3, STM32G471VEH6, STM32G471VEI3, STM32G471VEI6, STM32G471VET3, STM32G471VET6, STM32G473QET3Z, STM32G473RET3Z, STM32G474CCT6, STM32G491RET3Z, STM32H503CBT6, STM32H503CBU6, STM32H503EBY6TR, STM32H503KBU6, STM32H503RBT6, STM32H523CCT6, STM32H523CCU6, STM32H523CET6, STM32H523CEU6, STM32H523HEY6TR, STM32H523RCT6, STM32H523RET6, STM32H523VCI6, STM32H523VCT6, STM32H523VEI6, STM32H523VET6, STM32H523ZCJ6, STM32H523ZCT6, STM32H523ZEJ6, STM32H523ZET6, STM32H533CET6, STM32H533CEU6, STM32H533HEY6TR, STM32H533RET6, STM32H533VEI6, STM32H533VET6, STM32H533ZEJ6, STM32H533ZET6, STM32H562AGI6, STM32H562AII6, STM32H562IGK6, STM32H562IGT6, STM32H562IIK6, STM32H562IIT6, STM32H562RGT6, STM32H562RGV6, STM32H562RIT6, STM32H562RIV6, STM32H562VGT6, STM32H562VIT6, STM32H562ZGT6, STM32H562ZIT6, STM32H563AGI6, STM32H563AII3Q, STM32H563AII6, STM32H563IGK6, STM32H563IGT6, STM32H563IIK3Q, STM32H563IIK6, STM32H563IIT3Q, STM32H563IIT6, STM32H563MIY3QTR, STM32H563RGT6, STM32H563RGV6, STM32H563RIT6, STM32H563RIV6, STM32H563VGT6, STM32H563VIT3Q, STM32H563VIT6, STM32H563ZGT6, STM32H563ZIT3Q, STM32H563ZIT6, STM32H573AII3Q, STM32H573AII6, STM32H573I-DK, STM32H573IIK3Q, STM32H573IIK6, STM32H573IIT3Q, STM32H573IIT6, STM32H573MIY3QTR, STM32H573RIT6, STM32H573RIV6, STM32H573VIT3Q, STM32H573VIT6, STM32H573ZIT3Q, STM32H573ZIT6, STM32H7R3A8I6, STM32H7R3I8K6, STM32H7R3I8T6, STM32H7R3L8H6, STM32H7R3L8H6H, STM32H7R3R8V6, STM32H7R3V8H6, STM32H7R3V8T6, STM32H7R3V8Y6TR, STM32H7R3Z8J6, STM32H7R3Z8T6, STM32H7R7A8I6, STM32H7R7I8K6, STM32H7R7I8T6, STM32H7R7L8H6, STM32H7R7L8H6H, STM32H7R7Z8J6, STM32H7S3A8I6, STM32H7S3I8K6, STM32H7S3I8T6, STM32H7S3L8H6, STM32H7S3L8H6H, STM32H7S3R8V6, STM32H7S3V8H6, STM32H7S3V8T6, STM32H7S3V8Y6TR, STM32H7S3Z8J6, STM32H7S3Z8T6, STM32H7S78-DK, STM32H7S7A8I6, STM32H7S7I8K6, STM32H7S7I8T6, STM32H7S7L8H6, STM32H7S7L8H6H, STM32H7S7Z8J6, STM32L4R5QGI6STR, STM32MP131AAE3, STM32MP131AAF3, STM32MP131AAG3, STM32MP131CAE3, STM32MP131CAF3, STM32MP131CAG3, STM32MP131DAE7, STM32MP131DAF7, STM32MP131DAG7, STM32MP131FAE7, STM32MP131FAF7, STM32MP131FAG7, STM32MP133AAE3, STM32MP133AAF3, STM32MP133AAG3, STM32MP133CAE3, STM32MP133CAF3, STM32MP133CAG3, STM32MP133DAE7, STM32MP133DAF7, STM32MP133DAG7, STM32MP133FAE7, STM32MP133FAF7, STM32MP133FAG7, STM32MP135AAE3, STM32MP135AAF3, STM32MP135AAG3, STM32MP135CAE3, STM32MP135CAF3, STM32MP135CAG3, STM32MP135DAE7, STM32MP135DAF7, STM32MP135DAG7, STM32MP135F-DK, STM32MP135FAE7, STM32MP135FAF7, STM32MP135FAF7T, STM32MP135FAF7U, STM32MP135FAG7, STM32MP251AAI3, STM32MP251AAK3, STM32MP251AAL3, STM32MP251CAI3, STM32MP251CAK3, STM32MP251CAL3, STM32MP251DAI3, STM32MP251DAK3, STM32MP251DAL3, STM32MP251FAI3, STM32MP251FAK3, STM32MP251FAL3, STM32MP253AAI3, STM32MP253AAK3, STM32MP253AAL3, STM32MP253CAI3, STM32MP253CAK3, STM32MP253CAL3, STM32MP253DAI3, STM32MP253DAK3, STM32MP253DAL3, STM32MP253FAI3, STM32MP253FAK3, STM32MP253FAL3, STM32MP255AAI3, STM32MP255AAK3, STM32MP255AAL3, STM32MP255CAI3, STM32MP255CAK3, STM32MP255CAL3, STM32MP255DAI3, STM32MP255DAK3, STM32MP255DAL3, STM32MP255FAI3, STM32MP255FAK3, STM32MP255FAL3, STM32MP257AAI3, STM32MP257AAK3, STM32MP257AAL3, STM32MP257CAI3, STM32MP257CAK3, STM32MP257CAL3, STM32MP257DAI3, STM32MP257DAK3, STM32MP257DAL3, STM32MP257F-DK, STM32MP257F-EV1, STM32MP257FAI3, STM32MP257FAK3, STM32MP257FAL3, STM32U031C6T6, STM32U031C6U6, STM32U031C8T6, STM32U031C8U6, STM32U031F4P6, STM32U031F6P6, STM32U031F8P6, STM32U031G6Y6TR, STM32U031G8Y6TR, STM32U031K4U6, STM32U031K6U6, STM32U031K8U6, STM32U031R6I6, STM32U031R6T6, STM32U031R8I6, STM32U031R8T6, STM32U073C8T6, STM32U073C8U6, STM32U073CBT6, STM32U073CBU6, STM32U073CCT6, STM32U073CCU6, STM32U073H8Y6TR, STM32U073HBY6TR, STM32U073HCY6TR, STM32U073K8U6, STM32U073KBU6, STM32U073KCU6, STM32U073M8I6, STM32U073M8T6, STM32U073MBI6, STM32U073MBT6, STM32U073MCI6, STM32U073MCT6, STM32U073R8I6, STM32U073R8T6, STM32U073RBI6, STM32U073RBT6, STM32U073RCI6, STM32U073RCT6, STM32U083C-DK, STM32U083CCT6, STM32U083CCU6, STM32U083HCY6TR, STM32U083KCU6, STM32U083MCI6, STM32U083MCT6, STM32U083RCI6, STM32U083RCT6, STM32U535CBT6, STM32U535CBT6Q, STM32U535CBU6, STM32U535CBU6Q, STM32U535CCT6, STM32U535CCT6Q, STM32U535CCU6, STM32U535CCU6Q, STM32U535CET6, STM32U535CET6Q, STM32U535CEU6, STM32U535CEU6Q, STM32U535JEY6QTR, STM32U535NCY6QTR, STM32U535NEY6QTR, STM32U535RBI6, STM32U535RBI6Q, STM32U535RBT6, STM32U535RBT6Q, STM32U535RCI6, STM32U535RCI6Q, STM32U535RCT6, STM32U535RCT6Q, STM32U535REI6, STM32U535REI6Q, STM32U535RET6, STM32U535RET6Q, STM32U535VCI6, STM32U535VCI6Q, STM32U535VCT6, STM32U535VCT6Q, STM32U535VEI6, STM32U535VEI6Q, STM32U535VET6, STM32U535VET6Q, STM32U545CET6, STM32U545CET6Q, STM32U545CEU6, STM32U545CEU6Q, STM32U545JEY6QTR, STM32U545NEY6QTR, STM32U545REI6, STM32U545REI6Q, STM32U545RET6, STM32U545RET6Q, STM32U545VEI6, STM32U545VEI6Q, STM32U545VET6, STM32U545VET6Q, STM32U595AIH6, STM32U595AIH6Q, STM32U595AJH6, STM32U595AJH6Q, STM32U595QII6, STM32U595QII6Q, STM32U595QJI6, STM32U595QJI6Q, STM32U595RIT6, STM32U595RIT6Q, STM32U595RJT6, STM32U595RJT6Q, STM32U595VIT6, STM32U595VIT6Q, STM32U595VJT6, STM32U595VJT6Q, STM32U595ZIT6, STM32U595ZIT6Q, STM32U595ZIY6QTR, STM32U595ZJT6, STM32U595ZJT6Q, STM32U595ZJY6QTR, STM32U599BJY6QTR, STM32U599NIH6Q, STM32U599NJH6Q, STM32U599VIT6Q, STM32U599VJT6, STM32U599VJT6Q, STM32U599ZIT6Q, STM32U599ZIY6QTR, STM32U599ZJT6Q, STM32U599ZJY6QTR, STM32U5A5AJH6, STM32U5A5AJH6Q, STM32U5A5QII3Q , STM32U5A5QJI6, STM32U5A5QJI6Q, STM32U5A5RJT6, STM32U5A5RJT6Q, STM32U5A5VJT6, STM32U5A5VJT6Q, STM32U5A5ZJT6, STM32U5A5ZJT6Q, STM32U5A5ZJY6QTR, STM32U5A9BJY6QTR, STM32U5A9J-DK, STM32U5A9NJH6Q, STM32U5A9VJT6Q, STM32U5A9ZJT6Q, STM32U5A9ZJY6QTR, STM32U5F7VIT6, STM32U5F7VIT6Q, STM32U5F7VJT6, STM32U5F7VJT6Q, STM32U5F9BJY6QTR, STM32U5F9NJH6Q, STM32U5F9VIT6Q, STM32U5F9VJT6Q, STM32U5F9ZIJ6QTR, STM32U5F9ZIT6Q, STM32U5F9ZJJ6QTR, STM32U5F9ZJT6Q, STM32U5G7VJT6, STM32U5G7VJT6Q, STM32U5G9BJY6QTR, STM32U5G9J-DK1, STM32U5G9J-DK2, STM32U5G9NJH6Q, STM32U5G9VJT6Q, STM32U5G9ZJJ6QTR, STM32U5G9ZJT6Q, STM32WB05KZV6TR, STM32WB05KZV7TR, STM32WB05TZF6TR, STM32WB05TZF7TR, STM32WB06CCF6TR, STM32WB06CCF7TR, STM32WB06CCV6TR, STM32WB06CCV7TR, STM32WB06KCV6TR, STM32WB06KCV7TR, STM32WB07CCF6TR, STM32WB07CCF7TR, STM32WB07CCV6TR, STM32WB07CCV7TR, STM32WB07KCV6TR, STM32WB07KCV7TR, STM32WB09KEV6TR, STM32WB09KEV7TR, STM32WB09TEF6TR, STM32WB09TEF7TR, STM32WB1MMCH6, STM32WBA50KGU6, STM32WBA50KGU6TR, STM32WBA52CEU6, STM32WBA52CEU6TR, STM32WBA52CEU7, STM32WBA52CEU7TR, STM32WBA52CGU6, STM32WBA52CGU6TR, STM32WBA52CGU6U, STM32WBA52CGU7, STM32WBA52CGU7TR, STM32WBA52KEU6, STM32WBA52KEU6TR, STM32WBA52KGU6, STM32WBA52KGU6TR, STM32WBA54CEU6, STM32WBA54CEU6TR, STM32WBA54CEU7, STM32WBA54CEU7TR, STM32WBA54CGU6, STM32WBA54CGU6TR, STM32WBA54CGU7, STM32WBA54CGU7TR, STM32WBA54KEU6, STM32WBA54KEU6TR, STM32WBA54KEU7, STM32WBA54KEU7TR, STM32WBA54KGU6, STM32WBA54KGU6TR, STM32WBA54KGU7, STM32WBA54KGU7TR, STM32WBA55CEU6, STM32WBA55CEU6TR, STM32WBA55CEU7, STM32WBA55CEU7TR, STM32WBA55CGU6, STM32WBA55CGU6TR, STM32WBA55CGU6U, STM32WBA55CGU7, STM32WBA55CGU7TR, STM32WBA55G-DK1, STM32WBA55HEF6, STM32WBA55HEF7, STM32WBA55HGF6, STM32WBA55HGF7, STM32WBA55UEI6, STM32WBA55UEI6TR, STM32WBA55UEI7, STM32WBA55UEI7TR, STM32WBA55UGI6, STM32WBA55UGI6TR, STM32WBA55UGI7, STM32WBA55UGI7TR, STM32WL5MOCH6, STM32WL5MOCH6TR]
2026-06-03 06:10:44,853 [INFO] BoardInfo:889 - No configuration file found for board B-WBA5M-WPAN
2026-06-03 06:10:44,854 [INFO] DbBoards:161 - Board is not supported: B-WBA5M-WPAN
2026-06-03 06:10:44,859 [INFO] BoardInfo:889 - No configuration file found for board NUCLEO-C051C8
2026-06-03 06:10:44,860 [INFO] DbBoards:161 - Board is not supported: NUCLEO-C051C8
2026-06-03 06:10:44,864 [INFO] BoardInfo:889 - No configuration file found for board NUCLEO-C092RC
2026-06-03 06:10:44,865 [INFO] DbBoards:161 - Board is not supported: NUCLEO-C092RC
2026-06-03 06:10:44,933 [INFO] BoardInfo:889 - No configuration file found for board NUCLEO-H5E5ZJ
2026-06-03 06:10:44,934 [INFO] DbBoards:161 - Board is not supported: NUCLEO-H5E5ZJ
2026-06-03 06:10:44,986 [INFO] BoardInfo:889 - No configuration file found for board NUCLEO-N657X0-Q
2026-06-03 06:10:44,987 [INFO] DbBoards:161 - Board is not supported: NUCLEO-N657X0-Q
2026-06-03 06:10:44,991 [INFO] BoardInfo:889 - No configuration file found for board NUCLEO-U385RG-Q
2026-06-03 06:10:44,993 [INFO] DbBoards:161 - Board is not supported: NUCLEO-U385RG-Q
2026-06-03 06:10:44,993 [INFO] BoardInfo:889 - No configuration file found for board NUCLEO-U3C5ZI-Q
2026-06-03 06:10:44,994 [INFO] DbBoards:161 - Board is not supported: NUCLEO-U3C5ZI-Q
2026-06-03 06:10:45,010 [INFO] BoardInfo:889 - No configuration file found for board NUCLEO-WBA25CE1
2026-06-03 06:10:45,012 [INFO] DbBoards:161 - Board is not supported: NUCLEO-WBA25CE1
2026-06-03 06:10:45,017 [INFO] BoardInfo:889 - No configuration file found for board NUCLEO-WBA65RI
2026-06-03 06:10:45,017 [INFO] DbBoards:161 - Board is not supported: NUCLEO-WBA65RI
2026-06-03 06:10:45,019 [INFO] BoardInfo:889 - No configuration file found for board NUCLEO-WL33CC1
2026-06-03 06:10:45,020 [INFO] DbBoards:161 - Board is not supported: NUCLEO-WL33CC1
2026-06-03 06:10:45,020 [INFO] BoardInfo:889 - No configuration file found for board NUCLEO-WL33CC2
2026-06-03 06:10:45,021 [INFO] DbBoards:161 - Board is not supported: NUCLEO-WL33CC2
2026-06-03 06:10:45,023 [INFO] BoardInfo:889 - No configuration file found for board NUCLEO-WL3RKB1
2026-06-03 06:10:45,023 [INFO] DbBoards:161 - Board is not supported: NUCLEO-WL3RKB1
2026-06-03 06:10:45,024 [INFO] BoardInfo:889 - No configuration file found for board NUCLEO-WL3RKB2
2026-06-03 06:10:45,025 [INFO] DbBoards:161 - Board is not supported: NUCLEO-WL3RKB2
2026-06-03 06:10:45,034 [INFO] BoardInfo:889 - No configuration file found for board P-NUCLEO-WB55
2026-06-03 06:10:45,034 [INFO] DbBoards:161 - Kit is not supported: P-NUCLEO-WB55
2026-06-03 06:10:45,041 [INFO] BoardInfo:889 - No configuration file found for board STEVAL-BFA001V1B
2026-06-03 06:10:45,041 [INFO] DbBoards:161 - Kit is not supported: STEVAL-BFA001V1B
2026-06-03 06:10:45,042 [INFO] BoardInfo:889 - No configuration file found for board STEVAL-BFA001V2B
2026-06-03 06:10:45,043 [INFO] DbBoards:161 - Kit is not supported: STEVAL-BFA001V2B
2026-06-03 06:10:45,160 [INFO] BoardInfo:889 - No configuration file found for board STM32H5F5J-DK
2026-06-03 06:10:45,161 [INFO] DbBoards:161 - Board is not supported: STM32H5F5J-DK
2026-06-03 06:10:45,223 [INFO] BoardInfo:889 - No configuration file found for board STM32MP215F-DK
2026-06-03 06:10:45,224 [INFO] DbBoards:161 - Board is not supported: STM32MP215F-DK
2026-06-03 06:10:45,228 [INFO] BoardInfo:889 - No configuration file found for board STM32N6570-DK
2026-06-03 06:10:45,230 [INFO] DbBoards:161 - Board is not supported: STM32N6570-DK
2026-06-03 06:10:45,243 [INFO] BoardInfo:889 - No configuration file found for board STM32WBA65I-DK1
2026-06-03 06:10:45,244 [INFO] DbBoards:161 - Board is not supported: STM32WBA65I-DK1
2026-06-03 06:10:45,244 [INFO] DbBoards:168 - Found 218 boards, 198 are supported
2026-06-03 06:10:45,244 [INFO] DbBoards:169 - Found 218 boards, 25 of them is supported for  Bsp
2026-06-03 06:10:45,249 [INFO] ApiDb:423 - Load user favorites file C:\Users\Admin/.stm32cubeide/favorites.boards.txt: 0 item(s)
2026-06-03 06:10:45,249 [INFO] ApiDb:427 - User favorites Boards=[]
2026-06-03 06:10:45,249 [INFO] DbBoards:198 - Set 0 / 0 favorites Boards
2026-06-03 06:10:45,255 [ERROR] TargetSelectorAdapter:267 - Unable to refresh data
2026-06-03 06:10:45,350 [INFO] McuFinderGlobals:76 - Set McuFinderConnectedMode to true
2026-06-03 06:10:45,351 [INFO] MultiScanPanel:200 - Auto-refresh data requested => check proxy status ongoing
2026-06-03 06:10:45,351 [INFO] FinderPluginLoader:95 - Searching for filters in installed packs
2026-06-03 06:10:46,561 [INFO] LoadUrlFilesThread:185 - End of LoadServerUrlFiles without Thread
2026-06-03 06:10:46,562 [INFO] DetailPanel:341 - Set advertising image to C:/Users/Admin/STM32Cube/Repository/\en.prom-stm32wl3r-0526.jpg
2026-06-03 06:11:19,327 [INFO] MainUpdater:2873 - connection check result : 10
2026-06-03 06:11:19,328 [INFO] MainUpdater:2873 - connection check result : 10
2026-06-03 06:11:19,519 [INFO] RulesReader:64 - Compatibility file has been processed (297 Rules)
2026-06-03 06:11:19,534 [INFO] RulesReader:64 - Compatibility file has been processed (297 Rules)
2026-06-03 06:11:19,546 [INFO] MicroXplorer:468 - Change Database Path : 
2026-06-03 06:11:19,546 [INFO] MicroXplorer:498 - Change Database Version : DB.6.0.120
2026-06-03 06:11:19,556 [WARN] ThirdParty:871 - waiting for thirdparty lock release [close project]
2026-06-03 06:11:19,556 [INFO] ThirdParty:873 - entering critical section [close project]
2026-06-03 06:11:19,558 [INFO] ThirdParty:883 - exiting critical section [close project]
2026-06-03 06:11:19,564 [INFO] PinOutPanel:1561 - setPackage(No Configuration,No Configuration)
2026-06-03 06:11:19,570 [INFO] UtilMem:75 - Begin LoadConfig() Used Memory: 582439664 Bytes (1073741824)
2026-06-03 06:11:19,572 [INFO] MicroXplorer:468 - Change Database Path : 
2026-06-03 06:11:19,572 [INFO] MicroXplorer:498 - Change Database Version : DB.6.0.120
2026-06-03 06:11:19,572 [INFO] OpenFileManager:332 - Change cursor
2026-06-03 06:11:19,755 [INFO] Mcu:2032 - Initializing MCU STM32F407VGTx STM32F407VGTx STM32F407VGT6
2026-06-03 06:11:22,719 [INFO] Context:742 - Trying to add GPIOservice into a context  which must be forbidden
2026-06-03 06:11:23,518 [INFO] ImportTextPane:205 - (OptionalMessage_ERROR) Unable to find key (Mcu.ThirdPartyNb) in loaded IOC file
2026-06-03 06:11:23,519 [INFO] ImportTextPane:205 - (OptionalMessage_ERROR) Unable to find key (Mcu.PinsNb) in loaded IOC file
2026-06-03 06:11:23,519 [INFO] ImportTextPane:205 - (OptionalMessage_ERROR) Unable to find key (Mcu.IPNb) in loaded IOC file
2026-06-03 06:11:23,913 [INFO] RtosManager:555 - Registered RTOS mode: class=CMSIS, group=RTOS, mode=CMSIS_V1, owner=FREERTOS
2026-06-03 06:11:23,913 [INFO] RtosManager:555 - Registered RTOS mode: class=CMSIS, group=RTOS2, mode=CMSIS_V2, owner=FREERTOS
2026-06-03 06:11:23,914 [INFO] RtosManager:555 - Registered RTOS mode: class=RTOS, group=Core, mode=CMSIS_V1, owner=FREERTOS
2026-06-03 06:11:23,914 [INFO] RtosManager:555 - Registered RTOS mode: class=RTOS, group=Core, mode=CMSIS_V2, owner=FREERTOS
2026-06-03 06:11:23,914 [WARN] ModelIntegratedComponent:184 - Missing modes for component STMicroelectronics:FreeRTOS:0.0.1:STMicroelectronics:RTOS:FreeRTOS:Core:::10.2.0:
2026-06-03 06:11:23,925 [WARN] ModelIntegratedComponent:63 - No mode defined for component null
2026-06-03 06:11:23,925 [WARN] ModelIntegratedComponent:63 - No mode defined for component null
2026-06-03 06:11:23,925 [WARN] ModelIntegratedComponent:63 - No mode defined for component null
2026-06-03 06:11:23,925 [WARN] ModelIntegratedComponent:63 - No mode defined for component null
2026-06-03 06:11:23,925 [WARN] ModelIntegratedComponent:63 - No mode defined for component null
2026-06-03 06:11:23,925 [WARN] ModelIntegratedComponent:63 - No mode defined for component null
2026-06-03 06:11:23,925 [WARN] ModelIntegratedComponent:63 - No mode defined for component null
2026-06-03 06:11:23,925 [WARN] ModelIntegratedComponent:63 - No mode defined for component null
2026-06-03 06:11:23,925 [WARN] ModelIntegratedComponent:63 - No mode defined for component null
2026-06-03 06:11:23,926 [WARN] ModelIntegratedComponent:63 - No mode defined for component null
2026-06-03 06:11:23,926 [WARN] ModelIntegratedComponent:63 - No mode defined for component null
2026-06-03 06:11:23,926 [WARN] ModelIntegratedComponent:63 - No mode defined for component null
2026-06-03 06:11:23,926 [WARN] ModelIntegratedComponent:63 - No mode defined for component null
2026-06-03 06:11:23,926 [WARN] ModelIntegratedComponent:63 - No mode defined for component null
2026-06-03 06:11:23,926 [WARN] ModelIntegratedComponent:63 - No mode defined for component null
2026-06-03 06:11:23,926 [WARN] ModelIntegratedComponent:63 - No mode defined for component null
2026-06-03 06:11:23,926 [WARN] ModelIntegratedComponent:63 - No mode defined for component null
2026-06-03 06:11:23,926 [WARN] ModelIntegratedComponent:63 - No mode defined for component null
2026-06-03 06:11:23,926 [WARN] ModelIntegratedComponent:63 - No mode defined for component null
2026-06-03 06:11:23,926 [WARN] ModelIntegratedComponent:63 - No mode defined for component null
2026-06-03 06:11:23,926 [WARN] ModelIntegratedComponent:63 - No mode defined for component null
2026-06-03 06:11:23,926 [WARN] ModelIntegratedComponent:63 - No mode defined for component null
2026-06-03 06:11:23,926 [WARN] ModelIntegratedComponent:63 - No mode defined for component null
2026-06-03 06:11:23,926 [WARN] ModelIntegratedComponent:63 - No mode defined for component null
2026-06-03 06:11:23,926 [WARN] ModelIntegratedComponent:63 - No mode defined for component null
2026-06-03 06:11:23,926 [WARN] ModelIntegratedComponent:63 - No mode defined for component null
2026-06-03 06:11:23,926 [WARN] ModelIntegratedComponent:63 - No mode defined for component null
2026-06-03 06:11:23,926 [WARN] ModelIntegratedComponent:63 - No mode defined for component null
2026-06-03 06:11:23,926 [WARN] ModelIntegratedComponent:63 - No mode defined for component null
2026-06-03 06:11:23,926 [WARN] ModelIntegratedComponent:63 - No mode defined for component null
2026-06-03 06:11:23,927 [WARN] ModelIntegratedComponent:63 - No mode defined for component null
2026-06-03 06:11:23,927 [WARN] ModelIntegratedComponent:63 - No mode defined for component null
2026-06-03 06:11:23,927 [WARN] ModelIntegratedComponent:63 - No mode defined for component null
2026-06-03 06:11:23,927 [WARN] ModelIntegratedComponent:63 - No mode defined for component null
2026-06-03 06:11:23,927 [WARN] ModelIntegratedComponent:63 - No mode defined for component null
2026-06-03 06:11:23,927 [WARN] ModelPack:524 - Component already loaded: STMicroelectronics:HAL Drivers:0.0.0:STMicroelectronics:Device:STMicro_Driver:XSPI:HAL::0.0.1:HAL_XSPI
2026-06-03 06:11:24,517 [INFO] ThirdPartyModel:298 - Start build external matchings
2026-06-03 06:11:28,464 [INFO] ThirdPartyModel:316 - End build external matchings
2026-06-03 06:11:29,124 [INFO] UtilMem:75 - End LoadConfig() Used Memory: 656256992 Bytes (1073741824)
2026-06-03 06:11:29,175 [WARN] ThirdParty:833 - waiting for thirdparty lock release [change project]
2026-06-03 06:11:29,176 [INFO] ThirdParty:835 - entering critical section [change project]
2026-06-03 06:11:29,176 [INFO] ThirdParty:1030 - CMSIS Pack Vendor :STMicroelectronics X-CUBE-AZRTOS-H7 3.5.0
2026-06-03 06:11:29,176 [INFO] ThirdParty:1030 - CMSIS Pack Vendor :STMicroelectronics X-CUBE-PM33A1 1.0.0
2026-06-03 06:11:29,176 [INFO] ThirdParty:1030 - CMSIS Pack Vendor :STMicroelectronics USBPD 4.1
2026-06-03 06:11:29,176 [INFO] ThirdParty:1030 - CMSIS Pack Vendor :STMicroelectronics X-CUBE-GNSS1 6.0.0
2026-06-03 06:11:29,176 [INFO] ThirdParty:1030 - CMSIS Pack Vendor :STMicroelectronics USB_HOST 2.0.0
2026-06-03 06:11:29,176 [INFO] ThirdParty:1030 - CMSIS Pack Vendor :STMicroelectronics FP-SNS-MOTENVWB1 1.4.0
2026-06-03 06:11:29,176 [INFO] ThirdParty:1030 - CMSIS Pack Vendor :STMicroelectronics X-CUBE-AZRTOS-F4 1.1.0
2026-06-03 06:11:29,176 [INFO] ThirdParty:1030 - CMSIS Pack Vendor :STMicroelectronics LIBJPEG 8.0.0
2026-06-03 06:11:29,176 [INFO] ThirdParty:1030 - CMSIS Pack Vendor :STMicroelectronics FP-ATR-ASTRA1 2.0.2
2026-06-03 06:11:29,176 [INFO] ThirdParty:1030 - CMSIS Pack Vendor :STMicroelectronics FP-ATR-ASTRA1 2.0.1
2026-06-03 06:11:29,176 [INFO] ThirdParty:1030 - CMSIS Pack Vendor :STMicroelectronics X-CUBE-SMBUS 2.1.0
2026-06-03 06:11:29,176 [INFO] ThirdParty:1030 - CMSIS Pack Vendor :STMicroelectronics X-CUBE-WB05N 1.1.0
2026-06-03 06:11:29,176 [INFO] ThirdParty:1030 - CMSIS Pack Vendor :STMicroelectronics X-CUBE-ISPU 2.1.0
2026-06-03 06:11:29,176 [INFO] ThirdParty:1030 - CMSIS Pack Vendor :STMicroelectronics X-CUBE-FREERTOS 1.2.0
2026-06-03 06:11:29,177 [INFO] ThirdParty:1030 - CMSIS Pack Vendor :STMicroelectronics X-CUBE-NFC12 1.0.0
2026-06-03 06:11:29,177 [INFO] ThirdParty:1030 - CMSIS Pack Vendor :STMicroelectronics X-CUBE-AZRTOS-F7 1.1.0
2026-06-03 06:11:29,177 [INFO] ThirdParty:1030 - CMSIS Pack Vendor :STMicroelectronics X-CUBE-AZRTOS-L5 2.0.0
2026-06-03 06:11:29,177 [INFO] ThirdParty:1030 - CMSIS Pack Vendor :STMicroelectronics USB_DEVICE 2.0.0
2026-06-03 06:11:29,177 [INFO] ThirdParty:1030 - CMSIS Pack Vendor :STMicroelectronics X-CUBE-NFC6 3.1.0
2026-06-03 06:11:29,177 [INFO] ThirdParty:1030 - CMSIS Pack Vendor :STMicroelectronics X-CUBE-MEMS1 11.0.0
2026-06-03 06:11:29,177 [INFO] ThirdParty:1030 - CMSIS Pack Vendor :STMicroelectronics X-CUBE-ALGOBUILD 1.5.0
2026-06-03 06:11:29,177 [INFO] ThirdParty:1030 - CMSIS Pack Vendor :STMicroelectronics FreeRTOS 0.0.1
2026-06-03 06:11:29,177 [INFO] ThirdParty:1030 - CMSIS Pack Vendor :STMicroelectronics X-CUBE-DPower 1.2.0
2026-06-03 06:11:29,177 [INFO] ThirdParty:1030 - CMSIS Pack Vendor :STMicroelectronics FP-SNS-FLIGHT1 5.0.2
2026-06-03 06:11:29,177 [INFO] ThirdParty:1030 - CMSIS Pack Vendor :STMicroelectronics X-CUBE-AI 9.0.0
2026-06-03 06:11:29,177 [INFO] ThirdParty:1030 - CMSIS Pack Vendor :STMicroelectronics PDM2PCM 3.3.0
2026-06-03 06:11:29,177 [INFO] ThirdParty:1030 - CMSIS Pack Vendor :STMicroelectronics X-CUBE-AZRTOS-H7 3.4.0
2026-06-03 06:11:29,177 [INFO] ThirdParty:1030 - CMSIS Pack Vendor :STMicroelectronics X-CUBE-DISPLAY 3.0.0
2026-06-03 06:11:29,177 [INFO] ThirdParty:1030 - CMSIS Pack Vendor :STMicroelectronics X-CUBE-GNSS1 7.1.1
2026-06-03 06:11:29,178 [INFO] ThirdParty:1030 - CMSIS Pack Vendor :STMicroelectronics X-CUBE-BLE1 7.0.0
2026-06-03 06:11:29,178 [INFO] ThirdParty:1030 - CMSIS Pack Vendor :STMicroelectronics X-CUBE-NFC10 1.0.0
2026-06-03 06:11:29,178 [INFO] ThirdParty:1030 - CMSIS Pack Vendor :STMicroelectronics X-CUBE-BLEMGR 4.0.0
2026-06-03 06:11:29,178 [INFO] ThirdParty:1030 - CMSIS Pack Vendor :STMicroelectronics X-CUBE-FREERTOS 1.3.1
2026-06-03 06:11:29,178 [INFO] ThirdParty:1030 - CMSIS Pack Vendor :STMicroelectronics HAL Drivers 0.0.0
2026-06-03 06:11:29,178 [INFO] ThirdParty:1030 - CMSIS Pack Vendor :emotas I-CUBE-CANOPEN 1.3.0
2026-06-03 06:11:29,178 [INFO] ThirdParty:1030 - CMSIS Pack Vendor :STMicroelectronics X-CUBE-FREERTOS 1.3.0
2026-06-03 06:11:29,178 [INFO] ThirdParty:1030 - CMSIS Pack Vendor :STMicroelectronics X-CUBE-NFC7 1.0.1
2026-06-03 06:11:29,178 [INFO] ThirdParty:1030 - CMSIS Pack Vendor :STMicroelectronics MBEDTLS 2.14.1
2026-06-03 06:11:29,178 [INFO] ThirdParty:1030 - CMSIS Pack Vendor :STMicroelectronics X-CUBE-GNSS1 7.1.0
2026-06-03 06:11:29,178 [INFO] ThirdParty:1030 - CMSIS Pack Vendor :STMicroelectronics X-CUBE-TOUCHGFX 4.26.0
2026-06-03 06:11:29,178 [INFO] ThirdParty:1030 - CMSIS Pack Vendor :STMicroelectronics X-CUBE-TOUCHGFX 4.26.1
2026-06-03 06:11:29,178 [INFO] ThirdParty:1030 - CMSIS Pack Vendor :STMicroelectronics X-CUBE-BLEMGR 3.1.0
2026-06-03 06:11:29,178 [INFO] ThirdParty:1030 - CMSIS Pack Vendor :STMicroelectronics X-CUBE-AI 10.0.0
2026-06-03 06:11:29,178 [INFO] ThirdParty:1030 - CMSIS Pack Vendor :STMicroelectronics FP-SNS-SMARTAG2 1.2.0
2026-06-03 06:11:29,178 [INFO] ThirdParty:1030 - CMSIS Pack Vendor :STMicroelectronics X-CUBE-MEMS1 11.1.0
2026-06-03 06:11:29,178 [INFO] ThirdParty:1030 - CMSIS Pack Vendor :STMicroelectronics X-CUBE-AZRTOS-WL 2.0.0
2026-06-03 06:11:29,178 [INFO] ThirdParty:1030 - CMSIS Pack Vendor :STMicroelectronics X-CUBE-DPower 1.3.0
2026-06-03 06:11:29,178 [INFO] ThirdParty:1030 - CMSIS Pack Vendor :STMicroelectronics FP-SNS-MOTENV1 5.0.0
2026-06-03 06:11:29,178 [INFO] ThirdParty:1030 - CMSIS Pack Vendor :STMicroelectronics USB_DEVICE 1.0.0
2026-06-03 06:11:29,179 [INFO] ThirdParty:1030 - CMSIS Pack Vendor :STMicroelectronics X-CUBE-AZRTOS-H7RS 1.2.0
2026-06-03 06:11:29,179 [INFO] ThirdParty:1030 - CMSIS Pack Vendor :wolfSSL I-CUBE-wolfMQTT 1.19.0
2026-06-03 06:11:29,179 [INFO] ThirdParty:1030 - CMSIS Pack Vendor :STMicroelectronics X-CUBE-AZRTOS-L4 2.0.0
2026-06-03 06:11:29,179 [INFO] ThirdParty:1030 - CMSIS Pack Vendor :STMicroelectronics ThreadX 0.0.2
2026-06-03 06:11:29,179 [INFO] ThirdParty:1030 - CMSIS Pack Vendor :WES I-CUBE-Cesium 1.3.0
2026-06-03 06:11:29,179 [INFO] ThirdParty:1030 - CMSIS Pack Vendor :STMicroelectronics lwIP 2.1.2
2026-06-03 06:11:29,179 [INFO] ThirdParty:1030 - CMSIS Pack Vendor :STMicroelectronics X-CUBE-SFXS2LP1 4.0.0
2026-06-03 06:11:29,179 [INFO] ThirdParty:1030 - CMSIS Pack Vendor :STMicroelectronics X-CUBE-BLE2 3.3.0
2026-06-03 06:11:29,179 [INFO] ThirdParty:1030 - CMSIS Pack Vendor :STMicroelectronics PDM2PCM 3.2.0
2026-06-03 06:11:29,179 [INFO] ThirdParty:1030 - CMSIS Pack Vendor :STMicroelectronics X-CUBE-WB05N 2.1.0
2026-06-03 06:11:29,179 [INFO] ThirdParty:1030 - CMSIS Pack Vendor :STMicroelectronics X-CUBE-AZRTOS-H7 3.3.0
2026-06-03 06:11:29,179 [INFO] ThirdParty:1030 - CMSIS Pack Vendor :STMicroelectronics X-CUBE-NFC9 1.0.0
2026-06-03 06:11:29,179 [INFO] ThirdParty:1030 - CMSIS Pack Vendor :STMicroelectronics X-CUBE-BLE1 7.1.0
2026-06-03 06:11:29,179 [INFO] ThirdParty:1030 - CMSIS Pack Vendor :STMicroelectronics USB_DEVICE 3.0.0
2026-06-03 06:11:29,179 [INFO] ThirdParty:1030 - CMSIS Pack Vendor :STMicroelectronics X-CUBE-TCPP 4.1.0
2026-06-03 06:11:29,179 [INFO] ThirdParty:1030 - CMSIS Pack Vendor :STMicroelectronics X-CUBE-EEPRMA1 5.2.0
2026-06-03 06:11:29,179 [INFO] ThirdParty:1030 - CMSIS Pack Vendor :STMicroelectronics X-CUBE-IPS 3.0.0
2026-06-03 06:11:29,179 [INFO] ThirdParty:1030 - CMSIS Pack Vendor :STMicroelectronics X-CUBE-AZRTOS-WB 2.0.0
2026-06-03 06:11:29,179 [INFO] ThirdParty:1030 - CMSIS Pack Vendor :STMicroelectronics X-CUBE-GNSS1 7.0.0
2026-06-03 06:11:29,179 [INFO] ThirdParty:1030 - CMSIS Pack Vendor :STMicroelectronics X-CUBE-GNSS1 7.0.1
2026-06-03 06:11:29,179 [INFO] ThirdParty:1030 - CMSIS Pack Vendor :STMicroelectronics X-CUBE-TOUCHGFX 4.25.0
2026-06-03 06:11:29,179 [INFO] ThirdParty:1030 - CMSIS Pack Vendor :STMicroelectronics FP-SNS-STBOX1 2.0.0
2026-06-03 06:11:29,179 [INFO] ThirdParty:1030 - CMSIS Pack Vendor :STMicroelectronics X-CUBE-MEMS1 12.0.0
2026-06-03 06:11:29,179 [INFO] ThirdParty:1030 - CMSIS Pack Vendor :STMicroelectronics X-CUBE-STSE01 2.0.0
2026-06-03 06:11:29,179 [INFO] ThirdParty:1030 - CMSIS Pack Vendor :STMicroelectronics X-CUBE-MEMS1 11.2.0
2026-06-03 06:11:29,179 [INFO] ThirdParty:1030 - CMSIS Pack Vendor :STMicroelectronics X-CUBE-AZRTOS-G0 1.1.0
2026-06-03 06:11:29,179 [INFO] ThirdParty:1030 - CMSIS Pack Vendor :STMicroelectronics X-CUBE-SAFEA1 1.2.2
2026-06-03 06:11:29,180 [INFO] ThirdParty:1030 - CMSIS Pack Vendor :STMicroelectronics X-CUBE-NFC4 3.0.0
2026-06-03 06:11:29,180 [INFO] ThirdParty:1030 - CMSIS Pack Vendor :STMicroelectronics X-CUBE-SUBG2 5.0.0
2026-06-03 06:11:29,180 [INFO] ThirdParty:1030 - CMSIS Pack Vendor :STMicroelectronics X-CUBE-AZRTOS-H7RS 1.1.0
2026-06-03 06:11:29,180 [INFO] ThirdParty:1030 - CMSIS Pack Vendor :STMicroelectronics STM32_WPAN 1.0.0
2026-06-03 06:11:29,180 [INFO] ThirdParty:1030 - CMSIS Pack Vendor :EmbeddedOffice I-CUBE-FS-RTOS 1.0.1
2026-06-03 06:11:29,180 [INFO] ThirdParty:1030 - CMSIS Pack Vendor :STMicroelectronics lwIP 2.0.3
2026-06-03 06:11:29,180 [INFO] ThirdParty:1030 - CMSIS Pack Vendor :Cesanta I-CUBE-Mongoose 7.13.0
2026-06-03 06:11:29,180 [INFO] ThirdParty:1030 - CMSIS Pack Vendor :STMicroelectronics USB_HOST 1.0.0
2026-06-03 06:11:29,180 [INFO] ThirdParty:1030 - CMSIS Pack Vendor :STMicroelectronics X-CUBE-AZRTOS-G4 2.0.0
2026-06-03 06:11:29,180 [INFO] ThirdParty:1030 - CMSIS Pack Vendor :STMicroelectronics X-CUBE-WB05N 2.0.0
2026-06-03 06:11:29,180 [INFO] ThirdParty:1030 - CMSIS Pack Vendor :STMicroelectronics PDM2PCM 3.1.0
2026-06-03 06:11:29,180 [INFO] ThirdParty:1030 - CMSIS Pack Vendor :STMicroelectronics X-CUBE-NFC7 2.0.0
2026-06-03 06:11:29,180 [INFO] ThirdParty:1030 - CMSIS Pack Vendor :RealThread X-CUBE-RT-Thread_Nano 4.1.1
2026-06-03 06:11:29,180 [INFO] ThirdParty:1030 - CMSIS Pack Vendor :STMicroelectronics FP-ATR-SIGFOX1 3.2.0
2026-06-03 06:11:29,180 [INFO] ThirdParty:1030 - CMSIS Pack Vendor :wolfSSL I-CUBE-wolfSSL 5.7.2
2026-06-03 06:11:29,180 [INFO] ThirdParty:1030 - CMSIS Pack Vendor :quantropi X-CUBE-qispace-sdk-base 1.9.3
2026-06-03 06:11:29,180 [INFO] ThirdParty:1030 - CMSIS Pack Vendor :STMicroelectronics X-CUBE-ISPU 2.0.0
2026-06-03 06:11:29,180 [INFO] ThirdParty:1030 - CMSIS Pack Vendor :STMicroelectronics X-CUBE-EEPRMA1 5.1.0
2026-06-03 06:11:29,180 [INFO] ThirdParty:1030 - CMSIS Pack Vendor :STMicroelectronics MBEDTLS 2.16.2
2026-06-03 06:11:29,180 [INFO] ThirdParty:1030 - CMSIS Pack Vendor :STMicroelectronics X-CUBE-ALS 1.0.2
2026-06-03 06:11:29,180 [INFO] ThirdParty:1030 - CMSIS Pack Vendor :STMicroelectronics X-CUBE-TOUCHGFX 4.24.0
2026-06-03 06:11:29,181 [INFO] ThirdParty:1030 - CMSIS Pack Vendor :ITTIA_DB I-CUBE-ITTIADB 8.9.0
2026-06-03 06:11:29,181 [INFO] ThirdParty:1030 - CMSIS Pack Vendor :STMicroelectronics X-CUBE-TOUCHGFX 4.24.2
2026-06-03 06:11:29,181 [INFO] ThirdParty:1030 - CMSIS Pack Vendor :STMicroelectronics X-CUBE-TOUCHGFX 4.24.1
2026-06-03 06:11:29,181 [INFO] ThirdParty:1030 - CMSIS Pack Vendor :STMicroelectronics X-CUBE-STSE01 1.0.0
2026-06-03 06:11:29,181 [INFO] ThirdParty:1030 - CMSIS Pack Vendor :wolfSSL I-CUBE-wolfTPM 3.4.0
2026-06-03 06:11:29,181 [INFO] ThirdParty:1030 - CMSIS Pack Vendor :portGmbH I-Cube-SoM-uGOAL 1.1.0
2026-06-03 06:11:29,181 [INFO] ThirdParty:1030 - CMSIS Pack Vendor :STMicroelectronics X-CUBE-NFC6 3.2.0
2026-06-03 06:11:29,181 [INFO] ThirdParty:1030 - CMSIS Pack Vendor :STMicroelectronics X-CUBE-AI 10.2.0
2026-06-03 06:11:29,181 [INFO] ThirdParty:1030 - CMSIS Pack Vendor :STMicroelectronics ThreadX 1.0.0
2026-06-03 06:11:29,181 [INFO] ThirdParty:1030 - CMSIS Pack Vendor :STMicroelectronics X-CUBE-MEMS1 12.1.0
2026-06-03 06:11:29,181 [INFO] ThirdParty:1030 - CMSIS Pack Vendor :SEGGER I-CUBE-embOS 1.3.1
2026-06-03 06:11:29,181 [INFO] ThirdParty:1030 - CMSIS Pack Vendor :STMicroelectronics X-CUBE-ALGOBUILD 1.4.0
2026-06-03 06:11:29,181 [INFO] ThirdParty:1030 - CMSIS Pack Vendor :STMicroelectronics X-CUBE-MEMS1 11.3.0
2026-06-03 06:11:29,181 [INFO] ThirdParty:1030 - CMSIS Pack Vendor :STMicroelectronics X-CUBE-AZRTOS-H7RS 1.0.0
2026-06-03 06:11:29,181 [INFO] ThirdParty:1030 - CMSIS Pack Vendor :STMicroelectronics FP-ATR-ASTRA1 2.0.0
2026-06-03 06:11:29,181 [INFO] ThirdParty:1030 - CMSIS Pack Vendor :STMicroelectronics X-CUBE-TOF1 3.4.2
2026-06-03 06:11:29,181 [INFO] ThirdParty:1030 - CMSIS Pack Vendor :STMicroelectronics X-CUBE-AI 9.1.0
2026-06-03 06:11:29,181 [INFO] ThirdParty:1030 - CMSIS Pack Vendor :Infineon AIROC-Wi-Fi-Bluetooth-STM32 1.6.1
2026-06-03 06:11:29,181 [INFO] ThirdParty:1030 - CMSIS Pack Vendor :wolfSSL I-CUBE-wolfSSH 1.4.17
2026-06-03 06:11:29,182 [INFO] ThirdParty:841 - exiting critical section [change project]
2026-06-03 06:11:29,955 [INFO] PinOutPanel:1561 - setPackage(No Configuration,No Configuration)
2026-06-03 06:11:29,958 [INFO] PinOutPanel:1561 - setPackage(STM32F407VGTx,LQFP100)
2026-06-03 06:11:30,921 [INFO] UtilMem:75 - Before build in PCC Used Memory: 726499512 Bytes (1073741824)
2026-06-03 06:11:32,257 [INFO] UtilMem:75 - After build in PCC Used Memory: 889440056 Bytes (1073741824)
2026-06-03 06:11:32,316 [INFO] IPUIPlugin:80 - create IPUIPlugin
2026-06-03 06:11:32,316 [INFO] IPUIPlugin:80 - create IPUIPlugin
2026-06-03 06:11:32,316 [INFO] IPUIPlugin:80 - create IPUIPlugin
2026-06-03 06:11:32,317 [INFO] IPUIPlugin:80 - create IPUIPlugin
2026-06-03 06:11:32,317 [INFO] IPUIPlugin:80 - create IPUIPlugin
2026-06-03 06:11:32,317 [INFO] IPUIPlugin:80 - create IPUIPlugin
2026-06-03 06:11:32,318 [INFO] IPUIPlugin:80 - create IPUIPlugin
2026-06-03 06:11:32,319 [INFO] IPUIPlugin:80 - create IPUIPlugin
2026-06-03 06:11:32,319 [INFO] IPUIPlugin:80 - create IPUIPlugin
2026-06-03 06:11:32,320 [INFO] IPUIPlugin:80 - create IPUIPlugin
2026-06-03 06:11:32,320 [INFO] IPUIPlugin:80 - create IPUIPlugin
2026-06-03 06:11:32,320 [INFO] IPUIPlugin:80 - create IPUIPlugin
2026-06-03 06:11:32,322 [INFO] IPUIPlugin:80 - create IPUIPlugin
2026-06-03 06:11:32,323 [INFO] IPUIPlugin:80 - create IPUIPlugin
2026-06-03 06:11:32,324 [INFO] IPUIPlugin:80 - create IPUIPlugin
2026-06-03 06:11:32,325 [INFO] IPUIPlugin:80 - create IPUIPlugin
2026-06-03 06:11:32,325 [INFO] IPUIPlugin:80 - create IPUIPlugin
2026-06-03 06:11:32,325 [INFO] IPUIPlugin:80 - create IPUIPlugin
2026-06-03 06:11:32,325 [INFO] IPUIPlugin:80 - create IPUIPlugin
2026-06-03 06:11:32,326 [INFO] IPUIPlugin:80 - create IPUIPlugin
2026-06-03 06:11:32,326 [INFO] IPUIPlugin:80 - create IPUIPlugin
2026-06-03 06:11:32,326 [INFO] IPUIPlugin:80 - create IPUIPlugin
2026-06-03 06:11:32,327 [INFO] IPUIPlugin:80 - create IPUIPlugin
2026-06-03 06:11:32,327 [INFO] IPUIPlugin:80 - create IPUIPlugin
2026-06-03 06:11:32,327 [INFO] IPUIPlugin:80 - create IPUIPlugin
2026-06-03 06:11:32,328 [INFO] IPUIPlugin:80 - create IPUIPlugin
2026-06-03 06:11:32,328 [INFO] IPUIPlugin:80 - create IPUIPlugin
2026-06-03 06:11:32,329 [INFO] IPUIPlugin:80 - create IPUIPlugin
2026-06-03 06:11:32,329 [INFO] IPUIPlugin:80 - create IPUIPlugin
2026-06-03 06:11:32,330 [INFO] IPUIPlugin:80 - create IPUIPlugin
2026-06-03 06:11:32,330 [INFO] IPUIPlugin:80 - create IPUIPlugin
2026-06-03 06:11:32,331 [INFO] IPUIPlugin:80 - create IPUIPlugin
2026-06-03 06:11:32,332 [INFO] IPUIPlugin:80 - create IPUIPlugin
2026-06-03 06:11:32,333 [INFO] IPUIPlugin:80 - create IPUIPlugin
2026-06-03 06:11:32,333 [INFO] IPUIPlugin:80 - create IPUIPlugin
2026-06-03 06:11:32,334 [INFO] IPUIPlugin:80 - create IPUIPlugin
2026-06-03 06:11:32,334 [INFO] IPUIPlugin:80 - create IPUIPlugin
2026-06-03 06:11:32,335 [INFO] IPUIPlugin:80 - create IPUIPlugin
2026-06-03 06:11:32,335 [INFO] IPUIPlugin:80 - create IPUIPlugin
2026-06-03 06:11:32,336 [INFO] IPUIPlugin:80 - create IPUIPlugin
2026-06-03 06:11:32,336 [INFO] IPUIPlugin:80 - create IPUIPlugin
2026-06-03 06:11:32,338 [INFO] IPUIPlugin:80 - create IPUIPlugin
2026-06-03 06:11:32,338 [INFO] IPUIPlugin:80 - create IPUIPlugin
2026-06-03 06:11:32,339 [INFO] IPUIPlugin:80 - create IPUIPlugin
2026-06-03 06:11:32,339 [INFO] IPUIPlugin:80 - create IPUIPlugin
2026-06-03 06:11:32,340 [INFO] IPUIPlugin:80 - create IPUIPlugin
2026-06-03 06:11:32,341 [INFO] IPUIPlugin:80 - create IPUIPlugin
2026-06-03 06:11:32,341 [INFO] IPUIPlugin:80 - create IPUIPlugin
2026-06-03 06:11:32,342 [INFO] IPUIPlugin:80 - create IPUIPlugin
2026-06-03 06:11:32,343 [INFO] IPUIPlugin:80 - create IPUIPlugin
2026-06-03 06:11:32,343 [INFO] IPUIPlugin:80 - create IPUIPlugin
2026-06-03 06:11:32,344 [INFO] IPUIPlugin:80 - create IPUIPlugin
2026-06-03 06:11:32,344 [INFO] IPUIPlugin:80 - create IPUIPlugin
2026-06-03 06:11:32,345 [INFO] IPUIPlugin:80 - create IPUIPlugin
2026-06-03 06:11:32,348 [INFO] IPUIPlugin:80 - create IPUIPlugin
2026-06-03 06:11:32,348 [INFO] IPUIPlugin:80 - create IPUIPlugin
2026-06-03 06:11:32,349 [INFO] IPUIPlugin:80 - create IPUIPlugin
2026-06-03 06:11:32,350 [INFO] IPUIPlugin:80 - create IPUIPlugin
2026-06-03 06:11:32,545 [INFO] ApiDbMcu:508 - Load IP Config File for PDM2PCM
2026-06-03 06:11:32,836 [INFO] CADModel:165 - CPN selected for project levelSTM32F407VGT6
2026-06-03 06:11:32,836 [INFO] CADModel:114 - Register for checkConnection events
2026-06-03 06:11:32,886 [INFO] OpenFileManager:363 - Restore cursor
2026-06-03 06:11:34,417 [INFO] UtilMem:75 - End SaveConfig() Used Memory: 750799208 Bytes (1073741824)
2026-06-03 06:11:34,589 [INFO] UtilMem:75 - End SaveConfig() Used Memory: 783831400 Bytes (1073741824)
2026-06-03 06:11:35,419 [INFO] BlockDiagram:2766 - set Specific Code input for plugin: RCC
2026-06-03 06:11:35,420 [INFO] BlockDiagram:2766 - set Specific Code input for plugin: NVIC
2026-06-03 06:11:35,422 [INFO] CodeGenerator:807 - code generatio: config db path: C:\ST\STM32CubeIDE_1.16.0\STM32CubeIDE\plugins\com.st.stm32cube.common.mx_6.12.0.202406281431\\db\
2026-06-03 06:11:35,801 [INFO] CodeEngine:255 - oldGeneratedFile, D:\Project_2026\Modbud_MFM383A-C\STM32F407VGT\MFM383\MXTmpFiles\license.tmp_save
2026-06-03 06:11:36,511 [INFO] CodeEngine:279 - Generated code: D:\Project_2026\Modbud_MFM383A-C\STM32F407VGT\MFM383\MXTmpFiles\license.tmp
2026-06-03 06:11:36,593 [INFO] CodeEngine:255 - oldGeneratedFile, D:\Project_2026\Modbud_MFM383A-C\STM32F407VGT\MFM383\Core\Src\stm32f4xx_it.c_save
2026-06-03 06:11:36,917 [INFO] CodeEngine:279 - Generated code: D:\Project_2026\Modbud_MFM383A-C\STM32F407VGT\MFM383\Core\Src\stm32f4xx_it.c
2026-06-03 06:11:36,969 [INFO] CodeEngine:255 - oldGeneratedFile, D:\Project_2026\Modbud_MFM383A-C\STM32F407VGT\MFM383\Core\Inc\stm32f4xx_it.h_save
2026-06-03 06:11:37,176 [INFO] CodeEngine:279 - Generated code: D:\Project_2026\Modbud_MFM383A-C\STM32F407VGT\MFM383\Core\Inc\stm32f4xx_it.h
2026-06-03 06:11:37,366 [INFO] CodeEngine:255 - oldGeneratedFile, D:\Project_2026\Modbud_MFM383A-C\STM32F407VGT\MFM383\Core\Src\stm32f4xx_hal_msp.c_save
2026-06-03 06:11:37,633 [INFO] CodeEngine:279 - Generated code: D:\Project_2026\Modbud_MFM383A-C\STM32F407VGT\MFM383\Core\Src\stm32f4xx_hal_msp.c
2026-06-03 06:11:37,652 [INFO] CodeEngine:255 - oldGeneratedFile, D:\Project_2026\Modbud_MFM383A-C\STM32F407VGT\MFM383\MXTmpFiles\system.tmp_save
2026-06-03 06:11:37,785 [INFO] CodeEngine:279 - Generated code: D:\Project_2026\Modbud_MFM383A-C\STM32F407VGT\MFM383\MXTmpFiles\system.tmp
2026-06-03 06:11:37,819 [INFO] CodeEngine:311 - oldGeneratedFile, D:\Project_2026\Modbud_MFM383A-C\STM32F407VGT\MFM383\Core\Inc\stm32f4xx_hal_conf.h_save
2026-06-03 06:11:38,068 [INFO] CodeEngine:335 - Generated code: D:\Project_2026\Modbud_MFM383A-C\STM32F407VGT\MFM383\Core\Inc\stm32f4xx_hal_conf.h
2026-06-03 06:11:38,197 [INFO] CodeEngine:255 - oldGeneratedFile, D:\Project_2026\Modbud_MFM383A-C\STM32F407VGT\MFM383\Core\Inc\main.h_save
2026-06-03 06:11:38,450 [INFO] CodeEngine:279 - Generated code: D:\Project_2026\Modbud_MFM383A-C\STM32F407VGT\MFM383\Core\Inc\main.h
2026-06-03 06:11:38,473 [INFO] CodeEngine:255 - oldGeneratedFile, D:\Project_2026\Modbud_MFM383A-C\STM32F407VGT\MFM383\Core\Src\main.c_save
2026-06-03 06:11:38,773 [INFO] CodeEngine:279 - Generated code: D:\Project_2026\Modbud_MFM383A-C\STM32F407VGT\MFM383\Core\Src\main.c
2026-06-03 06:11:39,660 [INFO] ProjectBuilder:3249 - Time for Copy HAL[1] : 415mS.
2026-06-03 06:11:39,673 [INFO] ProjectBuilder:4828 - Project Generator version: 4.4.0-B60
2026-06-03 06:11:39,906 [INFO] ConfigFileManager:1531 - The Die is : DIE413
2026-06-03 06:11:39,947 [INFO] ApiDbMcu:508 - Load IP Config File for FATFS
2026-06-03 06:11:40,002 [INFO] ApiDbMcu:508 - Load IP Config File for FREERTOS
2026-06-03 06:11:40,028 [INFO] ApiDbMcu:508 - Load IP Config File for LIBJPEG
2026-06-03 06:11:40,075 [INFO] ApiDbMcu:508 - Load IP Config File for LWIP
2026-06-03 06:11:40,108 [INFO] ApiDbMcu:508 - Load IP Config File for MBEDTLS
2026-06-03 06:11:40,147 [INFO] ApiDbMcu:508 - Load IP Config File for USB_DEVICE
2026-06-03 06:11:40,173 [INFO] ApiDbMcu:508 - Load IP Config File for USB_HOST
2026-06-03 06:11:41,365 [INFO] LogOutputStream:77 - [STDOUT_REDIRECT] 
2026-06-03 06:11:47,344 [INFO] ProjectBuilder:5097 - Time for Generating toolchain IDE Files: 7672mS.
2026-06-03 06:11:47,345 [INFO] ProjectBuilder:3107 - Time for Copy CMSIS : 1mS.
2026-06-03 06:11:47,347 [INFO] ProjectBuilder:3107 - Time for Copy CMSIS : 1mS.
2026-06-03 06:11:48,669 [INFO] McuFinderGlobals:76 - Set McuFinderConnectedMode to true
2026-06-03 06:11:48,673 [INFO] ApiDb:448 - Save user favorites file C:\Users\Admin/.stm32cubeide/favorites.mcus.txt: 0 item(s)
2026-06-03 06:11:48,673 [INFO] ApiDb:452 - User favorites MCUs=[]
2026-06-03 06:12:49,286 [INFO] UtilMem:75 - End SaveConfig() Used Memory: 898254488 Bytes (1073741824)
2026-06-03 06:12:50,474 [INFO] UtilMem:75 - End SaveConfig() Used Memory: 925514120 Bytes (1073741824)
2026-06-03 06:12:53,797 [INFO] UtilMem:75 - End SaveConfig() Used Memory: 883375488 Bytes (1073741824)
2026-06-03 06:12:54,271 [INFO] BlockDiagram:2766 - set Specific Code input for plugin: SYS
2026-06-03 06:12:54,271 [INFO] BlockDiagram:2766 - set Specific Code input for plugin: RCC
2026-06-03 06:12:54,271 [INFO] BlockDiagram:2766 - set Specific Code input for plugin: NVIC
2026-06-03 06:12:54,271 [INFO] BlockDiagram:2766 - set Specific Code input for plugin: GPIO
2026-06-03 06:12:54,274 [INFO] CodeGenerator:807 - code generatio: config db path: C:\ST\STM32CubeIDE_1.16.0\STM32CubeIDE\plugins\com.st.stm32cube.common.mx_6.12.0.202406281431\\db\
2026-06-03 06:12:54,445 [INFO] CodeEngine:255 - oldGeneratedFile, D:\Project_2026\Modbud_MFM383A-C\STM32F407VGT\MFM383\MXTmpFiles\license.tmp_save
2026-06-03 06:12:54,618 [INFO] CodeEngine:279 - Generated code: D:\Project_2026\Modbud_MFM383A-C\STM32F407VGT\MFM383\MXTmpFiles\license.tmp
2026-06-03 06:12:54,663 [INFO] CodeEngine:255 - oldGeneratedFile, D:\Project_2026\Modbud_MFM383A-C\STM32F407VGT\MFM383\MXTmpFiles\gpio.tmp_save
2026-06-03 06:12:54,862 [INFO] CodeEngine:279 - Generated code: D:\Project_2026\Modbud_MFM383A-C\STM32F407VGT\MFM383\MXTmpFiles\gpio.tmp
2026-06-03 06:12:54,907 [INFO] CodeEngine:255 - oldGeneratedFile, D:\Project_2026\Modbud_MFM383A-C\STM32F407VGT\MFM383\Core\Src\stm32f4xx_it.c_save
2026-06-03 06:12:55,091 [INFO] CodeEngine:279 - Generated code: D:\Project_2026\Modbud_MFM383A-C\STM32F407VGT\MFM383\Core\Src\stm32f4xx_it.c
2026-06-03 06:12:55,099 [INFO] CodeEngine:255 - oldGeneratedFile, D:\Project_2026\Modbud_MFM383A-C\STM32F407VGT\MFM383\Core\Inc\stm32f4xx_it.h_save
2026-06-03 06:12:55,217 [INFO] CodeEngine:279 - Generated code: D:\Project_2026\Modbud_MFM383A-C\STM32F407VGT\MFM383\Core\Inc\stm32f4xx_it.h
2026-06-03 06:12:55,255 [INFO] CodeEngine:255 - oldGeneratedFile, D:\Project_2026\Modbud_MFM383A-C\STM32F407VGT\MFM383\Core\Src\stm32f4xx_hal_msp.c_save
2026-06-03 06:12:55,433 [INFO] CodeEngine:279 - Generated code: D:\Project_2026\Modbud_MFM383A-C\STM32F407VGT\MFM383\Core\Src\stm32f4xx_hal_msp.c
2026-06-03 06:12:55,438 [INFO] CodeEngine:255 - oldGeneratedFile, D:\Project_2026\Modbud_MFM383A-C\STM32F407VGT\MFM383\MXTmpFiles\system.tmp_save
2026-06-03 06:12:55,527 [INFO] CodeEngine:279 - Generated code: D:\Project_2026\Modbud_MFM383A-C\STM32F407VGT\MFM383\MXTmpFiles\system.tmp
2026-06-03 06:12:55,561 [INFO] CodeEngine:311 - oldGeneratedFile, D:\Project_2026\Modbud_MFM383A-C\STM32F407VGT\MFM383\Core\Inc\stm32f4xx_hal_conf.h_save
2026-06-03 06:12:55,727 [INFO] CodeEngine:335 - Generated code: D:\Project_2026\Modbud_MFM383A-C\STM32F407VGT\MFM383\Core\Inc\stm32f4xx_hal_conf.h
2026-06-03 06:12:55,821 [INFO] CodeEngine:255 - oldGeneratedFile, D:\Project_2026\Modbud_MFM383A-C\STM32F407VGT\MFM383\Core\Inc\main.h_save
2026-06-03 06:12:55,920 [INFO] CodeEngine:279 - Generated code: D:\Project_2026\Modbud_MFM383A-C\STM32F407VGT\MFM383\Core\Inc\main.h
2026-06-03 06:12:55,943 [INFO] CodeEngine:255 - oldGeneratedFile, D:\Project_2026\Modbud_MFM383A-C\STM32F407VGT\MFM383\Core\Src\main.c_save
2026-06-03 06:12:56,108 [INFO] CodeEngine:279 - Generated code: D:\Project_2026\Modbud_MFM383A-C\STM32F407VGT\MFM383\Core\Src\main.c
2026-06-03 06:12:56,524 [INFO] ProjectBuilder:3249 - Time for Copy HAL[1] : 195mS.
2026-06-03 06:12:56,530 [INFO] ProjectBuilder:4828 - Project Generator version: 4.4.0-B60
2026-06-03 06:12:56,634 [INFO] ConfigFileManager:1531 - The Die is : DIE413
2026-06-03 06:12:58,750 [INFO] ProjectBuilder:5097 - Time for Generating toolchain IDE Files: 2220mS.
2026-06-03 06:12:58,751 [INFO] ProjectBuilder:3107 - Time for Copy CMSIS : 1mS.
2026-06-03 06:12:58,753 [INFO] ProjectBuilder:3107 - Time for Copy CMSIS : 0mS.
2026-06-03 06:22:15,938 [INFO] UtilMem:75 - End SaveConfig() Used Memory: 805181376 Bytes (1073741824)
2026-06-03 06:22:16,169 [INFO] BlockDiagram:2766 - set Specific Code input for plugin: SYS
2026-06-03 06:22:16,169 [INFO] BlockDiagram:2766 - set Specific Code input for plugin: RCC
2026-06-03 06:22:16,169 [INFO] BlockDiagram:2766 - set Specific Code input for plugin: NVIC
2026-06-03 06:22:16,171 [INFO] BlockDiagram:2766 - set Specific Code input for plugin: GPIO
2026-06-03 06:22:16,174 [INFO] CodeGenerator:807 - code generatio: config db path: C:\ST\STM32CubeIDE_1.16.0\STM32CubeIDE\plugins\com.st.stm32cube.common.mx_6.12.0.202406281431\\db\
2026-06-03 06:22:16,326 [INFO] CodeEngine:255 - oldGeneratedFile, D:\Project_2026\Modbud_MFM383A-C\STM32F407VGT\MFM383\MXTmpFiles\license.tmp_save
2026-06-03 06:22:16,484 [INFO] CodeEngine:279 - Generated code: D:\Project_2026\Modbud_MFM383A-C\STM32F407VGT\MFM383\MXTmpFiles\license.tmp
2026-06-03 06:22:16,502 [INFO] CodeEngine:255 - oldGeneratedFile, D:\Project_2026\Modbud_MFM383A-C\STM32F407VGT\MFM383\MXTmpFiles\gpio.tmp_save
2026-06-03 06:22:16,665 [INFO] CodeEngine:279 - Generated code: D:\Project_2026\Modbud_MFM383A-C\STM32F407VGT\MFM383\MXTmpFiles\gpio.tmp
2026-06-03 06:22:16,707 [INFO] CodeEngine:255 - oldGeneratedFile, D:\Project_2026\Modbud_MFM383A-C\STM32F407VGT\MFM383\Core\Src\stm32f4xx_it.c_save
2026-06-03 06:22:17,054 [INFO] CodeEngine:279 - Generated code: D:\Project_2026\Modbud_MFM383A-C\STM32F407VGT\MFM383\Core\Src\stm32f4xx_it.c
2026-06-03 06:22:17,061 [INFO] CodeEngine:255 - oldGeneratedFile, D:\Project_2026\Modbud_MFM383A-C\STM32F407VGT\MFM383\Core\Inc\stm32f4xx_it.h_save
2026-06-03 06:22:17,152 [INFO] CodeEngine:279 - Generated code: D:\Project_2026\Modbud_MFM383A-C\STM32F407VGT\MFM383\Core\Inc\stm32f4xx_it.h
2026-06-03 06:22:17,187 [INFO] CodeEngine:255 - oldGeneratedFile, D:\Project_2026\Modbud_MFM383A-C\STM32F407VGT\MFM383\Core\Src\stm32f4xx_hal_msp.c_save
2026-06-03 06:22:17,309 [INFO] CodeEngine:279 - Generated code: D:\Project_2026\Modbud_MFM383A-C\STM32F407VGT\MFM383\Core\Src\stm32f4xx_hal_msp.c
2026-06-03 06:22:17,314 [INFO] CodeEngine:255 - oldGeneratedFile, D:\Project_2026\Modbud_MFM383A-C\STM32F407VGT\MFM383\MXTmpFiles\system.tmp_save
2026-06-03 06:22:17,378 [INFO] CodeEngine:279 - Generated code: D:\Project_2026\Modbud_MFM383A-C\STM32F407VGT\MFM383\MXTmpFiles\system.tmp
2026-06-03 06:22:17,404 [INFO] CodeEngine:311 - oldGeneratedFile, D:\Project_2026\Modbud_MFM383A-C\STM32F407VGT\MFM383\Core\Inc\stm32f4xx_hal_conf.h_save
2026-06-03 06:22:17,552 [INFO] CodeEngine:335 - Generated code: D:\Project_2026\Modbud_MFM383A-C\STM32F407VGT\MFM383\Core\Inc\stm32f4xx_hal_conf.h
2026-06-03 06:22:17,608 [INFO] CodeEngine:255 - oldGeneratedFile, D:\Project_2026\Modbud_MFM383A-C\STM32F407VGT\MFM383\Core\Inc\main.h_save
2026-06-03 06:22:17,744 [INFO] CodeEngine:279 - Generated code: D:\Project_2026\Modbud_MFM383A-C\STM32F407VGT\MFM383\Core\Inc\main.h
2026-06-03 06:22:17,765 [INFO] CodeEngine:255 - oldGeneratedFile, D:\Project_2026\Modbud_MFM383A-C\STM32F407VGT\MFM383\Core\Src\main.c_save
2026-06-03 06:22:17,892 [INFO] CodeEngine:279 - Generated code: D:\Project_2026\Modbud_MFM383A-C\STM32F407VGT\MFM383\Core\Src\main.c
2026-06-03 06:22:18,366 [INFO] ProjectBuilder:3249 - Time for Copy HAL[1] : 200mS.
2026-06-03 06:22:18,370 [INFO] ProjectBuilder:4828 - Project Generator version: 4.4.0-B60
2026-06-03 06:22:18,488 [INFO] ConfigFileManager:1531 - The Die is : DIE413
2026-06-03 06:22:19,765 [INFO] ProjectBuilder:5097 - Time for Generating toolchain IDE Files: 1395mS.
2026-06-03 06:22:19,767 [INFO] ProjectBuilder:3107 - Time for Copy CMSIS : 0mS.
2026-06-03 06:22:19,770 [INFO] ProjectBuilder:3107 - Time for Copy CMSIS : 0mS.
2026-06-03 06:25:11,843 [INFO] UtilMem:75 - End SaveConfig() Used Memory: 832296904 Bytes (1073741824)
2026-06-03 06:25:12,023 [INFO] BlockDiagram:2766 - set Specific Code input for plugin: SYS
2026-06-03 06:25:12,023 [INFO] BlockDiagram:2766 - set Specific Code input for plugin: RCC
2026-06-03 06:25:12,023 [INFO] BlockDiagram:2766 - set Specific Code input for plugin: NVIC
2026-06-03 06:25:12,023 [INFO] BlockDiagram:2766 - set Specific Code input for plugin: GPIO
2026-06-03 06:25:12,024 [INFO] CodeGenerator:807 - code generatio: config db path: C:\ST\STM32CubeIDE_1.16.0\STM32CubeIDE\plugins\com.st.stm32cube.common.mx_6.12.0.202406281431\\db\
2026-06-03 06:25:12,142 [INFO] CodeEngine:255 - oldGeneratedFile, D:\Project_2026\Modbud_MFM383A-C\STM32F407VGT\MFM383\MXTmpFiles\license.tmp_save
2026-06-03 06:25:12,235 [INFO] CodeEngine:279 - Generated code: D:\Project_2026\Modbud_MFM383A-C\STM32F407VGT\MFM383\MXTmpFiles\license.tmp
2026-06-03 06:25:12,247 [INFO] CodeEngine:255 - oldGeneratedFile, D:\Project_2026\Modbud_MFM383A-C\STM32F407VGT\MFM383\MXTmpFiles\gpio.tmp_save
2026-06-03 06:25:12,377 [INFO] CodeEngine:279 - Generated code: D:\Project_2026\Modbud_MFM383A-C\STM32F407VGT\MFM383\MXTmpFiles\gpio.tmp
2026-06-03 06:25:12,409 [INFO] CodeEngine:255 - oldGeneratedFile, D:\Project_2026\Modbud_MFM383A-C\STM32F407VGT\MFM383\Core\Src\stm32f4xx_it.c_save
2026-06-03 06:25:12,499 [INFO] CodeEngine:279 - Generated code: D:\Project_2026\Modbud_MFM383A-C\STM32F407VGT\MFM383\Core\Src\stm32f4xx_it.c
2026-06-03 06:25:12,505 [INFO] CodeEngine:255 - oldGeneratedFile, D:\Project_2026\Modbud_MFM383A-C\STM32F407VGT\MFM383\Core\Inc\stm32f4xx_it.h_save
2026-06-03 06:25:12,601 [INFO] CodeEngine:279 - Generated code: D:\Project_2026\Modbud_MFM383A-C\STM32F407VGT\MFM383\Core\Inc\stm32f4xx_it.h
2026-06-03 06:25:12,623 [INFO] CodeEngine:255 - oldGeneratedFile, D:\Project_2026\Modbud_MFM383A-C\STM32F407VGT\MFM383\Core\Src\stm32f4xx_hal_msp.c_save
2026-06-03 06:25:12,716 [INFO] CodeEngine:279 - Generated code: D:\Project_2026\Modbud_MFM383A-C\STM32F407VGT\MFM383\Core\Src\stm32f4xx_hal_msp.c
2026-06-03 06:25:12,720 [INFO] CodeEngine:255 - oldGeneratedFile, D:\Project_2026\Modbud_MFM383A-C\STM32F407VGT\MFM383\MXTmpFiles\system.tmp_save
2026-06-03 06:25:12,804 [INFO] CodeEngine:279 - Generated code: D:\Project_2026\Modbud_MFM383A-C\STM32F407VGT\MFM383\MXTmpFiles\system.tmp
2026-06-03 06:25:12,831 [INFO] CodeEngine:311 - oldGeneratedFile, D:\Project_2026\Modbud_MFM383A-C\STM32F407VGT\MFM383\Core\Inc\stm32f4xx_hal_conf.h_save
2026-06-03 06:25:12,967 [INFO] CodeEngine:335 - Generated code: D:\Project_2026\Modbud_MFM383A-C\STM32F407VGT\MFM383\Core\Inc\stm32f4xx_hal_conf.h
2026-06-03 06:25:13,020 [INFO] CodeEngine:255 - oldGeneratedFile, D:\Project_2026\Modbud_MFM383A-C\STM32F407VGT\MFM383\Core\Inc\main.h_save
2026-06-03 06:25:13,101 [INFO] CodeEngine:279 - Generated code: D:\Project_2026\Modbud_MFM383A-C\STM32F407VGT\MFM383\Core\Inc\main.h
2026-06-03 06:25:13,118 [INFO] CodeEngine:255 - oldGeneratedFile, D:\Project_2026\Modbud_MFM383A-C\STM32F407VGT\MFM383\Core\Src\main.c_save
2026-06-03 06:25:13,221 [INFO] CodeEngine:279 - Generated code: D:\Project_2026\Modbud_MFM383A-C\STM32F407VGT\MFM383\Core\Src\main.c
2026-06-03 06:25:13,584 [INFO] ProjectBuilder:3249 - Time for Copy HAL[1] : 171mS.
2026-06-03 06:25:13,587 [INFO] ProjectBuilder:4828 - Project Generator version: 4.4.0-B60
2026-06-03 06:25:13,700 [INFO] ConfigFileManager:1531 - The Die is : DIE413
2026-06-03 06:25:14,774 [INFO] ProjectBuilder:5097 - Time for Generating toolchain IDE Files: 1186mS.
2026-06-03 06:25:14,775 [INFO] ProjectBuilder:3107 - Time for Copy CMSIS : 1mS.
2026-06-03 06:25:14,778 [INFO] ProjectBuilder:3107 - Time for Copy CMSIS : 0mS.
2026-06-03 06:37:20,288 [INFO] MainUpdater:2873 - connection check result : 10
2026-06-03 06:37:20,289 [INFO] MainUpdater:2873 - connection check result : 10
2026-06-03 06:37:20,309 [INFO] MicroXplorer:468 - Change Database Path : 
2026-06-03 06:37:20,309 [INFO] MicroXplorer:498 - Change Database Version : DB.6.0.120
2026-06-03 06:37:20,322 [ERROR] ProjectManagerView:394 - 
java.lang.NullPointerException: Cannot invoke "javax.swing.JTextField.getText()" because the return value of "java.util.List.get(int)" is null
	at com.st.microxplorer.plugins.projectmanager.gui.ProjectChoiceTab$10.caretUpdate(ProjectChoiceTab.java:2622) ~[filemanager.jar:?]
	at javax.swing.text.JTextComponent.fireCaretUpdate(JTextComponent.java:412) ~[?:?]
	at javax.swing.text.JTextComponent$MutableCaretEvent.fire(JTextComponent.java:4491) ~[?:?]
	at javax.swing.text.JTextComponent$MutableCaretEvent.stateChanged(JTextComponent.java:4513) ~[?:?]
	at javax.swing.text.DefaultCaret.fireStateChanged(DefaultCaret.java:842) ~[?:?]
	at javax.swing.text.DefaultCaret.changeCaretPosition(DefaultCaret.java:1313) ~[?:?]
	at javax.swing.text.DefaultCaret.handleSetDot(DefaultCaret.java:1212) ~[?:?]
	at javax.swing.text.DefaultCaret.setDot(DefaultCaret.java:1193) ~[?:?]
	at javax.swing.text.DefaultCaret$Handler.insertUpdate(DefaultCaret.java:1789) ~[?:?]
	at javax.swing.text.AbstractDocument.fireInsertUpdate(AbstractDocument.java:226) ~[?:?]
	at javax.swing.text.AbstractDocument.handleInsertString(AbstractDocument.java:780) ~[?:?]
	at javax.swing.text.AbstractDocument.insertString(AbstractDocument.java:739) ~[?:?]
	at javax.swing.text.PlainDocument.insertString(PlainDocument.java:131) ~[?:?]
	at javax.swing.text.AbstractDocument.replace(AbstractDocument.java:698) ~[?:?]
	at javax.swing.text.JTextComponent.setText(JTextComponent.java:1729) ~[?:?]
	at com.st.microxplorer.plugins.projectmanager.gui.ProjectChoiceTab.createHeapStackFields(ProjectChoiceTab.java:972) ~[filemanager.jar:?]
	at com.st.microxplorer.plugins.projectmanager.gui.ProjectChoiceTab.buildLinkSettingsPanel(ProjectChoiceTab.java:3597) ~[filemanager.jar:?]
	at com.st.microxplorer.plugins.projectmanager.gui.ProjectChoiceTab.defineWindowsFields(ProjectChoiceTab.java:1940) ~[filemanager.jar:?]
	at com.st.microxplorer.plugins.projectmanager.gui.ProjectChoiceTab.updateSettings(ProjectChoiceTab.java:550) ~[filemanager.jar:?]
	at com.st.microxplorer.plugins.projectmanager.gui.ProjectSettingsPanel.UpdateDialog(ProjectSettingsPanel.java:245) ~[filemanager.jar:?]
	at com.st.microxplorer.plugins.projectmanager.ProjectManagerView.propertyChange(ProjectManagerView.java:391) ~[filemanager.jar:?]
	at java.beans.PropertyChangeSupport.fire(PropertyChangeSupport.java:343) ~[?:?]
	at java.beans.PropertyChangeSupport.firePropertyChange(PropertyChangeSupport.java:335) ~[?:?]
	at java.beans.PropertyChangeSupport.firePropertyChange(PropertyChangeSupport.java:268) ~[?:?]
	at com.st.microxplorer.util.MXPropertyChangeSupport.firePropertyChange(MXPropertyChangeSupport.java:54) ~[STM32CubeMX.jar:?]
	at com.st.microxplorer.mxsystem.MxSystem.closeConfig(MxSystem.java:900) ~[STM32CubeMX.jar:?]
	at com.st.microxplorer.maingui.MainPanel.closeConfig(MainPanel.java:781) ~[STM32CubeMX.jar:?]
	at com.st.microxplorer.plugins.filemanager.engine.OpenFileManager.loadConfigurationFile(OpenFileManager.java:265) ~[filemanager.jar:?]
	at com.st.microxplorer.plugins.filemanager.engine.MainFileManager.userLoadConfig(MainFileManager.java:352) ~[filemanager.jar:?]
	at com.st.microxplorer.plugins.filemanager.engine.MainFileManager.userLoadConfig(MainFileManager.java:330) ~[filemanager.jar:?]
	at com.st.microxplorer.plugins.filemanager.FileManagerView.getSpecificTask(FileManagerView.java:246) ~[filemanager.jar:?]
	at com.st.stm32cube.common.mx.editor.CubeMxEditor.getMxTabbedPaneInstance(CubeMxEditor.java:1198) ~[com.st.stm32cube.common.mx_6.12.0.202406281431/:?]
	at com.st.stm32cube.common.mx.editor.CubeMxEditor$12$1.createSwingComponent(CubeMxEditor.java:1068) ~[com.st.stm32cube.common.mx_6.12.0.202406281431/:?]
	at com.st.stm32cube.common.mx.oss.core.awtswtbridge.EmbeddedSwingComposite.doComponentCreation(EmbeddedSwingComposite.java:492) ~[com.st.stm32cube.common.mx.oss_6.12.0.202406281431/:?]
	at com.st.stm32cube.common.mx.oss.core.awtswtbridge.EmbeddedSwingComposite$4.run(EmbeddedSwingComposite.java:291) ~[com.st.stm32cube.common.mx.oss_6.12.0.202406281431/:?]
	at com.st.stm32cube.common.mx.oss.core.awtswtbridge.AwtEnvironment$2.run(AwtEnvironment.java:166) ~[com.st.stm32cube.common.mx.oss_6.12.0.202406281431/:?]
	at java.awt.event.InvocationEvent.dispatch(InvocationEvent.java:318) ~[?:?]
	at java.awt.EventQueue.dispatchEventImpl(EventQueue.java:773) ~[?:?]
	at java.awt.EventQueue$4.run(EventQueue.java:720) ~[?:?]
	at java.awt.EventQueue$4.run(EventQueue.java:714) ~[?:?]
	at java.security.AccessController.doPrivileged(AccessController.java:399) ~[?:?]
	at java.security.ProtectionDomain$JavaSecurityAccessImpl.doIntersectionPrivilege(ProtectionDomain.java:86) ~[?:?]
	at java.awt.EventQueue.dispatchEvent(EventQueue.java:742) ~[?:?]
	at java.awt.EventDispatchThread.pumpOneEventForFilters(EventDispatchThread.java:203) ~[?:?]
	at java.awt.EventDispatchThread.pumpEventsForFilter(EventDispatchThread.java:124) ~[?:?]
	at java.awt.EventDispatchThread.pumpEventsForHierarchy(EventDispatchThread.java:113) ~[?:?]
	at java.awt.EventDispatchThread.pumpEvents(EventDispatchThread.java:109) ~[?:?]
	at java.awt.EventDispatchThread.pumpEvents(EventDispatchThread.java:101) ~[?:?]
	at java.awt.EventDispatchThread.run(EventDispatchThread.java:90) ~[?:?]
2026-06-03 06:37:20,336 [WARN] ThirdParty:871 - waiting for thirdparty lock release [close project]
2026-06-03 06:37:20,336 [INFO] ThirdParty:873 - entering critical section [close project]
2026-06-03 06:37:20,336 [INFO] ThirdParty:883 - exiting critical section [close project]
2026-06-03 06:37:20,339 [INFO] PinOutPanel:1561 - setPackage(No Configuration,No Configuration)
2026-06-03 06:37:20,350 [WARN] IpParametersView:151 - Warning: This peripheral hasn't parameters
2026-06-03 06:37:20,360 [WARN] MainPanel:284 - <html><b><center>Warning: This peripheral has no parameters to be configured<br></b></html>
2026-06-03 06:37:20,374 [INFO] UtilMem:75 - Begin LoadConfig() Used Memory: 869309240 Bytes (1073741824)
2026-06-03 06:37:20,376 [INFO] MicroXplorer:468 - Change Database Path : 
2026-06-03 06:37:20,376 [INFO] MicroXplorer:498 - Change Database Version : DB.6.0.120
2026-06-03 06:37:20,376 [INFO] OpenFileManager:332 - Change cursor
2026-06-03 06:37:20,423 [INFO] RulesReader:64 - Compatibility file has been processed (297 Rules)
2026-06-03 06:37:20,430 [INFO] Mcu:2032 - Initializing MCU STM32F407V(E-G)Tx STM32F407VETx STM32F407VET6
2026-06-03 06:37:22,109 [INFO] Context:742 - Trying to add GPIOservice into a context  which must be forbidden
2026-06-03 06:37:22,694 [INFO] RtosManager:555 - Registered RTOS mode: class=CMSIS, group=RTOS, mode=CMSIS_V1, owner=FREERTOS
2026-06-03 06:37:22,695 [INFO] RtosManager:555 - Registered RTOS mode: class=CMSIS, group=RTOS2, mode=CMSIS_V2, owner=FREERTOS
2026-06-03 06:37:22,695 [INFO] RtosManager:555 - Registered RTOS mode: class=RTOS, group=Core, mode=CMSIS_V1, owner=FREERTOS
2026-06-03 06:37:22,695 [INFO] RtosManager:555 - Registered RTOS mode: class=RTOS, group=Core, mode=CMSIS_V2, owner=FREERTOS
2026-06-03 06:37:22,695 [WARN] ModelIntegratedComponent:184 - Missing modes for component STMicroelectronics:FreeRTOS:0.0.1:STMicroelectronics:RTOS:FreeRTOS:Core:::10.2.0:
2026-06-03 06:37:22,701 [WARN] ModelIntegratedComponent:63 - No mode defined for component null
2026-06-03 06:37:22,701 [WARN] ModelIntegratedComponent:63 - No mode defined for component null
2026-06-03 06:37:22,701 [WARN] ModelIntegratedComponent:63 - No mode defined for component null
2026-06-03 06:37:22,701 [WARN] ModelIntegratedComponent:63 - No mode defined for component null
2026-06-03 06:37:22,701 [WARN] ModelIntegratedComponent:63 - No mode defined for component null
2026-06-03 06:37:22,701 [WARN] ModelIntegratedComponent:63 - No mode defined for component null
2026-06-03 06:37:22,701 [WARN] ModelIntegratedComponent:63 - No mode defined for component null
2026-06-03 06:37:22,701 [WARN] ModelIntegratedComponent:63 - No mode defined for component null
2026-06-03 06:37:22,701 [WARN] ModelIntegratedComponent:63 - No mode defined for component null
2026-06-03 06:37:22,701 [WARN] ModelIntegratedComponent:63 - No mode defined for component null
2026-06-03 06:37:22,701 [WARN] ModelIntegratedComponent:63 - No mode defined for component null
2026-06-03 06:37:22,701 [WARN] ModelIntegratedComponent:63 - No mode defined for component null
2026-06-03 06:37:22,701 [WARN] ModelIntegratedComponent:63 - No mode defined for component null
2026-06-03 06:37:22,701 [WARN] ModelIntegratedComponent:63 - No mode defined for component null
2026-06-03 06:37:22,701 [WARN] ModelIntegratedComponent:63 - No mode defined for component null
2026-06-03 06:37:22,701 [WARN] ModelIntegratedComponent:63 - No mode defined for component null
2026-06-03 06:37:22,702 [WARN] ModelIntegratedComponent:63 - No mode defined for component null
2026-06-03 06:37:22,702 [WARN] ModelIntegratedComponent:63 - No mode defined for component null
2026-06-03 06:37:22,702 [WARN] ModelIntegratedComponent:63 - No mode defined for component null
2026-06-03 06:37:22,702 [WARN] ModelIntegratedComponent:63 - No mode defined for component null
2026-06-03 06:37:22,702 [WARN] ModelIntegratedComponent:63 - No mode defined for component null
2026-06-03 06:37:22,702 [WARN] ModelIntegratedComponent:63 - No mode defined for component null
2026-06-03 06:37:22,702 [WARN] ModelIntegratedComponent:63 - No mode defined for component null
2026-06-03 06:37:22,702 [WARN] ModelIntegratedComponent:63 - No mode defined for component null
2026-06-03 06:37:22,702 [WARN] ModelIntegratedComponent:63 - No mode defined for component null
2026-06-03 06:37:22,702 [WARN] ModelIntegratedComponent:63 - No mode defined for component null
2026-06-03 06:37:22,702 [WARN] ModelIntegratedComponent:63 - No mode defined for component null
2026-06-03 06:37:22,702 [WARN] ModelIntegratedComponent:63 - No mode defined for component null
2026-06-03 06:37:22,702 [WARN] ModelIntegratedComponent:63 - No mode defined for component null
2026-06-03 06:37:22,702 [WARN] ModelIntegratedComponent:63 - No mode defined for component null
2026-06-03 06:37:22,702 [WARN] ModelIntegratedComponent:63 - No mode defined for component null
2026-06-03 06:37:22,702 [WARN] ModelIntegratedComponent:63 - No mode defined for component null
2026-06-03 06:37:22,702 [WARN] ModelIntegratedComponent:63 - No mode defined for component null
2026-06-03 06:37:22,702 [WARN] ModelIntegratedComponent:63 - No mode defined for component null
2026-06-03 06:37:22,703 [WARN] ModelIntegratedComponent:63 - No mode defined for component null
2026-06-03 06:37:22,703 [WARN] ModelPack:524 - Component already loaded: STMicroelectronics:HAL Drivers:0.0.0:STMicroelectronics:Device:STMicro_Driver:XSPI:HAL::0.0.1:HAL_XSPI
2026-06-03 06:37:23,539 [INFO] ThirdPartyModel:298 - Start build external matchings
2026-06-03 06:37:27,633 [INFO] ThirdPartyModel:316 - End build external matchings
2026-06-03 06:37:27,692 [INFO] ImportTextPane:205 - (OptionalMessage_ERROR) IP (RCC) : Parameter (48MHZClocksFreq_Value) has invalid value (84000000)
2026-06-03 06:37:27,693 [INFO] ImportTextPane:205 - (OptionalMessage_ERROR) IP (RCC) : Parameter (RTCHSEDivFreq_Value) has invalid value (4000000)
2026-06-03 06:37:28,181 [INFO] UtilMem:75 - End LoadConfig() Used Memory: 853692136 Bytes (1073741824)
2026-06-03 06:37:28,398 [WARN] ThirdParty:833 - waiting for thirdparty lock release [change project]
2026-06-03 06:37:28,398 [INFO] ThirdParty:835 - entering critical section [change project]
2026-06-03 06:37:28,398 [INFO] ThirdParty:1030 - CMSIS Pack Vendor :STMicroelectronics X-CUBE-AZRTOS-H7 3.5.0
2026-06-03 06:37:28,398 [INFO] ThirdParty:1030 - CMSIS Pack Vendor :STMicroelectronics X-CUBE-PM33A1 1.0.0
2026-06-03 06:37:28,398 [INFO] ThirdParty:1030 - CMSIS Pack Vendor :STMicroelectronics USBPD 4.1
2026-06-03 06:37:28,398 [INFO] ThirdParty:1030 - CMSIS Pack Vendor :STMicroelectronics X-CUBE-GNSS1 6.0.0
2026-06-03 06:37:28,398 [INFO] ThirdParty:1030 - CMSIS Pack Vendor :STMicroelectronics USB_HOST 2.0.0
2026-06-03 06:37:28,398 [INFO] ThirdParty:1030 - CMSIS Pack Vendor :STMicroelectronics FP-SNS-MOTENVWB1 1.4.0
2026-06-03 06:37:28,398 [INFO] ThirdParty:1030 - CMSIS Pack Vendor :STMicroelectronics X-CUBE-AZRTOS-F4 1.1.0
2026-06-03 06:37:28,398 [INFO] ThirdParty:1030 - CMSIS Pack Vendor :STMicroelectronics LIBJPEG 8.0.0
2026-06-03 06:37:28,398 [INFO] ThirdParty:1030 - CMSIS Pack Vendor :STMicroelectronics FP-ATR-ASTRA1 2.0.2
2026-06-03 06:37:28,398 [INFO] ThirdParty:1030 - CMSIS Pack Vendor :STMicroelectronics FP-ATR-ASTRA1 2.0.1
2026-06-03 06:37:28,398 [INFO] ThirdParty:1030 - CMSIS Pack Vendor :STMicroelectronics X-CUBE-SMBUS 2.1.0
2026-06-03 06:37:28,398 [INFO] ThirdParty:1030 - CMSIS Pack Vendor :STMicroelectronics X-CUBE-WB05N 1.1.0
2026-06-03 06:37:28,398 [INFO] ThirdParty:1030 - CMSIS Pack Vendor :STMicroelectronics X-CUBE-ISPU 2.1.0
2026-06-03 06:37:28,398 [INFO] ThirdParty:1030 - CMSIS Pack Vendor :STMicroelectronics X-CUBE-FREERTOS 1.2.0
2026-06-03 06:37:28,398 [INFO] ThirdParty:1030 - CMSIS Pack Vendor :STMicroelectronics X-CUBE-NFC12 1.0.0
2026-06-03 06:37:28,398 [INFO] ThirdParty:1030 - CMSIS Pack Vendor :STMicroelectronics X-CUBE-AZRTOS-F7 1.1.0
2026-06-03 06:37:28,398 [INFO] ThirdParty:1030 - CMSIS Pack Vendor :STMicroelectronics X-CUBE-AZRTOS-L5 2.0.0
2026-06-03 06:37:28,398 [INFO] ThirdParty:1030 - CMSIS Pack Vendor :STMicroelectronics USB_DEVICE 2.0.0
2026-06-03 06:37:28,398 [INFO] ThirdParty:1030 - CMSIS Pack Vendor :STMicroelectronics X-CUBE-NFC6 3.1.0
2026-06-03 06:37:28,399 [INFO] ThirdParty:1030 - CMSIS Pack Vendor :STMicroelectronics X-CUBE-MEMS1 11.0.0
2026-06-03 06:37:28,399 [INFO] ThirdParty:1030 - CMSIS Pack Vendor :STMicroelectronics X-CUBE-ALGOBUILD 1.5.0
2026-06-03 06:37:28,399 [INFO] ThirdParty:1030 - CMSIS Pack Vendor :STMicroelectronics FreeRTOS 0.0.1
2026-06-03 06:37:28,399 [INFO] ThirdParty:1030 - CMSIS Pack Vendor :STMicroelectronics X-CUBE-DPower 1.2.0
2026-06-03 06:37:28,399 [INFO] ThirdParty:1030 - CMSIS Pack Vendor :STMicroelectronics FP-SNS-FLIGHT1 5.0.2
2026-06-03 06:37:28,399 [INFO] ThirdParty:1030 - CMSIS Pack Vendor :STMicroelectronics X-CUBE-AI 9.0.0
2026-06-03 06:37:28,399 [INFO] ThirdParty:1030 - CMSIS Pack Vendor :STMicroelectronics PDM2PCM 3.3.0
2026-06-03 06:37:28,399 [INFO] ThirdParty:1030 - CMSIS Pack Vendor :STMicroelectronics X-CUBE-AZRTOS-H7 3.4.0
2026-06-03 06:37:28,399 [INFO] ThirdParty:1030 - CMSIS Pack Vendor :STMicroelectronics X-CUBE-DISPLAY 3.0.0
2026-06-03 06:37:28,399 [INFO] ThirdParty:1030 - CMSIS Pack Vendor :STMicroelectronics X-CUBE-GNSS1 7.1.1
2026-06-03 06:37:28,399 [INFO] ThirdParty:1030 - CMSIS Pack Vendor :STMicroelectronics X-CUBE-BLE1 7.0.0
2026-06-03 06:37:28,399 [INFO] ThirdParty:1030 - CMSIS Pack Vendor :STMicroelectronics X-CUBE-NFC10 1.0.0
2026-06-03 06:37:28,399 [INFO] ThirdParty:1030 - CMSIS Pack Vendor :STMicroelectronics X-CUBE-BLEMGR 4.0.0
2026-06-03 06:37:28,399 [INFO] ThirdParty:1030 - CMSIS Pack Vendor :STMicroelectronics X-CUBE-FREERTOS 1.3.1
2026-06-03 06:37:28,399 [INFO] ThirdParty:1030 - CMSIS Pack Vendor :STMicroelectronics HAL Drivers 0.0.0
2026-06-03 06:37:28,399 [INFO] ThirdParty:1030 - CMSIS Pack Vendor :emotas I-CUBE-CANOPEN 1.3.0
2026-06-03 06:37:28,399 [INFO] ThirdParty:1030 - CMSIS Pack Vendor :STMicroelectronics X-CUBE-FREERTOS 1.3.0
2026-06-03 06:37:28,399 [INFO] ThirdParty:1030 - CMSIS Pack Vendor :STMicroelectronics X-CUBE-NFC7 1.0.1
2026-06-03 06:37:28,399 [INFO] ThirdParty:1030 - CMSIS Pack Vendor :STMicroelectronics MBEDTLS 2.14.1
2026-06-03 06:37:28,399 [INFO] ThirdParty:1030 - CMSIS Pack Vendor :STMicroelectronics X-CUBE-GNSS1 7.1.0
2026-06-03 06:37:28,399 [INFO] ThirdParty:1030 - CMSIS Pack Vendor :STMicroelectronics X-CUBE-TOUCHGFX 4.26.0
2026-06-03 06:37:28,399 [INFO] ThirdParty:1030 - CMSIS Pack Vendor :STMicroelectronics X-CUBE-TOUCHGFX 4.26.1
2026-06-03 06:37:28,399 [INFO] ThirdParty:1030 - CMSIS Pack Vendor :STMicroelectronics X-CUBE-BLEMGR 3.1.0
2026-06-03 06:37:28,399 [INFO] ThirdParty:1030 - CMSIS Pack Vendor :STMicroelectronics X-CUBE-AI 10.0.0
2026-06-03 06:37:28,399 [INFO] ThirdParty:1030 - CMSIS Pack Vendor :STMicroelectronics FP-SNS-SMARTAG2 1.2.0
2026-06-03 06:37:28,399 [INFO] ThirdParty:1030 - CMSIS Pack Vendor :STMicroelectronics X-CUBE-MEMS1 11.1.0
2026-06-03 06:37:28,399 [INFO] ThirdParty:1030 - CMSIS Pack Vendor :STMicroelectronics X-CUBE-AZRTOS-WL 2.0.0
2026-06-03 06:37:28,400 [INFO] ThirdParty:1030 - CMSIS Pack Vendor :STMicroelectronics X-CUBE-DPower 1.3.0
2026-06-03 06:37:28,400 [INFO] ThirdParty:1030 - CMSIS Pack Vendor :STMicroelectronics FP-SNS-MOTENV1 5.0.0
2026-06-03 06:37:28,400 [INFO] ThirdParty:1030 - CMSIS Pack Vendor :STMicroelectronics USB_DEVICE 1.0.0
2026-06-03 06:37:28,400 [INFO] ThirdParty:1030 - CMSIS Pack Vendor :STMicroelectronics X-CUBE-AZRTOS-H7RS 1.2.0
2026-06-03 06:37:28,400 [INFO] ThirdParty:1030 - CMSIS Pack Vendor :wolfSSL I-CUBE-wolfMQTT 1.19.0
2026-06-03 06:37:28,400 [INFO] ThirdParty:1030 - CMSIS Pack Vendor :STMicroelectronics X-CUBE-AZRTOS-L4 2.0.0
2026-06-03 06:37:28,400 [INFO] ThirdParty:1030 - CMSIS Pack Vendor :STMicroelectronics ThreadX 0.0.2
2026-06-03 06:37:28,400 [INFO] ThirdParty:1030 - CMSIS Pack Vendor :WES I-CUBE-Cesium 1.3.0
2026-06-03 06:37:28,400 [INFO] ThirdParty:1030 - CMSIS Pack Vendor :STMicroelectronics lwIP 2.1.2
2026-06-03 06:37:28,400 [INFO] ThirdParty:1030 - CMSIS Pack Vendor :STMicroelectronics X-CUBE-SFXS2LP1 4.0.0
2026-06-03 06:37:28,400 [INFO] ThirdParty:1030 - CMSIS Pack Vendor :STMicroelectronics X-CUBE-BLE2 3.3.0
2026-06-03 06:37:28,400 [INFO] ThirdParty:1030 - CMSIS Pack Vendor :STMicroelectronics PDM2PCM 3.2.0
2026-06-03 06:37:28,400 [INFO] ThirdParty:1030 - CMSIS Pack Vendor :STMicroelectronics X-CUBE-WB05N 2.1.0
2026-06-03 06:37:28,400 [INFO] ThirdParty:1030 - CMSIS Pack Vendor :STMicroelectronics X-CUBE-AZRTOS-H7 3.3.0
2026-06-03 06:37:28,400 [INFO] ThirdParty:1030 - CMSIS Pack Vendor :STMicroelectronics X-CUBE-NFC9 1.0.0
2026-06-03 06:37:28,400 [INFO] ThirdParty:1030 - CMSIS Pack Vendor :STMicroelectronics X-CUBE-BLE1 7.1.0
2026-06-03 06:37:28,400 [INFO] ThirdParty:1030 - CMSIS Pack Vendor :STMicroelectronics USB_DEVICE 3.0.0
2026-06-03 06:37:28,401 [INFO] ThirdParty:1030 - CMSIS Pack Vendor :STMicroelectronics X-CUBE-TCPP 4.1.0
2026-06-03 06:37:28,401 [INFO] ThirdParty:1030 - CMSIS Pack Vendor :STMicroelectronics X-CUBE-EEPRMA1 5.2.0
2026-06-03 06:37:28,401 [INFO] ThirdParty:1030 - CMSIS Pack Vendor :STMicroelectronics X-CUBE-IPS 3.0.0
2026-06-03 06:37:28,401 [INFO] ThirdParty:1030 - CMSIS Pack Vendor :STMicroelectronics X-CUBE-AZRTOS-WB 2.0.0
2026-06-03 06:37:28,401 [INFO] ThirdParty:1030 - CMSIS Pack Vendor :STMicroelectronics X-CUBE-GNSS1 7.0.0
2026-06-03 06:37:28,401 [INFO] ThirdParty:1030 - CMSIS Pack Vendor :STMicroelectronics X-CUBE-GNSS1 7.0.1
2026-06-03 06:37:28,401 [INFO] ThirdParty:1030 - CMSIS Pack Vendor :STMicroelectronics X-CUBE-TOUCHGFX 4.25.0
2026-06-03 06:37:28,401 [INFO] ThirdParty:1030 - CMSIS Pack Vendor :STMicroelectronics FP-SNS-STBOX1 2.0.0
2026-06-03 06:37:28,401 [INFO] ThirdParty:1030 - CMSIS Pack Vendor :STMicroelectronics X-CUBE-MEMS1 12.0.0
2026-06-03 06:37:28,401 [INFO] ThirdParty:1030 - CMSIS Pack Vendor :STMicroelectronics X-CUBE-STSE01 2.0.0
2026-06-03 06:37:28,401 [INFO] ThirdParty:1030 - CMSIS Pack Vendor :STMicroelectronics X-CUBE-MEMS1 11.2.0
2026-06-03 06:37:28,401 [INFO] ThirdParty:1030 - CMSIS Pack Vendor :STMicroelectronics X-CUBE-AZRTOS-G0 1.1.0
2026-06-03 06:37:28,401 [INFO] ThirdParty:1030 - CMSIS Pack Vendor :STMicroelectronics X-CUBE-SAFEA1 1.2.2
2026-06-03 06:37:28,401 [INFO] ThirdParty:1030 - CMSIS Pack Vendor :STMicroelectronics X-CUBE-NFC4 3.0.0
2026-06-03 06:37:28,401 [INFO] ThirdParty:1030 - CMSIS Pack Vendor :STMicroelectronics X-CUBE-SUBG2 5.0.0
2026-06-03 06:37:28,401 [INFO] ThirdParty:1030 - CMSIS Pack Vendor :STMicroelectronics X-CUBE-AZRTOS-H7RS 1.1.0
2026-06-03 06:37:28,401 [INFO] ThirdParty:1030 - CMSIS Pack Vendor :STMicroelectronics STM32_WPAN 1.0.0
2026-06-03 06:37:28,401 [INFO] ThirdParty:1030 - CMSIS Pack Vendor :EmbeddedOffice I-CUBE-FS-RTOS 1.0.1
2026-06-03 06:37:28,401 [INFO] ThirdParty:1030 - CMSIS Pack Vendor :STMicroelectronics lwIP 2.0.3
2026-06-03 06:37:28,401 [INFO] ThirdParty:1030 - CMSIS Pack Vendor :Cesanta I-CUBE-Mongoose 7.13.0
2026-06-03 06:37:28,401 [INFO] ThirdParty:1030 - CMSIS Pack Vendor :STMicroelectronics USB_HOST 1.0.0
2026-06-03 06:37:28,401 [INFO] ThirdParty:1030 - CMSIS Pack Vendor :STMicroelectronics X-CUBE-AZRTOS-G4 2.0.0
2026-06-03 06:37:28,401 [INFO] ThirdParty:1030 - CMSIS Pack Vendor :STMicroelectronics X-CUBE-WB05N 2.0.0
2026-06-03 06:37:28,401 [INFO] ThirdParty:1030 - CMSIS Pack Vendor :STMicroelectronics PDM2PCM 3.1.0
2026-06-03 06:37:28,401 [INFO] ThirdParty:1030 - CMSIS Pack Vendor :STMicroelectronics X-CUBE-NFC7 2.0.0
2026-06-03 06:37:28,401 [INFO] ThirdParty:1030 - CMSIS Pack Vendor :RealThread X-CUBE-RT-Thread_Nano 4.1.1
2026-06-03 06:37:28,401 [INFO] ThirdParty:1030 - CMSIS Pack Vendor :STMicroelectronics FP-ATR-SIGFOX1 3.2.0
2026-06-03 06:37:28,401 [INFO] ThirdParty:1030 - CMSIS Pack Vendor :wolfSSL I-CUBE-wolfSSL 5.7.2
2026-06-03 06:37:28,401 [INFO] ThirdParty:1030 - CMSIS Pack Vendor :quantropi X-CUBE-qispace-sdk-base 1.9.3
2026-06-03 06:37:28,401 [INFO] ThirdParty:1030 - CMSIS Pack Vendor :STMicroelectronics X-CUBE-ISPU 2.0.0
2026-06-03 06:37:28,401 [INFO] ThirdParty:1030 - CMSIS Pack Vendor :STMicroelectronics X-CUBE-EEPRMA1 5.1.0
2026-06-03 06:37:28,401 [INFO] ThirdParty:1030 - CMSIS Pack Vendor :STMicroelectronics MBEDTLS 2.16.2
2026-06-03 06:37:28,401 [INFO] ThirdParty:1030 - CMSIS Pack Vendor :STMicroelectronics X-CUBE-ALS 1.0.2
2026-06-03 06:37:28,401 [INFO] ThirdParty:1030 - CMSIS Pack Vendor :STMicroelectronics X-CUBE-TOUCHGFX 4.24.0
2026-06-03 06:37:28,401 [INFO] ThirdParty:1030 - CMSIS Pack Vendor :ITTIA_DB I-CUBE-ITTIADB 8.9.0
2026-06-03 06:37:28,401 [INFO] ThirdParty:1030 - CMSIS Pack Vendor :STMicroelectronics X-CUBE-TOUCHGFX 4.24.2
2026-06-03 06:37:28,401 [INFO] ThirdParty:1030 - CMSIS Pack Vendor :STMicroelectronics X-CUBE-TOUCHGFX 4.24.1
2026-06-03 06:37:28,401 [INFO] ThirdParty:1030 - CMSIS Pack Vendor :STMicroelectronics X-CUBE-STSE01 1.0.0
2026-06-03 06:37:28,401 [INFO] ThirdParty:1030 - CMSIS Pack Vendor :wolfSSL I-CUBE-wolfTPM 3.4.0
2026-06-03 06:37:28,401 [INFO] ThirdParty:1030 - CMSIS Pack Vendor :portGmbH I-Cube-SoM-uGOAL 1.1.0
2026-06-03 06:37:28,401 [INFO] ThirdParty:1030 - CMSIS Pack Vendor :STMicroelectronics X-CUBE-NFC6 3.2.0
2026-06-03 06:37:28,402 [INFO] ThirdParty:1030 - CMSIS Pack Vendor :STMicroelectronics X-CUBE-AI 10.2.0
2026-06-03 06:37:28,402 [INFO] ThirdParty:1030 - CMSIS Pack Vendor :STMicroelectronics ThreadX 1.0.0
2026-06-03 06:37:28,402 [INFO] ThirdParty:1030 - CMSIS Pack Vendor :STMicroelectronics X-CUBE-MEMS1 12.1.0
2026-06-03 06:37:28,402 [INFO] ThirdParty:1030 - CMSIS Pack Vendor :SEGGER I-CUBE-embOS 1.3.1
2026-06-03 06:37:28,402 [INFO] ThirdParty:1030 - CMSIS Pack Vendor :STMicroelectronics X-CUBE-ALGOBUILD 1.4.0
2026-06-03 06:37:28,402 [INFO] ThirdParty:1030 - CMSIS Pack Vendor :STMicroelectronics X-CUBE-MEMS1 11.3.0
2026-06-03 06:37:28,402 [INFO] ThirdParty:1030 - CMSIS Pack Vendor :STMicroelectronics X-CUBE-AZRTOS-H7RS 1.0.0
2026-06-03 06:37:28,402 [INFO] ThirdParty:1030 - CMSIS Pack Vendor :STMicroelectronics FP-ATR-ASTRA1 2.0.0
2026-06-03 06:37:28,402 [INFO] ThirdParty:1030 - CMSIS Pack Vendor :STMicroelectronics X-CUBE-TOF1 3.4.2
2026-06-03 06:37:28,402 [INFO] ThirdParty:1030 - CMSIS Pack Vendor :STMicroelectronics X-CUBE-AI 9.1.0
2026-06-03 06:37:28,402 [INFO] ThirdParty:1030 - CMSIS Pack Vendor :Infineon AIROC-Wi-Fi-Bluetooth-STM32 1.6.1
2026-06-03 06:37:28,402 [INFO] ThirdParty:1030 - CMSIS Pack Vendor :wolfSSL I-CUBE-wolfSSH 1.4.17
2026-06-03 06:37:28,402 [INFO] ThirdParty:841 - exiting critical section [change project]
2026-06-03 06:37:28,664 [INFO] PinOutPanel:1561 - setPackage(No Configuration,No Configuration)
2026-06-03 06:37:28,665 [INFO] PinOutPanel:1561 - setPackage(STM32F407VETx,LQFP100)
2026-06-03 06:37:29,082 [INFO] UtilMem:75 - Before build in PCC Used Memory: 953539816 Bytes (1073741824)
2026-06-03 06:37:29,460 [INFO] UtilMem:75 - After build in PCC Used Memory: 853734008 Bytes (1073741824)
2026-06-03 06:37:29,489 [INFO] IPUIPlugin:80 - create IPUIPlugin
2026-06-03 06:37:29,490 [INFO] IPUIPlugin:80 - create IPUIPlugin
2026-06-03 06:37:29,490 [INFO] IPUIPlugin:80 - create IPUIPlugin
2026-06-03 06:37:29,490 [INFO] IPUIPlugin:80 - create IPUIPlugin
2026-06-03 06:37:29,490 [INFO] IPUIPlugin:80 - create IPUIPlugin
2026-06-03 06:37:29,490 [INFO] IPUIPlugin:80 - create IPUIPlugin
2026-06-03 06:37:29,490 [INFO] IPUIPlugin:80 - create IPUIPlugin
2026-06-03 06:37:29,490 [INFO] IPUIPlugin:80 - create IPUIPlugin
2026-06-03 06:37:29,490 [INFO] IPUIPlugin:80 - create IPUIPlugin
2026-06-03 06:37:29,490 [INFO] IPUIPlugin:80 - create IPUIPlugin
2026-06-03 06:37:29,490 [INFO] IPUIPlugin:80 - create IPUIPlugin
2026-06-03 06:37:29,490 [INFO] IPUIPlugin:80 - create IPUIPlugin
2026-06-03 06:37:29,490 [INFO] IPUIPlugin:80 - create IPUIPlugin
2026-06-03 06:37:29,491 [INFO] IPUIPlugin:80 - create IPUIPlugin
2026-06-03 06:37:29,491 [INFO] IPUIPlugin:80 - create IPUIPlugin
2026-06-03 06:37:29,491 [INFO] IPUIPlugin:80 - create IPUIPlugin
2026-06-03 06:37:29,491 [INFO] IPUIPlugin:80 - create IPUIPlugin
2026-06-03 06:37:29,491 [INFO] IPUIPlugin:80 - create IPUIPlugin
2026-06-03 06:37:29,491 [INFO] IPUIPlugin:80 - create IPUIPlugin
2026-06-03 06:37:29,491 [INFO] IPUIPlugin:80 - create IPUIPlugin
2026-06-03 06:37:29,491 [INFO] IPUIPlugin:80 - create IPUIPlugin
2026-06-03 06:37:29,492 [INFO] IPUIPlugin:80 - create IPUIPlugin
2026-06-03 06:37:29,492 [INFO] IPUIPlugin:80 - create IPUIPlugin
2026-06-03 06:37:29,492 [INFO] IPUIPlugin:80 - create IPUIPlugin
2026-06-03 06:37:29,492 [INFO] IPUIPlugin:80 - create IPUIPlugin
2026-06-03 06:37:29,492 [INFO] IPUIPlugin:80 - create IPUIPlugin
2026-06-03 06:37:29,493 [INFO] IPUIPlugin:80 - create IPUIPlugin
2026-06-03 06:37:29,493 [INFO] IPUIPlugin:80 - create IPUIPlugin
2026-06-03 06:37:29,493 [INFO] IPUIPlugin:80 - create IPUIPlugin
2026-06-03 06:37:29,493 [INFO] IPUIPlugin:80 - create IPUIPlugin
2026-06-03 06:37:29,493 [INFO] IPUIPlugin:80 - create IPUIPlugin
2026-06-03 06:37:29,494 [INFO] IPUIPlugin:80 - create IPUIPlugin
2026-06-03 06:37:29,494 [INFO] IPUIPlugin:80 - create IPUIPlugin
2026-06-03 06:37:29,494 [INFO] IPUIPlugin:80 - create IPUIPlugin
2026-06-03 06:37:29,494 [INFO] IPUIPlugin:80 - create IPUIPlugin
2026-06-03 06:37:29,495 [INFO] IPUIPlugin:80 - create IPUIPlugin
2026-06-03 06:37:29,495 [INFO] IPUIPlugin:80 - create IPUIPlugin
2026-06-03 06:37:29,495 [INFO] IPUIPlugin:80 - create IPUIPlugin
2026-06-03 06:37:29,496 [INFO] IPUIPlugin:80 - create IPUIPlugin
2026-06-03 06:37:29,496 [INFO] IPUIPlugin:80 - create IPUIPlugin
2026-06-03 06:37:29,496 [INFO] IPUIPlugin:80 - create IPUIPlugin
2026-06-03 06:37:29,496 [INFO] IPUIPlugin:80 - create IPUIPlugin
2026-06-03 06:37:29,496 [INFO] IPUIPlugin:80 - create IPUIPlugin
2026-06-03 06:37:29,497 [INFO] IPUIPlugin:80 - create IPUIPlugin
2026-06-03 06:37:29,497 [INFO] IPUIPlugin:80 - create IPUIPlugin
2026-06-03 06:37:29,497 [INFO] IPUIPlugin:80 - create IPUIPlugin
2026-06-03 06:37:29,497 [INFO] IPUIPlugin:80 - create IPUIPlugin
2026-06-03 06:37:29,498 [INFO] IPUIPlugin:80 - create IPUIPlugin
2026-06-03 06:37:29,498 [INFO] IPUIPlugin:80 - create IPUIPlugin
2026-06-03 06:37:29,498 [INFO] IPUIPlugin:80 - create IPUIPlugin
2026-06-03 06:37:29,499 [INFO] IPUIPlugin:80 - create IPUIPlugin
2026-06-03 06:37:29,499 [INFO] IPUIPlugin:80 - create IPUIPlugin
2026-06-03 06:37:29,499 [INFO] IPUIPlugin:80 - create IPUIPlugin
2026-06-03 06:37:29,500 [INFO] IPUIPlugin:80 - create IPUIPlugin
2026-06-03 06:37:29,500 [INFO] IPUIPlugin:80 - create IPUIPlugin
2026-06-03 06:37:29,502 [INFO] IPUIPlugin:80 - create IPUIPlugin
2026-06-03 06:37:29,503 [INFO] IPUIPlugin:80 - create IPUIPlugin
2026-06-03 06:37:29,504 [INFO] IPUIPlugin:80 - create IPUIPlugin
2026-06-03 06:37:29,507 [INFO] ApiDbMcu:508 - Load IP Config File for PDM2PCM
2026-06-03 06:37:29,634 [INFO] CADModel:165 - CPN selected for project levelSTM32F407VET6
2026-06-03 06:37:29,634 [INFO] CADModel:114 - Register for checkConnection events
2026-06-03 06:37:29,694 [INFO] OpenFileManager:363 - Restore cursor
2026-06-03 06:39:20,248 [INFO] UtilMem:75 - End SaveConfig() Used Memory: 837253880 Bytes (1073741824)
2026-06-03 06:39:20,491 [INFO] BlockDiagram:2766 - set Specific Code input for plugin: TIM1_8
2026-06-03 06:39:20,491 [INFO] BlockDiagram:2766 - set Specific Code input for plugin: SYS
2026-06-03 06:39:20,491 [INFO] BlockDiagram:2766 - set Specific Code input for plugin: RCC
2026-06-03 06:39:20,491 [INFO] BlockDiagram:2766 - set Specific Code input for plugin: NVIC
2026-06-03 06:39:20,491 [INFO] BlockDiagram:2766 - set Specific Code input for plugin: USART
2026-06-03 06:39:20,492 [INFO] BlockDiagram:2766 - set Specific Code input for plugin: GPIO
2026-06-03 06:39:20,493 [INFO] CodeGenerator:807 - code generatio: config db path: C:\ST\STM32CubeIDE_1.16.0\STM32CubeIDE\plugins\com.st.stm32cube.common.mx_6.12.0.202406281431\\db\
2026-06-03 06:39:20,613 [INFO] CodeEngine:255 - oldGeneratedFile, D:\Project_2026\Modbud_MFM383A-C\STM32F407VET6\STM32F407VET6_Modbus\MXTmpFiles\license.tmp_save
2026-06-03 06:39:20,806 [INFO] CodeEngine:279 - Generated code: D:\Project_2026\Modbud_MFM383A-C\STM32F407VET6\STM32F407VET6_Modbus\MXTmpFiles\license.tmp
2026-06-03 06:39:20,902 [INFO] CodeEngine:255 - oldGeneratedFile, D:\Project_2026\Modbud_MFM383A-C\STM32F407VET6\STM32F407VET6_Modbus\MXTmpFiles\gpio.tmp_save
2026-06-03 06:39:21,099 [INFO] CodeEngine:279 - Generated code: D:\Project_2026\Modbud_MFM383A-C\STM32F407VET6\STM32F407VET6_Modbus\MXTmpFiles\gpio.tmp
2026-06-03 06:39:21,374 [INFO] CodeEngine:255 - oldGeneratedFile, D:\Project_2026\Modbud_MFM383A-C\STM32F407VET6\STM32F407VET6_Modbus\Core\Src\stm32f4xx_it.c_save
2026-06-03 06:39:21,938 [INFO] CodeEngine:279 - Generated code: D:\Project_2026\Modbud_MFM383A-C\STM32F407VET6\STM32F407VET6_Modbus\Core\Src\stm32f4xx_it.c
2026-06-03 06:39:21,948 [INFO] CodeEngine:255 - oldGeneratedFile, D:\Project_2026\Modbud_MFM383A-C\STM32F407VET6\STM32F407VET6_Modbus\Core\Inc\stm32f4xx_it.h_save
2026-06-03 06:39:22,108 [INFO] CodeEngine:279 - Generated code: D:\Project_2026\Modbud_MFM383A-C\STM32F407VET6\STM32F407VET6_Modbus\Core\Inc\stm32f4xx_it.h
2026-06-03 06:39:22,160 [INFO] CodeEngine:255 - oldGeneratedFile, D:\Project_2026\Modbud_MFM383A-C\STM32F407VET6\STM32F407VET6_Modbus\Core\Src\stm32f4xx_hal_msp.c_save
2026-06-03 06:39:22,356 [INFO] CodeEngine:279 - Generated code: D:\Project_2026\Modbud_MFM383A-C\STM32F407VET6\STM32F407VET6_Modbus\Core\Src\stm32f4xx_hal_msp.c
2026-06-03 06:39:22,361 [INFO] CodeEngine:255 - oldGeneratedFile, D:\Project_2026\Modbud_MFM383A-C\STM32F407VET6\STM32F407VET6_Modbus\MXTmpFiles\system.tmp_save
2026-06-03 06:39:22,427 [INFO] CodeEngine:279 - Generated code: D:\Project_2026\Modbud_MFM383A-C\STM32F407VET6\STM32F407VET6_Modbus\MXTmpFiles\system.tmp
2026-06-03 06:39:22,452 [INFO] CodeEngine:311 - oldGeneratedFile, D:\Project_2026\Modbud_MFM383A-C\STM32F407VET6\STM32F407VET6_Modbus\Core\Inc\stm32f4xx_hal_conf.h_save
2026-06-03 06:39:22,583 [INFO] CodeEngine:335 - Generated code: D:\Project_2026\Modbud_MFM383A-C\STM32F407VET6\STM32F407VET6_Modbus\Core\Inc\stm32f4xx_hal_conf.h
2026-06-03 06:39:22,617 [WARN] IPConfigManager:3554 - IP not found : TIM
2026-06-03 06:39:22,618 [WARN] CodeGenerator:4002 - IP not found : null
2026-06-03 06:39:22,640 [INFO] CodeEngine:255 - oldGeneratedFile, D:\Project_2026\Modbud_MFM383A-C\STM32F407VET6\STM32F407VET6_Modbus\Core\Inc\main.h_save
2026-06-03 06:39:22,806 [INFO] CodeEngine:279 - Generated code: D:\Project_2026\Modbud_MFM383A-C\STM32F407VET6\STM32F407VET6_Modbus\Core\Inc\main.h
2026-06-03 06:39:22,821 [INFO] CodeEngine:255 - oldGeneratedFile, D:\Project_2026\Modbud_MFM383A-C\STM32F407VET6\STM32F407VET6_Modbus\Core\Src\main.c_save
2026-06-03 06:39:22,979 [INFO] CodeEngine:279 - Generated code: D:\Project_2026\Modbud_MFM383A-C\STM32F407VET6\STM32F407VET6_Modbus\Core\Src\main.c
2026-06-03 06:39:23,423 [INFO] ProjectBuilder:3249 - Time for Copy HAL[1] : 201mS.
2026-06-03 06:39:23,426 [INFO] ProjectBuilder:4828 - Project Generator version: 4.4.0-B60
2026-06-03 06:39:23,538 [INFO] ConfigFileManager:1531 - The Die is : DIE413
2026-06-03 06:39:23,541 [INFO] ApiDbMcu:508 - Load IP Config File for FATFS
2026-06-03 06:39:23,546 [INFO] ApiDbMcu:508 - Load IP Config File for FREERTOS
2026-06-03 06:39:23,549 [INFO] ApiDbMcu:508 - Load IP Config File for LIBJPEG
2026-06-03 06:39:23,558 [INFO] ApiDbMcu:508 - Load IP Config File for LWIP
2026-06-03 06:39:23,564 [INFO] ApiDbMcu:508 - Load IP Config File for MBEDTLS
2026-06-03 06:39:23,573 [INFO] ApiDbMcu:508 - Load IP Config File for USB_DEVICE
2026-06-03 06:39:23,577 [INFO] ApiDbMcu:508 - Load IP Config File for USB_HOST
2026-06-03 06:39:24,798 [INFO] ProjectBuilder:5097 - Time for Generating toolchain IDE Files: 1372mS.
2026-06-03 06:39:24,799 [INFO] ProjectBuilder:3107 - Time for Copy CMSIS : 0mS.
2026-06-03 06:39:24,801 [INFO] ProjectBuilder:3107 - Time for Copy CMSIS : 1mS.
2026-06-03 06:39:28,194 [ERROR] LogOutputStream:75 - [STDERR_REDIRECT] Exception in thread "AWT-EventQueue-0" java.awt.IllegalComponentStateException: Native resources unavailable
2026-06-03 06:39:28,195 [ERROR] LogOutputStream:75 - [STDERR_REDIRECT] 	at java.desktop/sun.awt.windows.WWindowPeer.getScreenImOn(Native Method)
2026-06-03 06:39:28,198 [ERROR] LogOutputStream:75 - [STDERR_REDIRECT] 	at java.desktop/sun.awt.windows.WWindowPeer.updateGC(WWindowPeer.java:566)
2026-06-03 06:39:28,200 [ERROR] LogOutputStream:75 - [STDERR_REDIRECT] 	at java.desktop/java.awt.event.InvocationEvent.dispatch(InvocationEvent.java:318)
2026-06-03 06:39:28,202 [ERROR] LogOutputStream:75 - [STDERR_REDIRECT] 	at java.desktop/java.awt.EventQueue.dispatchEventImpl(EventQueue.java:773)
2026-06-03 06:39:28,206 [ERROR] LogOutputStream:75 - [STDERR_REDIRECT] 	at java.desktop/java.awt.EventQueue$4.run(EventQueue.java:720)
2026-06-03 06:39:28,208 [ERROR] LogOutputStream:75 - [STDERR_REDIRECT] 	at java.desktop/java.awt.EventQueue$4.run(EventQueue.java:714)
2026-06-03 06:39:28,210 [ERROR] LogOutputStream:75 - [STDERR_REDIRECT] 	at java.base/java.security.AccessController.doPrivileged(AccessController.java:399)
2026-06-03 06:39:28,214 [ERROR] LogOutputStream:75 - [STDERR_REDIRECT] 	at java.base/java.security.ProtectionDomain$JavaSecurityAccessImpl.doIntersectionPrivilege(ProtectionDomain.java:86)
2026-06-03 06:39:28,217 [ERROR] LogOutputStream:75 - [STDERR_REDIRECT] 	at java.base/java.security.ProtectionDomain$JavaSecurityAccessImpl.doIntersectionPrivilege(ProtectionDomain.java:97)
2026-06-03 06:39:28,219 [ERROR] LogOutputStream:75 - [STDERR_REDIRECT] 	at java.desktop/java.awt.EventQueue$5.run(EventQueue.java:747)
2026-06-03 06:39:28,221 [ERROR] LogOutputStream:75 - [STDERR_REDIRECT] 	at java.desktop/java.awt.EventQueue$5.run(EventQueue.java:745)
2026-06-03 06:39:28,224 [ERROR] LogOutputStream:75 - [STDERR_REDIRECT] 	at java.base/java.security.AccessController.doPrivileged(AccessController.java:399)
2026-06-03 06:39:28,227 [ERROR] LogOutputStream:75 - [STDERR_REDIRECT] 	at java.base/java.security.ProtectionDomain$JavaSecurityAccessImpl.doIntersectionPrivilege(ProtectionDomain.java:86)
2026-06-03 06:39:28,228 [ERROR] LogOutputStream:75 - [STDERR_REDIRECT] 	at java.desktop/java.awt.EventQueue.dispatchEvent(EventQueue.java:744)
2026-06-03 06:39:28,230 [ERROR] LogOutputStream:75 - [STDERR_REDIRECT] 	at java.desktop/java.awt.EventDispatchThread.pumpOneEventForFilters(EventDispatchThread.java:203)
2026-06-03 06:39:28,232 [ERROR] LogOutputStream:75 - [STDERR_REDIRECT] 	at java.desktop/java.awt.EventDispatchThread.pumpEventsForFilter(EventDispatchThread.java:124)
2026-06-03 06:39:28,234 [ERROR] LogOutputStream:75 - [STDERR_REDIRECT] 	at java.desktop/java.awt.EventDispatchThread.pumpEventsForHierarchy(EventDispatchThread.java:113)
2026-06-03 06:39:28,236 [ERROR] LogOutputStream:75 - [STDERR_REDIRECT] 	at java.desktop/java.awt.EventDispatchThread.pumpEvents(EventDispatchThread.java:109)
2026-06-03 06:39:28,240 [ERROR] LogOutputStream:75 - [STDERR_REDIRECT] 	at java.desktop/java.awt.EventDispatchThread.pumpEvents(EventDispatchThread.java:101)
2026-06-03 06:39:28,243 [ERROR] LogOutputStream:75 - [STDERR_REDIRECT] 	at java.desktop/java.awt.EventDispatchThread.run(EventDispatchThread.java:90)
2026-06-03 06:40:11,317 [INFO] Activator:176 - 


2026-06-03 06:40:11,320 [INFO] Activator:177 - !SESSION log4j initialized
2026-06-03 06:40:18,074 [INFO] LogOutputStream:77 - [STDOUT_REDIRECT] 
2026-06-03 06:40:19,433 [INFO] ApplicationProperties:184 - Using Application install path: C:\ST\STM32CubeIDE_1.16.0\STM32CubeIDE\plugins\com.st.stm32cube.common.mx_6.12.0.202406281431
2026-06-03 06:40:19,457 [INFO] DbMcusXml:78 - Set database path to: C:\ST\STM32CubeIDE_1.16.0\STM32CubeIDE\plugins\com.st.stm32cube.common.mx_6.12.0.202406281431\\db\/mcu/
2026-06-03 06:40:19,457 [INFO] ApiDb:274 - Set plugin database path to: C:\ST\STM32CubeIDE_1.16.0\STM32CubeIDE\plugins\com.st.stm32cube.common.mx_6.12.0.202406281431\\db\/plugins/boardmanager/
2026-06-03 06:40:19,458 [WARN] ApiDb:259 - Overriding images path with different value:  => C:\ST\STM32CubeIDE_1.16.0\STM32CubeIDE\plugins\com.st.stm32cube.common.mx_6.12.0.202406281431\\db\/plugins/mcufinder/images/
2026-06-03 06:40:19,466 [INFO] ApiDb:250 - Set database path to: C:\Users\Admin\.stmcufinder\plugins\mcufinder//mcu/
2026-06-03 06:40:19,468 [INFO] DbMcusAds:125 - Set database path to: C:\Users\Admin\.stmcufinder\plugins\mcufinder//mcu/
2026-06-03 06:40:19,472 [INFO] CrossReferenceDbSqlite:203 - Set database path to: C:\Users\Admin\.stmcufinder\plugins\mcufinder//mcu/cs/
2026-06-03 06:40:19,672 [INFO] RulesReader:64 - Compatibility file has been processed (297 Rules)
2026-06-03 06:40:19,824 [INFO] DbMcusXml:78 - Set database path to: C:\ST\STM32CubeIDE_1.16.0\STM32CubeIDE\plugins\com.st.stm32cube.common.mx_6.12.0.202406281431\\db\/mcu/
2026-06-03 06:40:19,825 [INFO] ApiDb:274 - Set plugin database path to: C:\ST\STM32CubeIDE_1.16.0\STM32CubeIDE\plugins\com.st.stm32cube.common.mx_6.12.0.202406281431\\db\/plugins/boardmanager/
2026-06-03 06:40:19,825 [INFO] ApiDb:261 - Set plugin images path to: C:\ST\STM32CubeIDE_1.16.0\STM32CubeIDE\plugins\com.st.stm32cube.common.mx_6.12.0.202406281431\\db\/plugins/mcufinder/images/
2026-06-03 06:40:19,825 [WARN] DbFile:41 - Overriding database path with different value: C:\Users\Admin\.stmcufinder\plugins\mcufinder/ => C:\Users\Admin\.stmcufinder\plugins\mcufinder
2026-06-03 06:40:19,826 [INFO] ApiDb:250 - Set database path to: C:\Users\Admin\.stmcufinder\plugins\mcufinder//mcu/
2026-06-03 06:40:19,826 [WARN] DbFile:41 - Overriding database path with different value: C:\Users\Admin\.stmcufinder\plugins\mcufinder/ => C:\Users\Admin\.stmcufinder\plugins\mcufinder
2026-06-03 06:40:19,826 [INFO] DbMcusAds:125 - Set database path to: C:\Users\Admin\.stmcufinder\plugins\mcufinder//mcu/
2026-06-03 06:40:19,826 [WARN] DbFile:41 - Overriding database path with different value: C:\Users\Admin\.stmcufinder\plugins\mcufinder/ => C:\Users\Admin\.stmcufinder\plugins\mcufinder
2026-06-03 06:40:19,826 [WARN] DbFile:41 - Overriding database path with different value: C:\Users\Admin\.stmcufinder\plugins\mcufinder/ => C:\Users\Admin\.stmcufinder\plugins\mcufinder
2026-06-03 06:40:19,826 [INFO] CrossReferenceDbSqlite:203 - Set database path to: C:\Users\Admin\.stmcufinder\plugins\mcufinder//mcu/cs/
2026-06-03 06:40:19,954 [INFO] MainPanel:268 - HeapMemory: 268435456
2026-06-03 06:40:20,102 [INFO] DbMcusXml:78 - Set database path to: C:\ST\STM32CubeIDE_1.16.0\STM32CubeIDE\plugins\com.st.stm32cube.common.mx_6.12.0.202406281431\\db\/mcu/
2026-06-03 06:40:20,103 [INFO] ApiDb:274 - Set plugin database path to: C:\ST\STM32CubeIDE_1.16.0\STM32CubeIDE\plugins\com.st.stm32cube.common.mx_6.12.0.202406281431\\db\/plugins/boardmanager/
2026-06-03 06:40:20,103 [INFO] ApiDb:261 - Set plugin images path to: C:\ST\STM32CubeIDE_1.16.0\STM32CubeIDE\plugins\com.st.stm32cube.common.mx_6.12.0.202406281431\\db\/plugins/mcufinder/images/
2026-06-03 06:40:20,103 [WARN] DbFile:41 - Overriding database path with different value: C:\Users\Admin\.stmcufinder\plugins\mcufinder/ => C:\Users\Admin\.stmcufinder\plugins\mcufinder
2026-06-03 06:40:20,103 [INFO] ApiDb:250 - Set database path to: C:\Users\Admin\.stmcufinder\plugins\mcufinder//mcu/
2026-06-03 06:40:20,104 [WARN] DbFile:41 - Overriding database path with different value: C:\Users\Admin\.stmcufinder\plugins\mcufinder/ => C:\Users\Admin\.stmcufinder\plugins\mcufinder
2026-06-03 06:40:20,104 [INFO] DbMcusAds:125 - Set database path to: C:\Users\Admin\.stmcufinder\plugins\mcufinder//mcu/
2026-06-03 06:40:20,104 [WARN] DbFile:41 - Overriding database path with different value: C:\Users\Admin\.stmcufinder\plugins\mcufinder/ => C:\Users\Admin\.stmcufinder\plugins\mcufinder
2026-06-03 06:40:20,104 [WARN] DbFile:41 - Overriding database path with different value: C:\Users\Admin\.stmcufinder\plugins\mcufinder/ => C:\Users\Admin\.stmcufinder\plugins\mcufinder
2026-06-03 06:40:20,104 [INFO] CrossReferenceDbSqlite:203 - Set database path to: C:\Users\Admin\.stmcufinder\plugins\mcufinder//mcu/cs/
2026-06-03 06:40:20,167 [INFO] ApplicationProperties:184 - Using Application install path: C:\ST\STM32CubeIDE_1.16.0\STM32CubeIDE\plugins\com.st.stm32cube.common.mx_6.12.0.202406281431
2026-06-03 06:40:20,170 [INFO] PluginManage:196 - Search for loadable plugins [exclusion list=, ]
2026-06-03 06:40:20,173 [INFO] PluginManage:310 - Check plugin analytics
2026-06-03 06:40:20,592 [INFO] AnalyticsPlugin:253 - Accepted Software Licenses: 
2026-06-03 06:40:20,592 [INFO] AnalyticsPlugin:255 - Accepted CMSIS Pack Licenses: 
2026-06-03 06:40:20,593 [INFO] AnalyticsPlugin:257 - Accepted Firmware Licenses: 
2026-06-03 06:40:20,606 [INFO] PluginManage:359 - Loaded plugin analytics (category:tool,tabindex:-1)
2026-06-03 06:40:20,607 [INFO] PluginManage:310 - Check plugin cadmodel
2026-06-03 06:40:20,618 [INFO] CADModel:105 - Init CAD model plugin
2026-06-03 06:40:20,619 [INFO] PluginManage:359 - Loaded plugin cadmodel (category:power,tabindex:5)
2026-06-03 06:40:20,619 [INFO] PluginManage:310 - Check plugin clock
2026-06-03 06:40:20,639 [INFO] PluginManage:359 - Loaded plugin clock (category:base,tabindex:2)
2026-06-03 06:40:20,640 [INFO] PluginManage:310 - Check plugin ddr
2026-06-03 06:40:20,645 [INFO] PluginManage:359 - Loaded plugin ddr (category:tool,tabindex:6)
2026-06-03 06:40:20,645 [INFO] PluginManage:310 - Check plugin filemanager
2026-06-03 06:40:20,929 [INFO] PluginManage:359 - Loaded plugin filemanager (category:base,tabindex:10)
2026-06-03 06:40:20,929 [INFO] PluginManage:310 - Check plugin ipmanager
2026-06-03 06:40:20,943 [INFO] PluginManage:359 - Loaded plugin ipmanager (category:base,tabindex:5)
2026-06-03 06:40:20,943 [INFO] PluginManage:310 - Check plugin lpbam
2026-06-03 06:40:20,960 [INFO] PluginManage:359 - Loaded plugin lpbam (category:base,tabindex:0)
2026-06-03 06:40:20,961 [INFO] PluginManage:310 - Check plugin memorymap
2026-06-03 06:40:20,984 [INFO] PluginManage:359 - Loaded plugin memorymap (category:base,tabindex:4)
2026-06-03 06:40:20,984 [INFO] PluginManage:310 - Check plugin pinoutandconfiguration
2026-06-03 06:40:21,000 [INFO] PluginManage:359 - Loaded plugin pinoutandconfiguration (category:base,tabindex:1)
2026-06-03 06:40:21,001 [INFO] PluginManage:310 - Check plugin pinoutconfig
2026-06-03 06:40:21,175 [WARN] SupportedApi:132 - Cannot load RTOS API schema: s4s-elt-must-match.1: The content of 'definitions' must match (annotation?, (simpleType | complexType)?, (unique | key | keyref)*)). A problem was found starting at: attribute.
2026-06-03 06:40:21,410 [INFO] PluginManage:359 - Loaded plugin pinoutconfig (category:base,tabindex:0)
2026-06-03 06:40:21,410 [INFO] PluginManage:310 - Check plugin power
2026-06-03 06:40:21,424 [INFO] PluginManage:359 - Loaded plugin power (category:power,tabindex:4)
2026-06-03 06:40:21,424 [INFO] PluginManage:310 - Check plugin projectmanager
2026-06-03 06:40:21,450 [INFO] PluginManage:359 - Loaded plugin projectmanager (category:projectmanager,tabindex:4)
2026-06-03 06:40:21,451 [INFO] PluginManage:310 - Check plugin rif
2026-06-03 06:40:21,461 [INFO] PluginManage:359 - Loaded plugin rif (category:base,tabindex:3)
2026-06-03 06:40:21,461 [INFO] PluginManage:310 - Check plugin thirdparty
2026-06-03 06:40:21,669 [WARN] IntegrityCheckThread:84 - waiting for thirdparty lock release [integrity check]
2026-06-03 06:40:21,669 [INFO] PluginManage:359 - Loaded plugin thirdparty (category:base,tabindex:-1)
2026-06-03 06:40:21,669 [INFO] IntegrityCheckThread:86 - entering critical section [integrity check]
2026-06-03 06:40:21,669 [INFO] PluginManage:310 - Check plugin tools
2026-06-03 06:40:21,670 [INFO] ThirdPartyUpdaterWithRetryManager:70 - Updater plugin not ready yet. [1/15]
2026-06-03 06:40:21,673 [INFO] PluginManage:359 - Loaded plugin tools (category:base,tabindex:7)
2026-06-03 06:40:21,673 [INFO] PluginManage:310 - Check plugin tutovideos
2026-06-03 06:40:22,030 [INFO] PluginManage:359 - Loaded plugin tutovideos (category:base,tabindex:-1)
2026-06-03 06:40:22,030 [INFO] PluginManage:310 - Check plugin updater
2026-06-03 06:40:22,061 [INFO] PluginManage:359 - Loaded plugin updater (category:base,tabindex:12)
2026-06-03 06:40:22,061 [INFO] PluginManage:310 - Check plugin userauth
2026-06-03 06:40:22,077 [INFO] UserAuth:113 - Init User Auth plugin
2026-06-03 06:40:22,077 [INFO] PluginManage:359 - Loaded plugin userauth (category:base,tabindex:14)
2026-06-03 06:40:22,079 [INFO] PluginManage:283 - PluginManage : Loaded plugins [18]
2026-06-03 06:40:22,582 [INFO] PinOutPanel:1561 - setPackage(No Configuration,No Configuration)
2026-06-03 06:40:22,811 [INFO] CADModel:165 - CPN selected for project level
2026-06-03 06:40:22,811 [INFO] CADModel:114 - Register for checkConnection events
2026-06-03 06:40:22,837 [INFO] IPUIPlugin:80 - create IPUIPlugin
2026-06-03 06:40:22,837 [INFO] PluginManager:220 - loadIPPluginJar : add adc
2026-06-03 06:40:22,841 [INFO] IPUIPlugin:80 - create IPUIPlugin
2026-06-03 06:40:22,841 [INFO] PluginManager:220 - loadIPPluginJar : add aes
2026-06-03 06:40:22,846 [INFO] IPUIPlugin:80 - create IPUIPlugin
2026-06-03 06:40:22,846 [INFO] PluginManager:220 - loadIPPluginJar : add can
2026-06-03 06:40:22,850 [INFO] IPUIPlugin:80 - create IPUIPlugin
2026-06-03 06:40:22,850 [INFO] PluginManager:220 - loadIPPluginJar : add comp
2026-06-03 06:40:22,853 [INFO] IPUIPlugin:80 - create IPUIPlugin
2026-06-03 06:40:22,853 [INFO] PluginManager:220 - loadIPPluginJar : add cryp
2026-06-03 06:40:22,856 [INFO] IPUIPlugin:80 - create IPUIPlugin
2026-06-03 06:40:22,857 [INFO] PluginManager:220 - loadIPPluginJar : add ddr_ctrl_phy
2026-06-03 06:40:22,861 [INFO] IPUIPlugin:80 - create IPUIPlugin
2026-06-03 06:40:22,862 [INFO] PluginManager:220 - loadIPPluginJar : add dfsdm
2026-06-03 06:40:22,870 [INFO] IPUIPlugin:80 - create IPUIPlugin
2026-06-03 06:40:22,870 [INFO] PluginManager:220 - loadIPPluginJar : add dma
2026-06-03 06:40:22,874 [INFO] IPUIPlugin:80 - create IPUIPlugin
2026-06-03 06:40:22,874 [INFO] PluginManager:220 - loadIPPluginJar : add dma3
2026-06-03 06:40:22,879 [INFO] IPUIPlugin:80 - create IPUIPlugin
2026-06-03 06:40:22,879 [INFO] PluginManager:220 - loadIPPluginJar : add extmemmanager
2026-06-03 06:40:22,882 [INFO] IPUIPlugin:80 - create IPUIPlugin
2026-06-03 06:40:22,883 [INFO] PluginManager:220 - loadIPPluginJar : add fatfs
2026-06-03 06:40:22,889 [INFO] IPUIPlugin:80 - create IPUIPlugin
2026-06-03 06:40:22,889 [INFO] PluginManager:220 - loadIPPluginJar : add fmc
2026-06-03 06:40:22,898 [INFO] IPUIPlugin:80 - create IPUIPlugin
2026-06-03 06:40:22,899 [INFO] PluginManager:220 - loadIPPluginJar : add freertos
2026-06-03 06:40:22,900 [INFO] IPUIPlugin:80 - create IPUIPlugin
2026-06-03 06:40:22,901 [INFO] PluginManager:220 - loadIPPluginJar : add genericplugin
2026-06-03 06:40:22,903 [INFO] IPUIPlugin:80 - create IPUIPlugin
2026-06-03 06:40:22,903 [INFO] PluginManager:220 - loadIPPluginJar : add gfxmmu
2026-06-03 06:40:22,909 [INFO] IPUIPlugin:80 - create IPUIPlugin
2026-06-03 06:40:22,910 [INFO] PluginManager:220 - loadIPPluginJar : add gic
2026-06-03 06:40:22,915 [INFO] IPUIPlugin:80 - create IPUIPlugin
2026-06-03 06:40:22,915 [INFO] PluginManager:220 - loadIPPluginJar : add gpio
2026-06-03 06:40:22,919 [INFO] IPUIPlugin:80 - create IPUIPlugin
2026-06-03 06:40:22,919 [INFO] PluginManager:220 - loadIPPluginJar : add gtzc
2026-06-03 06:40:22,923 [INFO] IPUIPlugin:80 - create IPUIPlugin
2026-06-03 06:40:22,923 [INFO] PluginManager:220 - loadIPPluginJar : add hash
2026-06-03 06:40:22,929 [INFO] IPUIPlugin:80 - create IPUIPlugin
2026-06-03 06:40:22,930 [INFO] PluginManager:220 - loadIPPluginJar : add i2c
2026-06-03 06:40:22,933 [INFO] IPUIPlugin:80 - create IPUIPlugin
2026-06-03 06:40:22,934 [INFO] PluginManager:220 - loadIPPluginJar : add i2s
2026-06-03 06:40:22,939 [INFO] IPUIPlugin:80 - create IPUIPlugin
2026-06-03 06:40:22,940 [INFO] PluginManager:220 - loadIPPluginJar : add i3c
2026-06-03 06:40:22,946 [INFO] IPUIPlugin:80 - create IPUIPlugin
2026-06-03 06:40:22,946 [INFO] PluginManager:220 - loadIPPluginJar : add ipddr
2026-06-03 06:40:22,959 [INFO] IPUIPlugin:80 - create IPUIPlugin
2026-06-03 06:40:22,960 [INFO] PluginManager:220 - loadIPPluginJar : add linkedlist
2026-06-03 06:40:22,967 [INFO] IPUIPlugin:80 - create IPUIPlugin
2026-06-03 06:40:22,967 [INFO] PluginManager:220 - loadIPPluginJar : add lorawan
2026-06-03 06:40:22,970 [INFO] IPUIPlugin:80 - create IPUIPlugin
2026-06-03 06:40:22,970 [INFO] PluginManager:220 - loadIPPluginJar : add ltdc
2026-06-03 06:40:22,978 [INFO] IPUIPlugin:80 - create IPUIPlugin
2026-06-03 06:40:22,979 [INFO] PluginManager:220 - loadIPPluginJar : add mdma
2026-06-03 06:40:22,984 [INFO] IPUIPlugin:80 - create IPUIPlugin
2026-06-03 06:40:22,984 [INFO] PluginManager:220 - loadIPPluginJar : add nvic
2026-06-03 06:40:22,989 [INFO] IPUIPlugin:80 - create IPUIPlugin
2026-06-03 06:40:22,990 [INFO] PluginManager:220 - loadIPPluginJar : add opamp
2026-06-03 06:40:22,994 [INFO] IPUIPlugin:80 - create IPUIPlugin
2026-06-03 06:40:22,994 [INFO] PluginManager:220 - loadIPPluginJar : add openamp
2026-06-03 06:40:22,998 [INFO] IPUIPlugin:80 - create IPUIPlugin
2026-06-03 06:40:22,999 [INFO] PluginManager:220 - loadIPPluginJar : add pdm2pcm
2026-06-03 06:40:23,008 [INFO] IPUIPlugin:80 - create IPUIPlugin
2026-06-03 06:40:23,011 [INFO] PluginManager:220 - loadIPPluginJar : add plateformsettings
2026-06-03 06:40:23,014 [INFO] IPUIPlugin:80 - create IPUIPlugin
2026-06-03 06:40:23,014 [INFO] PluginManager:220 - loadIPPluginJar : add quadspi
2026-06-03 06:40:23,017 [INFO] IPUIPlugin:80 - create IPUIPlugin
2026-06-03 06:40:23,018 [INFO] PluginManager:220 - loadIPPluginJar : add radio
2026-06-03 06:40:23,023 [INFO] IPUIPlugin:80 - create IPUIPlugin
2026-06-03 06:40:23,023 [INFO] PluginManager:220 - loadIPPluginJar : add resmgrutility
2026-06-03 06:40:23,026 [INFO] IPUIPlugin:80 - create IPUIPlugin
2026-06-03 06:40:23,027 [INFO] PluginManager:220 - loadIPPluginJar : add sai
2026-06-03 06:40:23,030 [INFO] IPUIPlugin:80 - create IPUIPlugin
2026-06-03 06:40:23,031 [INFO] PluginManager:220 - loadIPPluginJar : add spi
2026-06-03 06:40:23,039 [INFO] IPUIPlugin:80 - create IPUIPlugin
2026-06-03 06:40:23,039 [INFO] PluginManager:220 - loadIPPluginJar : add stm32_wpan
2026-06-03 06:40:23,041 [INFO] IPUIPlugin:80 - create IPUIPlugin
2026-06-03 06:40:23,041 [INFO] PluginManager:220 - loadIPPluginJar : add tim
2026-06-03 06:40:23,046 [INFO] IPUIPlugin:80 - create IPUIPlugin
2026-06-03 06:40:23,047 [INFO] PluginManager:220 - loadIPPluginJar : add touchsensing
2026-06-03 06:40:23,050 [INFO] IPUIPlugin:80 - create IPUIPlugin
2026-06-03 06:40:23,050 [INFO] PluginManager:220 - loadIPPluginJar : add tracer_emb
2026-06-03 06:40:23,052 [INFO] IPUIPlugin:80 - create IPUIPlugin
2026-06-03 06:40:23,053 [INFO] PluginManager:220 - loadIPPluginJar : add ts
2026-06-03 06:40:23,055 [INFO] IPUIPlugin:80 - create IPUIPlugin
2026-06-03 06:40:23,055 [INFO] PluginManager:220 - loadIPPluginJar : add tsc
2026-06-03 06:40:23,058 [INFO] IPUIPlugin:80 - create IPUIPlugin
2026-06-03 06:40:23,059 [INFO] PluginManager:220 - loadIPPluginJar : add ucpd
2026-06-03 06:40:23,063 [INFO] IPUIPlugin:80 - create IPUIPlugin
2026-06-03 06:40:23,063 [INFO] PluginManager:220 - loadIPPluginJar : add usart
2026-06-03 06:40:23,069 [INFO] IPUIPlugin:80 - create IPUIPlugin
2026-06-03 06:40:23,069 [INFO] PluginManager:220 - loadIPPluginJar : add usbx
2026-06-03 06:40:23,272 [INFO] CADModel:165 - CPN selected for project level
2026-06-03 06:40:23,273 [INFO] CADModel:114 - Register for checkConnection events
2026-06-03 06:40:23,273 [FATAL] Updater:334 - Updater called before beeing initialized
2026-06-03 06:40:23,273 [ERROR] CADModel:125 - Updater not yet initialized, retry later 
2026-06-03 06:40:23,474 [INFO] CADModel:165 - CPN selected for project level
2026-06-03 06:40:23,474 [INFO] CADModel:114 - Register for checkConnection events
2026-06-03 06:40:23,475 [FATAL] Updater:334 - Updater called before beeing initialized
2026-06-03 06:40:23,475 [ERROR] CADModel:125 - Updater not yet initialized, retry later 
2026-06-03 06:40:23,479 [FATAL] Updater:334 - Updater called before beeing initialized
2026-06-03 06:40:23,672 [FATAL] Updater:334 - Updater called before beeing initialized
2026-06-03 06:40:23,682 [INFO] DbMcusAds:53 - JSON generation date=Thu May 28 23:08:17 GMT+07:00 2026 (1779984497073)
2026-06-03 06:40:23,682 [FATAL] Updater:334 - Updater called before beeing initialized
2026-06-03 06:40:23,768 [WARN] DetailPanel:346 - Failed to get advertising image, set to default
2026-06-03 06:40:24,082 [FATAL] Updater:334 - Updater called before beeing initialized
2026-06-03 06:40:24,086 [FATAL] Updater:334 - Updater called before beeing initialized
2026-06-03 06:40:24,086 [FATAL] Updater:334 - Updater called before beeing initialized
2026-06-03 06:40:24,086 [WARN] DetailPanel:346 - Failed to get advertising image, set to default
2026-06-03 06:40:24,087 [FATAL] Updater:334 - Updater called before beeing initialized
2026-06-03 06:40:24,221 [ERROR] Updater:1164 - MainUpdater not yet initialized. External WinMGr cannot be set.
2026-06-03 06:40:24,225 [INFO] Updater:1100 - Updater Version found : 6.12.0
2026-06-03 06:40:24,259 [INFO] ApplicationProperties:184 - Using Application install path: C:\ST\STM32CubeIDE_1.16.0\STM32CubeIDE\plugins\com.st.stm32cube.common.mx_6.12.0.202406281431
2026-06-03 06:40:24,672 [INFO] ThirdPartyUpdaterWithRetryManager:70 - Updater plugin not ready yet. [2/15]
2026-06-03 06:40:25,796 [INFO] MainUpdater:2873 - connection check result : 10
2026-06-03 06:40:25,797 [INFO] MainUpdater:290 - Updater Check For Update Now.
2026-06-03 06:40:25,797 [INFO] MicroXplorer:498 - Change Database Version : DB.6.0.120
2026-06-03 06:40:25,822 [INFO] McuFinderGlobals:63 - Set McuFinder mode to 2 (CubeIDE integrated)
2026-06-03 06:40:25,823 [INFO] UserAuth:417 - Internet connection configuration mode: 1
2026-06-03 06:40:25,847 [INFO] JxBrowserEngine:152 - Initiate JxBrowser Engine with user profile folder
2026-06-03 06:40:26,108 [INFO] CheckServerUpdateThread:120 - End of CheckServer Thread
2026-06-03 06:40:27,095 [INFO] WebApp:167 - Instantiating new browser for Auth
2026-06-03 06:40:28,070 [INFO] WebApp:448 - Apply proxy settings
2026-06-03 06:40:28,071 [INFO] WebApp:533 - Chromium requires no authentication
2026-06-03 06:40:28,088 [INFO] WebApp:476 - Direct internet connection detected
2026-06-03 06:40:28,135 [INFO] WebApp:869 - Register for checkConnection events
2026-06-03 06:40:28,135 [INFO] WebApp:448 - Apply proxy settings
2026-06-03 06:40:28,135 [INFO] WebApp:533 - Chromium requires no authentication
2026-06-03 06:40:28,136 [INFO] WebApp:476 - Direct internet connection detected
2026-06-03 06:40:28,164 [WARN] PackLoader:240 - Cannot read IP mode file for STMicroelectronics.X-CUBE-AZRTOS-H7.3.5.0
2026-06-03 06:40:28,179 [WARN] PackLoader:240 - Cannot read IP mode file for STMicroelectronics.FP-SNS-MOTENVWB1.1.4.0
2026-06-03 06:40:28,188 [WARN] PackLoader:240 - Cannot read IP mode file for STMicroelectronics.FP-ATR-ASTRA1.2.0.2
2026-06-03 06:40:28,193 [WARN] PackLoader:240 - Cannot read IP mode file for STMicroelectronics.FP-ATR-ASTRA1.2.0.1
2026-06-03 06:40:28,205 [ERROR] Engine:466 - C:\Users\Admin\.stm32cubemx\thirdparties\pdsc\STMicroelectronics.X-CUBE-SMBUS.2.1.1.pdsc: PDSC version is not supported
2026-06-03 06:40:28,211 [WARN] PackLoader:240 - Cannot read IP mode file for STMicroelectronics.X-CUBE-SMBUS.2.1.0
2026-06-03 06:40:28,224 [WARN] PackLoader:240 - Cannot read IP mode file for STMicroelectronics.X-CUBE-WB05N.1.1.0
2026-06-03 06:40:28,231 [ERROR] Engine:466 - C:\Users\Admin\.stm32cubemx\thirdparties\pdsc\STMicroelectronics.X-CUBE-ST60.1.0.0.pdsc: PDSC version is not supported
2026-06-03 06:40:28,272 [WARN] PackLoader:240 - Cannot read IP mode file for STMicroelectronics.X-CUBE-AZRTOS-F7.1.1.0
2026-06-03 06:40:28,426 [WARN] PackLoader:240 - Cannot read IP mode file for STMicroelectronics.X-CUBE-MEMS1.11.0.0
2026-06-03 06:40:28,465 [INFO] WebApp:186 - Connection restablished
2026-06-03 06:40:28,719 [INFO] WebApp:220 - Starting web application
2026-06-03 06:40:28,720 [INFO] WebApp:578 - Web application path used C:\ST\STM32CubeIDE_1.16.0\STM32CubeIDE\plugins\com.st.stm32cube.common.mx_6.12.0.202406281431\db\plugins\mcufinder\reactClient1\index.html
2026-06-03 06:40:28,787 [ERROR] Engine:466 - C:\Users\Admin\.stm32cubemx\thirdparties\pdsc\STMicroelectronics.FP-SNS-MOTENV1.5.1.0.pdsc: PDSC version is not supported
2026-06-03 06:40:28,804 [WARN] PackLoader:240 - Cannot read IP mode file for STMicroelectronics.FP-SNS-FLIGHT1.5.0.2
2026-06-03 06:40:28,860 [WARN] PackLoader:240 - Cannot read IP mode file for STMicroelectronics.X-CUBE-AZRTOS-H7.3.4.0
2026-06-03 06:40:28,890 [WARN] PackLoader:240 - Cannot read IP mode file for STMicroelectronics.X-CUBE-DISPLAY.3.0.0
2026-06-03 06:40:28,916 [WARN] PackLoader:240 - Cannot read IP mode file for STMicroelectronics.X-CUBE-GNSS1.7.1.1
2026-06-03 06:40:28,923 [ERROR] Engine:466 - C:\Users\Admin\.stm32cubemx\thirdparties\pdsc\STMicroelectronics.FP-SNS-MOTENVWB1.1.5.0.pdsc: PDSC version is not supported
2026-06-03 06:40:28,931 [WARN] PackLoader:240 - Cannot read IP mode file for STMicroelectronics.X-CUBE-BLE1.7.0.0
2026-06-03 06:40:28,942 [WARN] PackLoader:240 - Cannot read IP mode file for STMicroelectronics.X-CUBE-NFC10.1.0.0
2026-06-03 06:40:28,962 [WARN] PackLoader:240 - Cannot read IP mode file for STMicroelectronics.X-CUBE-BLEMGR.4.0.0
2026-06-03 06:40:28,991 [ERROR] Engine:466 - C:\Users\Admin\.stm32cubemx\thirdparties\pdsc\STMicroelectronics.X-CUBE-ST60.1.1.0.pdsc: PDSC version is not supported
2026-06-03 06:40:29,002 [WARN] PackLoader:240 - Cannot read IP mode file for emotas.I-CUBE-CANOPEN.1.3.0
2026-06-03 06:40:29,013 [WARN] PackLoader:240 - Cannot read IP mode file for STMicroelectronics.X-CUBE-GNSS1.7.1.0
2026-06-03 06:40:29,031 [WARN] PackLoader:240 - Cannot read IP mode file for STMicroelectronics.X-CUBE-BLEMGR.3.1.0
2026-06-03 06:40:29,043 [WARN] PackLoader:240 - Cannot read IP mode file for STMicroelectronics.X-CUBE-AI.10.0.0
2026-06-03 06:40:29,050 [ERROR] Engine:466 - C:\Users\Admin\.stm32cubemx\thirdparties\pdsc\STMicroelectronics.FP-SNS-STBOX1.2.1.0.pdsc: PDSC version is not supported
2026-06-03 06:40:29,058 [WARN] PackLoader:240 - Cannot read IP mode file for STMicroelectronics.FP-SNS-SMARTAG2.1.2.0
2026-06-03 06:40:29,063 [ERROR] Engine:466 - C:\Users\Admin\.stm32cubemx\thirdparties\pdsc\STMicroelectronics.FP-SNS-FLIGHT1.5.1.0.pdsc: PDSC version is not supported
2026-06-03 06:40:29,259 [WARN] PackLoader:240 - Cannot read IP mode file for STMicroelectronics.X-CUBE-MEMS1.11.1.0
2026-06-03 06:40:29,278 [INFO] UserAuth:417 - Internet connection configuration mode: 1
2026-06-03 06:40:29,644 [INFO] LogOutputStream:77 - [STDOUT_REDIRECT] 1 : Invalid condition id : UX_CORESTACK_Condition cause : null
2026-06-03 06:40:29,646 [INFO] LogOutputStream:77 - [STDOUT_REDIRECT] 1 : Invalid condition id : UX_CORESTACK_Condition cause : null
2026-06-03 06:40:29,649 [INFO] LogOutputStream:77 - [STDOUT_REDIRECT] 1 : Invalid condition id : UX_CORESTACK_Condition cause : null
2026-06-03 06:40:29,653 [INFO] LogOutputStream:77 - [STDOUT_REDIRECT] 1 : Invalid condition id : UX_CORESTACK_Condition cause : null
2026-06-03 06:40:29,656 [INFO] LogOutputStream:77 - [STDOUT_REDIRECT] 1 : Invalid condition id : UX_CORESTACK_Condition cause : null
2026-06-03 06:40:29,664 [WARN] PackLoader:240 - Cannot read IP mode file for STMicroelectronics.X-CUBE-AZRTOS-WL.2.0.0
2026-06-03 06:40:29,675 [WARN] PackLoader:240 - Cannot read IP mode file for STMicroelectronics.FP-SNS-MOTENV1.5.0.0
2026-06-03 06:40:29,726 [WARN] PackLoader:240 - Cannot read IP mode file for STMicroelectronics.X-CUBE-AZRTOS-H7RS.1.2.0
2026-06-03 06:40:29,741 [WARN] PackLoader:240 - Cannot read IP mode file for wolfSSL.I-CUBE-wolfMQTT.1.19.0
2026-06-03 06:40:29,754 [WARN] PackLoader:240 - Cannot read IP mode file for WES.I-CUBE-Cesium.1.3.0
2026-06-03 06:40:29,763 [WARN] PackLoader:240 - Cannot read IP mode file for STMicroelectronics.X-CUBE-BLE2.3.3.0
2026-06-03 06:40:29,770 [ERROR] Engine:466 - C:\Users\Admin\.stm32cubemx\thirdparties\pdsc\Avnet-IOTCONNECT.X-CUBE-iotc-st67-sdk.1.0.0.pdsc: PDSC version is not supported
2026-06-03 06:40:29,781 [WARN] PackLoader:240 - Cannot read IP mode file for STMicroelectronics.X-CUBE-NFC9.1.0.0
2026-06-03 06:40:29,790 [WARN] PackLoader:240 - Cannot read IP mode file for STMicroelectronics.X-CUBE-BLE1.7.1.0
2026-06-03 06:40:29,817 [WARN] PackLoader:240 - Cannot read IP mode file for STMicroelectronics.X-CUBE-TCPP.4.1.0
2026-06-03 06:40:29,827 [ERROR] Engine:466 - C:\Users\Admin\.stm32cubemx\thirdparties\pdsc\STMicroelectronics.X-CUBE-FREERTOS.1.4.0.pdsc: PDSC version is not supported
2026-06-03 06:40:29,839 [WARN] PackLoader:240 - Cannot read IP mode file for STMicroelectronics.X-CUBE-EEPRMA1.5.2.0
2026-06-03 06:40:29,848 [ERROR] Engine:466 - C:\Users\Admin\.stm32cubemx\thirdparties\pdsc\STMicroelectronics.X-CUBE-ST67W61.1.1.0.pdsc: PDSC version is not supported
2026-06-03 06:40:29,851 [ERROR] Engine:466 - C:\Users\Admin\.stm32cubemx\thirdparties\pdsc\STMicroelectronics.FP-SNS-STAIOTCFT.1.1.0.pdsc: PDSC version is not supported
2026-06-03 06:40:29,954 [WARN] PackLoader:240 - Cannot read IP mode file for STMicroelectronics.X-CUBE-MEMS1.12.0.0
2026-06-03 06:40:30,229 [WARN] PackLoader:240 - Cannot read IP mode file for STMicroelectronics.X-CUBE-MEMS1.11.2.0
2026-06-03 06:40:30,546 [WARN] PackLoader:240 - Cannot read IP mode file for STMicroelectronics.X-CUBE-AZRTOS-G0.1.1.0
2026-06-03 06:40:30,561 [WARN] PackLoader:240 - Cannot read IP mode file for STMicroelectronics.X-CUBE-SAFEA1.1.2.2
2026-06-03 06:40:30,572 [WARN] PackLoader:240 - Cannot read IP mode file for STMicroelectronics.X-CUBE-NFC4.3.0.0
2026-06-03 06:40:30,592 [WARN] PackLoader:240 - Cannot read IP mode file for EmbeddedOffice.I-CUBE-FS-RTOS.1.0.1
2026-06-03 06:40:30,593 [ERROR] ConditionMgr:805 - Attr not supported : Dmpu
2026-06-03 06:40:30,593 [ERROR] ConditionMgr:805 - Attr not supported : Dmpu
2026-06-03 06:40:30,593 [ERROR] ConditionMgr:805 - Attr not supported : Dmpu
2026-06-03 06:40:30,593 [ERROR] ConditionMgr:805 - Attr not supported : Dmpu
2026-06-03 06:40:30,593 [ERROR] ConditionMgr:805 - Attr not supported : Dmpu
2026-06-03 06:40:30,594 [ERROR] ConditionMgr:805 - Attr not supported : Dmpu
2026-06-03 06:40:30,594 [ERROR] ConditionMgr:805 - Attr not supported : Dmpu
2026-06-03 06:40:30,594 [ERROR] ConditionMgr:805 - Attr not supported : Dmpu
2026-06-03 06:40:30,594 [ERROR] ConditionMgr:805 - Attr not supported : Dmpu
2026-06-03 06:40:30,594 [ERROR] ConditionMgr:805 - Attr not supported : Dmpu
2026-06-03 06:40:30,594 [ERROR] ConditionMgr:805 - Attr not supported : Dmpu
2026-06-03 06:40:30,594 [ERROR] ConditionMgr:805 - Attr not supported : Dmpu
2026-06-03 06:40:30,594 [ERROR] ConditionMgr:805 - Attr not supported : Dmpu
2026-06-03 06:40:30,595 [ERROR] ConditionMgr:805 - Attr not supported : Dmpu
2026-06-03 06:40:30,595 [ERROR] ConditionMgr:805 - Attr not supported : Dmpu
2026-06-03 06:40:30,595 [ERROR] ConditionMgr:805 - Attr not supported : Dmpu
2026-06-03 06:40:30,595 [ERROR] ConditionMgr:805 - Attr not supported : Dmpu
2026-06-03 06:40:30,595 [ERROR] ConditionMgr:805 - Attr not supported : Dmpu
2026-06-03 06:40:30,595 [ERROR] ConditionMgr:805 - Attr not supported : Dmpu
2026-06-03 06:40:30,595 [ERROR] ConditionMgr:805 - Attr not supported : Dmpu
2026-06-03 06:40:30,596 [ERROR] ConditionMgr:805 - Attr not supported : Dmpu
2026-06-03 06:40:30,596 [ERROR] ConditionMgr:805 - Attr not supported : Dmpu
2026-06-03 06:40:30,596 [ERROR] ConditionMgr:805 - Attr not supported : Dmpu
2026-06-03 06:40:30,596 [ERROR] ConditionMgr:805 - Attr not supported : Dmpu
2026-06-03 06:40:30,596 [ERROR] ConditionMgr:805 - Attr not supported : Dmpu
2026-06-03 06:40:30,597 [ERROR] ConditionMgr:805 - Attr not supported : Dmpu
2026-06-03 06:40:30,597 [ERROR] ConditionMgr:805 - Attr not supported : Dmpu
2026-06-03 06:40:30,597 [ERROR] ConditionMgr:805 - Attr not supported : Dmpu
2026-06-03 06:40:30,597 [ERROR] ConditionMgr:805 - Attr not supported : Dmpu
2026-06-03 06:40:30,597 [ERROR] ConditionMgr:805 - Attr not supported : Dmpu
2026-06-03 06:40:30,597 [ERROR] ConditionMgr:805 - Attr not supported : Dmpu
2026-06-03 06:40:30,597 [ERROR] ConditionMgr:805 - Attr not supported : Dmpu
2026-06-03 06:40:30,598 [ERROR] ConditionMgr:805 - Attr not supported : Dmpu
2026-06-03 06:40:30,598 [ERROR] ConditionMgr:805 - Attr not supported : Dmpu
2026-06-03 06:40:30,598 [ERROR] ConditionMgr:805 - Attr not supported : Dmpu
2026-06-03 06:40:30,598 [ERROR] ConditionMgr:805 - Attr not supported : Dmpu
2026-06-03 06:40:30,599 [ERROR] ConditionMgr:805 - Attr not supported : Dmpu
2026-06-03 06:40:30,599 [ERROR] ConditionMgr:805 - Attr not supported : Dmpu
2026-06-03 06:40:30,599 [ERROR] ConditionMgr:805 - Attr not supported : Dmpu
2026-06-03 06:40:30,600 [ERROR] ConditionMgr:805 - Attr not supported : Dmpu
2026-06-03 06:40:30,600 [ERROR] ConditionMgr:805 - Attr not supported : Dmpu
2026-06-03 06:40:30,600 [ERROR] ConditionMgr:805 - Attr not supported : Dmpu
2026-06-03 06:40:30,600 [ERROR] ConditionMgr:805 - Attr not supported : Dmpu
2026-06-03 06:40:30,600 [ERROR] ConditionMgr:805 - Attr not supported : Dmpu
2026-06-03 06:40:30,600 [ERROR] ConditionMgr:805 - Attr not supported : Dmpu
2026-06-03 06:40:30,600 [ERROR] ConditionMgr:805 - Attr not supported : Dmpu
2026-06-03 06:40:30,600 [ERROR] ConditionMgr:805 - Attr not supported : Dmpu
2026-06-03 06:40:30,601 [ERROR] ConditionMgr:805 - Attr not supported : Dmpu
2026-06-03 06:40:30,601 [ERROR] ConditionMgr:805 - Attr not supported : Dmpu
2026-06-03 06:40:30,601 [ERROR] ConditionMgr:805 - Attr not supported : Dmpu
2026-06-03 06:40:30,601 [ERROR] ConditionMgr:805 - Attr not supported : Dmpu
2026-06-03 06:40:30,601 [ERROR] ConditionMgr:805 - Attr not supported : Dmpu
2026-06-03 06:40:30,601 [ERROR] ConditionMgr:805 - Attr not supported : Dmpu
2026-06-03 06:40:30,602 [ERROR] ConditionMgr:805 - Attr not supported : Dmpu
2026-06-03 06:40:30,602 [ERROR] ConditionMgr:805 - Attr not supported : Dmpu
2026-06-03 06:40:30,602 [ERROR] ConditionMgr:805 - Attr not supported : Dmpu
2026-06-03 06:40:30,602 [ERROR] ConditionMgr:805 - Attr not supported : Dmpu
2026-06-03 06:40:30,602 [ERROR] ConditionMgr:805 - Attr not supported : Dmpu
2026-06-03 06:40:30,602 [ERROR] ConditionMgr:805 - Attr not supported : Dmpu
2026-06-03 06:40:30,603 [ERROR] ConditionMgr:805 - Attr not supported : Dmpu
2026-06-03 06:40:30,603 [ERROR] ConditionMgr:805 - Attr not supported : Dmpu
2026-06-03 06:40:30,603 [ERROR] ConditionMgr:805 - Attr not supported : Dmpu
2026-06-03 06:40:30,603 [ERROR] ConditionMgr:805 - Attr not supported : Dmpu
2026-06-03 06:40:30,603 [ERROR] ConditionMgr:805 - Attr not supported : Dmpu
2026-06-03 06:40:30,609 [WARN] PackLoader:240 - Cannot read IP mode file for STMicroelectronics.X-CUBE-WB05N.2.0.0
2026-06-03 06:40:30,615 [ERROR] Engine:466 - C:\Users\Admin\.stm32cubemx\thirdparties\pdsc\STMicroelectronics.X-CUBE-TCPP.4.2.0.pdsc: PDSC version is not supported
2026-06-03 06:40:30,622 [WARN] PackLoader:240 - Cannot read IP mode file for RealThread.X-CUBE-RT-Thread_Nano.4.1.1
2026-06-03 06:40:30,630 [WARN] PackLoader:240 - Cannot read IP mode file for STMicroelectronics.FP-ATR-SIGFOX1.3.2.0
2026-06-03 06:40:30,636 [WARN] PackLoader:240 - Cannot read IP mode file for wolfSSL.I-CUBE-wolfSSL.5.7.2
2026-06-03 06:40:30,642 [WARN] ConditionMgr:438 - getConditionDescription Invalid condition id : Cortex-A Device cause : null
2026-06-03 06:40:30,687 [WARN] ConditionMgr:1039 - genDependencies : Invalid condition id : Cortex-A Device cause : null
2026-06-03 06:40:30,687 [WARN] ConditionMgr:1039 - genDependencies : Invalid condition id : Cortex-A Device cause : null
2026-06-03 06:40:30,688 [WARN] ConditionMgr:1039 - genDependencies : Invalid condition id : Cortex-A Device cause : null
2026-06-03 06:40:30,694 [WARN] PackLoader:240 - Cannot read IP mode file for STMicroelectronics.X-CUBE-EEPRMA1.5.1.0
2026-06-03 06:40:30,700 [ERROR] Engine:466 - C:\Users\Admin\.stm32cubemx\thirdparties\pdsc\STMicroelectronics.X-CUBE-FREERTOS.1.5.0.pdsc: PDSC version is not supported
2026-06-03 06:40:30,709 [WARN] PackLoader:240 - Cannot read IP mode file for ITTIA_DB.I-CUBE-ITTIADB.8.9.0
2026-06-03 06:40:30,726 [WARN] PackLoader:240 - Cannot read IP mode file for STMicroelectronics.X-CUBE-NFC6.3.2.0
2026-06-03 06:40:30,734 [ERROR] Engine:466 - C:\Users\Admin\.stm32cubemx\thirdparties\pdsc\STMicroelectronics.X-CUBE-ST67W61.1.0.0.pdsc: PDSC version is not supported
2026-06-03 06:40:30,738 [WARN] PackLoader:240 - Cannot read IP mode file for STMicroelectronics.X-CUBE-AI.10.2.0
2026-06-03 06:40:30,809 [WARN] PackLoader:240 - Cannot read IP mode file for STMicroelectronics.X-CUBE-MEMS1.12.1.0
2026-06-03 06:40:30,968 [WARN] PackLoader:240 - Cannot read IP mode file for SEGGER.I-CUBE-embOS.1.3.1
2026-06-03 06:40:31,064 [WARN] PackLoader:240 - Cannot read IP mode file for STMicroelectronics.X-CUBE-ALGOBUILD.1.4.0
2026-06-03 06:40:31,120 [WARN] PackLoader:240 - Cannot read IP mode file for STMicroelectronics.X-CUBE-MEMS1.11.3.0
2026-06-03 06:40:31,331 [WARN] PackLoader:240 - Cannot read IP mode file for STMicroelectronics.X-CUBE-AI.9.1.0
2026-06-03 06:40:31,338 [WARN] PackLoader:240 - Cannot read IP mode file for STMicroelectronics.X-CUBE-PM33A1.1.0.0
2026-06-03 06:40:31,346 [WARN] PackLoader:240 - Cannot read IP mode file for STMicroelectronics.X-CUBE-GNSS1.6.0.0
2026-06-03 06:40:31,366 [WARN] PackLoader:240 - Cannot read IP mode file for STMicroelectronics.X-CUBE-AZRTOS-F4.1.1.0
2026-06-03 06:40:31,370 [ERROR] Engine:466 - C:\Users\Admin\.stm32cubemx\thirdparties\pdsc\Avnet-IotConnect.X-CUBE-IoTC-DA16k-PMOD.1.0.0.pdsc: PDSC version is not supported
2026-06-03 06:40:31,376 [WARN] PackLoader:240 - Cannot read IP mode file for STMicroelectronics.X-CUBE-ISPU.2.1.0
2026-06-03 06:40:31,383 [ERROR] Engine:466 - C:\Users\Admin\.stm32cubemx\thirdparties\pdsc\STMicroelectronics.X-CUBE-IPS.3.2.0.pdsc: PDSC version is not supported
2026-06-03 06:40:31,388 [WARN] PackLoader:240 - Cannot read IP mode file for STMicroelectronics.X-CUBE-FREERTOS.1.2.0
2026-06-03 06:40:31,396 [WARN] PackLoader:240 - Cannot read IP mode file for STMicroelectronics.X-CUBE-NFC12.1.0.0
2026-06-03 06:40:31,417 [WARN] PackLoader:240 - Cannot read IP mode file for STMicroelectronics.X-CUBE-AZRTOS-L5.2.0.0
2026-06-03 06:40:31,431 [WARN] PackLoader:240 - Cannot read IP mode file for STMicroelectronics.X-CUBE-NFC6.3.1.0
2026-06-03 06:40:31,441 [WARN] PackLoader:240 - Cannot read IP mode file for STMicroelectronics.X-CUBE-ALGOBUILD.1.5.0
2026-06-03 06:40:31,451 [WARN] PackLoader:240 - Cannot read IP mode file for STMicroelectronics.X-CUBE-DPower.1.2.0
2026-06-03 06:40:31,455 [WARN] PackLoader:240 - Cannot read IP mode file for STMicroelectronics.X-CUBE-AI.9.0.0
2026-06-03 06:40:31,459 [ERROR] Engine:466 - C:\Users\Admin\.stm32cubemx\thirdparties\pdsc\STMicroelectronics.X-CUBE-ST67W61.1.3.0.pdsc: PDSC version is not supported
2026-06-03 06:40:31,466 [WARN] PackLoader:240 - Cannot read IP mode file for STMicroelectronics.X-CUBE-FREERTOS.1.3.1
2026-06-03 06:40:31,476 [WARN] PackLoader:240 - Cannot read IP mode file for STMicroelectronics.X-CUBE-FREERTOS.1.3.0
2026-06-03 06:40:31,483 [WARN] PackLoader:240 - Cannot read IP mode file for STMicroelectronics.X-CUBE-NFC7.1.0.1
2026-06-03 06:40:31,489 [WARN] PackLoader:240 - Cannot read IP mode file for STMicroelectronics.X-CUBE-TOUCHGFX.4.26.0
2026-06-03 06:40:31,492 [WARN] PackLoader:240 - Cannot read IP mode file for STMicroelectronics.X-CUBE-TOUCHGFX.4.26.1
2026-06-03 06:40:31,495 [ERROR] Engine:466 - C:\Users\Admin\.stm32cubemx\thirdparties\pdsc\STMicroelectronics.FP-SNS-STAIOTCFT.1.0.0.pdsc: PDSC version is not supported
2026-06-03 06:40:31,502 [WARN] PackLoader:240 - Cannot read IP mode file for STMicroelectronics.X-CUBE-DPower.1.3.0
2026-06-03 06:40:31,532 [WARN] ConditionMgr:438 - getConditionDescription Invalid condition id : LAN8742 Phy interface Condition cause : null
2026-06-03 06:40:31,534 [WARN] PackLoader:240 - Cannot read IP mode file for STMicroelectronics.X-CUBE-AZRTOS-L4.2.0.0
2026-06-03 06:40:31,536 [WARN] ConditionMgr:1039 - genDependencies : Invalid condition id : LAN8742 Phy interface Condition cause : null
2026-06-03 06:40:31,537 [WARN] ConditionMgr:1039 - genDependencies : Invalid condition id : LAN8742 Phy interface Condition cause : null
2026-06-03 06:40:31,537 [WARN] ConditionMgr:1039 - genDependencies : Invalid condition id : LAN8742 Phy interface Condition cause : null
2026-06-03 06:40:31,550 [WARN] PackLoader:240 - Cannot read IP mode file for STMicroelectronics.X-CUBE-SFXS2LP1.4.0.0
2026-06-03 06:40:31,556 [WARN] PackLoader:240 - Cannot read IP mode file for STMicroelectronics.X-CUBE-WB05N.2.1.0
2026-06-03 06:40:31,565 [ERROR] Engine:466 - C:\Users\Admin\.stm32cubemx\thirdparties\pdsc\STMicroelectronics.X-CUBE-ST67W61.1.2.0.pdsc: PDSC version is not supported
2026-06-03 06:40:31,603 [WARN] PackLoader:240 - Cannot read IP mode file for STMicroelectronics.X-CUBE-AZRTOS-H7.3.3.0
2026-06-03 06:40:31,616 [ERROR] Engine:466 - C:\Users\Admin\.stm32cubemx\thirdparties\pdsc\STMicroelectronics.X-CUBE-BLEMGR.4.1.0.pdsc: PDSC version is not supported
2026-06-03 06:40:31,636 [WARN] PackLoader:240 - Cannot read IP mode file for STMicroelectronics.X-CUBE-IPS.3.0.0
2026-06-03 06:40:31,664 [INFO] McuFinderGlobals:63 - Set McuFinder mode to 2 (CubeIDE integrated)
2026-06-03 06:40:31,668 [WARN] ConditionMgr:438 - getConditionDescription Invalid condition id : UX DEVICE CLASS RTOS Condition cause : null
2026-06-03 06:40:31,668 [WARN] ConditionMgr:438 - getConditionDescription Invalid condition id : UX DEVICE CLASS RTOS Condition cause : null
2026-06-03 06:40:31,671 [INFO] MainUpdater:2873 - connection check result : 10
2026-06-03 06:40:31,673 [INFO] MainUpdater:2873 - connection check result : 10
2026-06-03 06:40:31,673 [WARN] PackLoader:240 - Cannot read IP mode file for STMicroelectronics.X-CUBE-AZRTOS-WB.2.0.0
2026-06-03 06:40:31,674 [WARN] ConditionMgr:1039 - genDependencies : Invalid condition id : UX DEVICE CLASS RTOS Condition cause : null
2026-06-03 06:40:31,675 [WARN] ConditionMgr:1039 - genDependencies : Invalid condition id : UX DEVICE CLASS RTOS Condition cause : null
2026-06-03 06:40:31,675 [WARN] ConditionMgr:1039 - genDependencies : Invalid condition id : UX DEVICE CLASS RTOS Condition cause : null
2026-06-03 06:40:31,675 [WARN] ConditionMgr:1039 - genDependencies : Invalid condition id : UX DEVICE CLASS RTOS Condition cause : null
2026-06-03 06:40:31,676 [WARN] ConditionMgr:1039 - genDependencies : Invalid condition id : UX DEVICE CLASS RTOS Condition cause : null
2026-06-03 06:40:31,685 [WARN] PackLoader:240 - Cannot read IP mode file for STMicroelectronics.X-CUBE-GNSS1.7.0.0
2026-06-03 06:40:31,694 [WARN] PackLoader:240 - Cannot read IP mode file for STMicroelectronics.X-CUBE-GNSS1.7.0.1
2026-06-03 06:40:31,699 [WARN] PackLoader:240 - Cannot read IP mode file for STMicroelectronics.X-CUBE-TOUCHGFX.4.25.0
2026-06-03 06:40:31,711 [WARN] PackLoader:240 - Cannot read IP mode file for STMicroelectronics.FP-SNS-STBOX1.2.0.0
2026-06-03 06:40:31,728 [WARN] PackLoader:240 - Cannot read IP mode file for STMicroelectronics.X-CUBE-STSE01.2.0.0
2026-06-03 06:40:31,756 [WARN] PackLoader:240 - Cannot read IP mode file for STMicroelectronics.X-CUBE-SUBG2.5.0.0
2026-06-03 06:40:31,777 [INFO] RulesReader:64 - Compatibility file has been processed (297 Rules)
2026-06-03 06:40:31,808 [INFO] RulesReader:64 - Compatibility file has been processed (297 Rules)
2026-06-03 06:40:31,813 [INFO] MicroXplorer:468 - Change Database Path : 
2026-06-03 06:40:31,813 [INFO] MicroXplorer:498 - Change Database Version : DB.6.0.120
2026-06-03 06:40:31,816 [WARN] PackLoader:240 - Cannot read IP mode file for STMicroelectronics.X-CUBE-AZRTOS-H7RS.1.1.0
2026-06-03 06:40:31,824 [WARN] ThirdParty:871 - waiting for thirdparty lock release [close project]
2026-06-03 06:40:31,830 [WARN] PackLoader:240 - Cannot read IP mode file for Cesanta.I-CUBE-Mongoose.7.13.0
2026-06-03 06:40:31,863 [WARN] PackLoader:240 - Cannot read IP mode file for STMicroelectronics.X-CUBE-AZRTOS-G4.2.0.0
2026-06-03 06:40:31,884 [WARN] PackLoader:240 - Cannot read IP mode file for STMicroelectronics.X-CUBE-NFC7.2.0.0
2026-06-03 06:40:31,891 [WARN] PackLoader:240 - Cannot read IP mode file for STMicroelectronics.X-CUBE-ISPU.2.0.0
2026-06-03 06:40:31,902 [ERROR] Engine:466 - C:\Users\Admin\.stm32cubemx\thirdparties\pdsc\STMicroelectronics.X-CUBE-IPS.3.1.0.pdsc: PDSC version is not supported
2026-06-03 06:40:31,909 [WARN] PackLoader:240 - Cannot read IP mode file for STMicroelectronics.X-CUBE-ALS.1.0.2
2026-06-03 06:40:31,915 [WARN] PackLoader:240 - Cannot read IP mode file for STMicroelectronics.X-CUBE-TOUCHGFX.4.24.0
2026-06-03 06:40:31,920 [WARN] PackLoader:240 - Cannot read IP mode file for STMicroelectronics.X-CUBE-TOUCHGFX.4.24.2
2026-06-03 06:40:31,927 [WARN] PackLoader:240 - Cannot read IP mode file for STMicroelectronics.X-CUBE-TOUCHGFX.4.24.1
2026-06-03 06:40:31,940 [WARN] PackLoader:240 - Cannot read IP mode file for STMicroelectronics.X-CUBE-STSE01.1.0.0
2026-06-03 06:40:31,952 [WARN] PackLoader:240 - Cannot read IP mode file for wolfSSL.I-CUBE-wolfTPM.3.4.0
2026-06-03 06:40:31,962 [WARN] PackLoader:240 - Cannot read IP mode file for portGmbH.I-Cube-SoM-uGOAL.1.1.0
2026-06-03 06:40:32,000 [WARN] PackLoader:240 - Cannot read IP mode file for STMicroelectronics.X-CUBE-AZRTOS-H7RS.1.0.0
2026-06-03 06:40:32,010 [WARN] PackLoader:240 - Cannot read IP mode file for STMicroelectronics.FP-ATR-ASTRA1.2.0.0
2026-06-03 06:40:32,028 [WARN] PackLoader:240 - Cannot read IP mode file for STMicroelectronics.X-CUBE-TOF1.3.4.2
2026-06-03 06:40:32,053 [ERROR] Engine:466 - C:\Users\Admin\.stm32cubemx\thirdparties\pdsc\STMicroelectronics.X-CUBE-TOF1.3.4.3.pdsc: PDSC version is not supported
2026-06-03 06:40:32,086 [WARN] PackLoader:240 - Cannot read IP mode file for Infineon.AIROC-Wi-Fi-Bluetooth-STM32.1.6.1
2026-06-03 06:40:32,098 [WARN] PackLoader:240 - Cannot read IP mode file for wolfSSL.I-CUBE-wolfSSH.1.4.17
2026-06-03 06:40:32,099 [INFO] ThirdParty:978 - Integrity check success = true
2026-06-03 06:40:32,099 [INFO] IntegrityCheckThread:100 - exiting critical section [integrity check]
2026-06-03 06:40:32,100 [INFO] IntegrityCheckThread:103 - End integrity checks thread
2026-06-03 06:40:32,100 [INFO] ThirdParty:873 - entering critical section [close project]
2026-06-03 06:40:32,101 [INFO] ThirdParty:883 - exiting critical section [close project]
2026-06-03 06:40:32,105 [INFO] PinOutPanel:1561 - setPackage(No Configuration,No Configuration)
2026-06-03 06:40:32,114 [INFO] UtilMem:75 - Begin LoadConfig() Used Memory: 407710152 Bytes (589299712)
2026-06-03 06:40:32,116 [INFO] MicroXplorer:468 - Change Database Path : 
2026-06-03 06:40:32,116 [INFO] MicroXplorer:498 - Change Database Version : DB.6.0.120
2026-06-03 06:40:32,116 [INFO] OpenFileManager:332 - Change cursor
2026-06-03 06:40:32,160 [INFO] Mcu:2032 - Initializing MCU STM32F407V(E-G)Tx STM32F407VGTx STM32F407VGT6
2026-06-03 06:40:34,368 [INFO] Context:742 - Trying to add GPIOservice into a context  which must be forbidden
2026-06-03 06:40:35,288 [INFO] RtosManager:555 - Registered RTOS mode: class=CMSIS, group=RTOS, mode=CMSIS_V1, owner=FREERTOS
2026-06-03 06:40:35,288 [INFO] RtosManager:555 - Registered RTOS mode: class=CMSIS, group=RTOS2, mode=CMSIS_V2, owner=FREERTOS
2026-06-03 06:40:35,288 [INFO] RtosManager:555 - Registered RTOS mode: class=RTOS, group=Core, mode=CMSIS_V1, owner=FREERTOS
2026-06-03 06:40:35,288 [INFO] RtosManager:555 - Registered RTOS mode: class=RTOS, group=Core, mode=CMSIS_V2, owner=FREERTOS
2026-06-03 06:40:35,288 [WARN] ModelIntegratedComponent:184 - Missing modes for component STMicroelectronics:FreeRTOS:0.0.1:STMicroelectronics:RTOS:FreeRTOS:Core:::10.2.0:
2026-06-03 06:40:35,296 [WARN] ModelIntegratedComponent:63 - No mode defined for component null
2026-06-03 06:40:35,297 [WARN] ModelIntegratedComponent:63 - No mode defined for component null
2026-06-03 06:40:35,297 [WARN] ModelIntegratedComponent:63 - No mode defined for component null
2026-06-03 06:40:35,297 [WARN] ModelIntegratedComponent:63 - No mode defined for component null
2026-06-03 06:40:35,297 [WARN] ModelIntegratedComponent:63 - No mode defined for component null
2026-06-03 06:40:35,297 [WARN] ModelIntegratedComponent:63 - No mode defined for component null
2026-06-03 06:40:35,297 [WARN] ModelIntegratedComponent:63 - No mode defined for component null
2026-06-03 06:40:35,297 [WARN] ModelIntegratedComponent:63 - No mode defined for component null
2026-06-03 06:40:35,297 [WARN] ModelIntegratedComponent:63 - No mode defined for component null
2026-06-03 06:40:35,297 [WARN] ModelIntegratedComponent:63 - No mode defined for component null
2026-06-03 06:40:35,297 [WARN] ModelIntegratedComponent:63 - No mode defined for component null
2026-06-03 06:40:35,297 [WARN] ModelIntegratedComponent:63 - No mode defined for component null
2026-06-03 06:40:35,297 [WARN] ModelIntegratedComponent:63 - No mode defined for component null
2026-06-03 06:40:35,297 [WARN] ModelIntegratedComponent:63 - No mode defined for component null
2026-06-03 06:40:35,297 [WARN] ModelIntegratedComponent:63 - No mode defined for component null
2026-06-03 06:40:35,298 [WARN] ModelIntegratedComponent:63 - No mode defined for component null
2026-06-03 06:40:35,298 [WARN] ModelIntegratedComponent:63 - No mode defined for component null
2026-06-03 06:40:35,298 [WARN] ModelIntegratedComponent:63 - No mode defined for component null
2026-06-03 06:40:35,298 [WARN] ModelIntegratedComponent:63 - No mode defined for component null
2026-06-03 06:40:35,298 [WARN] ModelIntegratedComponent:63 - No mode defined for component null
2026-06-03 06:40:35,298 [WARN] ModelIntegratedComponent:63 - No mode defined for component null
2026-06-03 06:40:35,298 [WARN] ModelIntegratedComponent:63 - No mode defined for component null
2026-06-03 06:40:35,298 [WARN] ModelIntegratedComponent:63 - No mode defined for component null
2026-06-03 06:40:35,298 [WARN] ModelIntegratedComponent:63 - No mode defined for component null
2026-06-03 06:40:35,298 [WARN] ModelIntegratedComponent:63 - No mode defined for component null
2026-06-03 06:40:35,298 [WARN] ModelIntegratedComponent:63 - No mode defined for component null
2026-06-03 06:40:35,298 [WARN] ModelIntegratedComponent:63 - No mode defined for component null
2026-06-03 06:40:35,298 [WARN] ModelIntegratedComponent:63 - No mode defined for component null
2026-06-03 06:40:35,298 [WARN] ModelIntegratedComponent:63 - No mode defined for component null
2026-06-03 06:40:35,298 [WARN] ModelIntegratedComponent:63 - No mode defined for component null
2026-06-03 06:40:35,298 [WARN] ModelIntegratedComponent:63 - No mode defined for component null
2026-06-03 06:40:35,298 [WARN] ModelIntegratedComponent:63 - No mode defined for component null
2026-06-03 06:40:35,298 [WARN] ModelIntegratedComponent:63 - No mode defined for component null
2026-06-03 06:40:35,299 [WARN] ModelIntegratedComponent:63 - No mode defined for component null
2026-06-03 06:40:35,299 [WARN] ModelIntegratedComponent:63 - No mode defined for component null
2026-06-03 06:40:35,299 [WARN] ModelPack:524 - Component already loaded: STMicroelectronics:HAL Drivers:0.0.0:STMicroelectronics:Device:STMicro_Driver:XSPI:HAL::0.0.1:HAL_XSPI
2026-06-03 06:40:35,706 [INFO] ThirdPartyModel:298 - Start build external matchings
2026-06-03 06:40:37,975 [INFO] ThirdPartyModel:316 - End build external matchings
2026-06-03 06:40:38,032 [INFO] ImportTextPane:205 - (OptionalMessage_ERROR) IP (RCC) : Parameter (48MHZClocksFreq_Value) has invalid value (84000000)
2026-06-03 06:40:38,034 [INFO] ImportTextPane:205 - (OptionalMessage_ERROR) IP (RCC) : Parameter (RTCHSEDivFreq_Value) has invalid value (4000000)
2026-06-03 06:40:38,602 [INFO] ApiDb:581 - Connected to CubeFinder SQLite database (C:\Users\Admin\.stmcufinder\plugins\mcufinder\mcu\cube-finder-db.db)
2026-06-03 06:40:38,733 [INFO] ApiDb:668 - CubeFinder database Data Model version=2.1
2026-06-03 06:40:38,733 [INFO] ApiDb:669 - CubeFinder database Configuration version=3.0.42
2026-06-03 06:40:38,734 [INFO] ApiDb:670 - CubeFinder database generation date=2026-05-06 (1778060171)
2026-06-03 06:40:38,734 [INFO] ApiDb:671 - CubeFinder database FW Pack versions=[FP-ATR-ASTRA1_V2.0.0, FP-SNS-FLIGHT1_V5.1.0, FP-SNS-MOTENV1_V5.1.0, FP-SNS-MOTENVWB1_V1.5.0, FP-SNS-SMARTAG2_V1.2.0, FP-SNS-STBOX1_V2.1.0, STM32Cube_FW_C0_V1.4.0, STM32Cube_FW_F4_V1.28.3, STM32Cube_FW_F7_V1.17.4, STM32Cube_FW_G0_V1.6.3, STM32Cube_FW_G4_V1.6.2, STM32Cube_FW_H5_V1.6.0, STM32Cube_FW_H7RS_V1.3.0, STM32Cube_FW_H7_V1.13.0, STM32Cube_FW_L0_V1.12.2, STM32Cube_FW_L4_V1.18.2, STM32Cube_FW_L5_V1.6.0, STM32Cube_FW_N6_V1.3.0, STM32Cube_FW_U0_V1.3.0, STM32Cube_FW_U3_V1.3.0, STM32Cube_FW_U5_V1.8.0, STM32Cube_FW_WB0_V1.4.0, STM32Cube_FW_WBA_V1.9.0, STM32Cube_FW_WB_V1.24.0, STM32Cube_FW_WL3_V1.4.0, STM32Cube_FW_WL_V1.5.0, X-CUBE-ALGOBUILD_V1.4.0, X-CUBE-ALS_V1.0.2, X-CUBE-AZRTOS-F4_V1.1.0, X-CUBE-AZRTOS-F7_V1.1.0, X-CUBE-AZRTOS-G0_V1.1.0, X-CUBE-AZRTOS-G4_V2.0.0, X-CUBE-AZRTOS-H7RS_V1.1.0, X-CUBE-AZRTOS-H7_V3.5.0, X-CUBE-AZRTOS-L4_V2.0.0, X-CUBE-AZRTOS-L5_V2.0.0, X-CUBE-AZRTOS-WB_V2.0.0, X-CUBE-AZRTOS-WL_V2.0.0, X-CUBE-BLE1_V7.1.0, X-CUBE-BLE2_V3.3.0, X-CUBE-BLEMGR_V4.1.0, X-CUBE-EEPRMA1_V5.2.0, X-CUBE-FREERTOS_V1.5.0, X-CUBE-GNSS1_V6.0.0, X-CUBE-MEMS1_V12.0.0, X-CUBE-NFC4_V3.0.0, X-CUBE-NFC7_V2.0.0, X-CUBE-SFXS2LP1_V4.0.0, X-CUBE-ST67W61_V1.2.0, X-CUBE-SUBG2_V5.0.0, X-CUBE-TOF1_V3.4.3]
2026-06-03 06:40:38,829 [INFO] DbBoardsSqlite:226 - include board P-NUCLEO-WB55-NUCLEO as a kit item of type 'Nucleo-64'
2026-06-03 06:40:38,830 [INFO] DbBoardsSqlite:226 - include board P-NUCLEO-WB55-USBDONGLE as a kit item of type 'Nucleo USB Dongle'
2026-06-03 06:40:38,830 [INFO] DbBoardsSqlite:226 - include board STEVAL-IDP005V1 as a kit item of type 'Evaluation Board'
2026-06-03 06:40:38,831 [INFO] DbBoardsSqlite:226 - include board STEVAL-IDP005V2 as a kit item of type 'Evaluation Board'
2026-06-03 06:40:38,949 [INFO] ApiDb:240 - Found 646 in-development CPN: [B-G473E-ZEST1S, B-WB1M-WPAN1, B-WL5M-SUBG1, NUCLEO-C031C6, NUCLEO-C071RB, NUCLEO-H503RB, NUCLEO-H533RE, NUCLEO-H563ZI, NUCLEO-H7S3L8, NUCLEO-U031R8, NUCLEO-U083RC, NUCLEO-U545RE-Q, NUCLEO-U5A5ZJ-Q, NUCLEO-WB05KZ, NUCLEO-WB07CC, NUCLEO-WB09KE, NUCLEO-WBA52CG, NUCLEO-WBA55CG, STEVAL-PROTEUS1, STEVAL-SMARTAG2, STEVAL-STWINBX1, STM320518-EVAL, STM32C0116-DK, STM32C011D6Y3TR, STM32C011D6Y6TR, STM32C011F4P3, STM32C011F4P6, STM32C011F4U3, STM32C011F4U6TR, STM32C011F6P3, STM32C011F6P6, STM32C011F6U3, STM32C011F6U6TR, STM32C011J4M3, STM32C011J4M6, STM32C011J6M3, STM32C011J6M6, STM32C0316-DK, STM32C031C4T3, STM32C031C4T6, STM32C031C4U3, STM32C031C4U6, STM32C031C6T3, STM32C031C6T6, STM32C031C6U3, STM32C031C6U6, STM32C031F4P3, STM32C031F4P6, STM32C031F6P3, STM32C031F6P6, STM32C031G4U3, STM32C031G4U6, STM32C031G6U3, STM32C031G6U6, STM32C031K4T3, STM32C031K4T6, STM32C031K4U3, STM32C031K4U6, STM32C031K6T3, STM32C031K6T6, STM32C031K6U3, STM32C031K6U6, STM32C071C8T6, STM32C071C8T6N, STM32C071C8U6, STM32C071C8U6N, STM32C071CBT6, STM32C071CBT6N, STM32C071CBU6, STM32C071CBU6N, STM32C071F8P6, STM32C071F8P6N, STM32C071FBP6, STM32C071FBP6N, STM32C071FBY6TR, STM32C071G8U6, STM32C071G8U6N, STM32C071GBU6, STM32C071GBU6N, STM32C071K8T6, STM32C071K8T6N, STM32C071K8U6, STM32C071K8U6N, STM32C071KBT6, STM32C071KBT6N, STM32C071KBU6, STM32C071KBU6N, STM32C071R8T6, STM32C071R8T6N, STM32C071RBI6N, STM32C071RBT6, STM32C071RBT6N, STM32G071K8TXN, STM32G071K8UXN, STM32G081GBU6N, STM32G081KBT6N, STM32G081KBUXN, STM32G0B1CCT6N, STM32G0B1KCT6, STM32G0B1NEY6TR, STM32G0B1RCT6N, STM32G0C1CCT6, STM32G0C1CCT6N, STM32G0C1CCU6N, STM32G0C1CET6N, STM32G0C1CEU6N, STM32G0C1KCT6, STM32G0C1NEY6TR, STM32G0C1RCI6N, STM32G0C1RCT6N, STM32G0C1REI6N, STM32G0C1RET6N, STM32G0C1VCI6, STM32G0C1VEI6, STM32G411C6T3, STM32G411C6T6, STM32G411C6U3, STM32G411C6U6, STM32G411C8T3, STM32G411C8T6, STM32G411C8U3, STM32G411C8U6, STM32G411CBT3, STM32G411CBT6, STM32G411CBU3, STM32G411CBU6, STM32G411K6T3, STM32G411K6T6, STM32G411K6U3, STM32G411K6U6, STM32G411K8T3, STM32G411K8T6, STM32G411K8U3, STM32G411K8U6, STM32G411KBT3, STM32G411KBT6, STM32G411KBU3, STM32G411KBU6, STM32G411M6T3, STM32G411M6T6, STM32G411M8T3, STM32G411M8T6, STM32G411MBT3, STM32G411MBT6, STM32G411R6T3, STM32G411R6T6, STM32G411R8T3, STM32G411R8T6, STM32G411RBT3, STM32G411RBT6, STM32G414CBT3, STM32G414CBT6, STM32G414CBU3, STM32G414CBU6, STM32G414CCT3, STM32G414CCT6, STM32G414CCU3, STM32G414CCU6, STM32G414MBT3, STM32G414MBT6, STM32G414MCT3, STM32G414MCT6, STM32G414RBT3, STM32G414RBT6, STM32G414RCT3, STM32G414RCT6, STM32G414VBT3, STM32G414VBT6, STM32G414VCT3, STM32G414VCT6, STM32G431CBT3Z, STM32G431RBT3Z, STM32G471CCT6, STM32G471CCU6, STM32G471CET3, STM32G471CET6, STM32G471CEU3, STM32G471CEU6, STM32G471MCT6, STM32G471MET3, STM32G471MET6, STM32G471MEY6TR, STM32G471QCT6, STM32G471QET3, STM32G471RCT6, STM32G471RET3, STM32G471RET6, STM32G471VCH6, STM32G471VCI6, STM32G471VCT6, STM32G471VEH3, STM32G471VEH6, STM32G471VEI3, STM32G471VEI6, STM32G471VET3, STM32G471VET6, STM32G473QET3Z, STM32G473RET3Z, STM32G474CCT6, STM32G491RET3Z, STM32H503CBT6, STM32H503CBU6, STM32H503EBY6TR, STM32H503KBU6, STM32H503RBT6, STM32H523CCT6, STM32H523CCU6, STM32H523CET6, STM32H523CEU6, STM32H523HEY6TR, STM32H523RCT6, STM32H523RET6, STM32H523VCI6, STM32H523VCT6, STM32H523VEI6, STM32H523VET6, STM32H523ZCJ6, STM32H523ZCT6, STM32H523ZEJ6, STM32H523ZET6, STM32H533CET6, STM32H533CEU6, STM32H533HEY6TR, STM32H533RET6, STM32H533VEI6, STM32H533VET6, STM32H533ZEJ6, STM32H533ZET6, STM32H562AGI6, STM32H562AII6, STM32H562IGK6, STM32H562IGT6, STM32H562IIK6, STM32H562IIT6, STM32H562RGT6, STM32H562RGV6, STM32H562RIT6, STM32H562RIV6, STM32H562VGT6, STM32H562VIT6, STM32H562ZGT6, STM32H562ZIT6, STM32H563AGI6, STM32H563AII3Q, STM32H563AII6, STM32H563IGK6, STM32H563IGT6, STM32H563IIK3Q, STM32H563IIK6, STM32H563IIT3Q, STM32H563IIT6, STM32H563MIY3QTR, STM32H563RGT6, STM32H563RGV6, STM32H563RIT6, STM32H563RIV6, STM32H563VGT6, STM32H563VIT3Q, STM32H563VIT6, STM32H563ZGT6, STM32H563ZIT3Q, STM32H563ZIT6, STM32H573AII3Q, STM32H573AII6, STM32H573I-DK, STM32H573IIK3Q, STM32H573IIK6, STM32H573IIT3Q, STM32H573IIT6, STM32H573MIY3QTR, STM32H573RIT6, STM32H573RIV6, STM32H573VIT3Q, STM32H573VIT6, STM32H573ZIT3Q, STM32H573ZIT6, STM32H7R3A8I6, STM32H7R3I8K6, STM32H7R3I8T6, STM32H7R3L8H6, STM32H7R3L8H6H, STM32H7R3R8V6, STM32H7R3V8H6, STM32H7R3V8T6, STM32H7R3V8Y6TR, STM32H7R3Z8J6, STM32H7R3Z8T6, STM32H7R7A8I6, STM32H7R7I8K6, STM32H7R7I8T6, STM32H7R7L8H6, STM32H7R7L8H6H, STM32H7R7Z8J6, STM32H7S3A8I6, STM32H7S3I8K6, STM32H7S3I8T6, STM32H7S3L8H6, STM32H7S3L8H6H, STM32H7S3R8V6, STM32H7S3V8H6, STM32H7S3V8T6, STM32H7S3V8Y6TR, STM32H7S3Z8J6, STM32H7S3Z8T6, STM32H7S78-DK, STM32H7S7A8I6, STM32H7S7I8K6, STM32H7S7I8T6, STM32H7S7L8H6, STM32H7S7L8H6H, STM32H7S7Z8J6, STM32L4R5QGI6STR, STM32MP131AAE3, STM32MP131AAF3, STM32MP131AAG3, STM32MP131CAE3, STM32MP131CAF3, STM32MP131CAG3, STM32MP131DAE7, STM32MP131DAF7, STM32MP131DAG7, STM32MP131FAE7, STM32MP131FAF7, STM32MP131FAG7, STM32MP133AAE3, STM32MP133AAF3, STM32MP133AAG3, STM32MP133CAE3, STM32MP133CAF3, STM32MP133CAG3, STM32MP133DAE7, STM32MP133DAF7, STM32MP133DAG7, STM32MP133FAE7, STM32MP133FAF7, STM32MP133FAG7, STM32MP135AAE3, STM32MP135AAF3, STM32MP135AAG3, STM32MP135CAE3, STM32MP135CAF3, STM32MP135CAG3, STM32MP135DAE7, STM32MP135DAF7, STM32MP135DAG7, STM32MP135F-DK, STM32MP135FAE7, STM32MP135FAF7, STM32MP135FAF7T, STM32MP135FAF7U, STM32MP135FAG7, STM32MP251AAI3, STM32MP251AAK3, STM32MP251AAL3, STM32MP251CAI3, STM32MP251CAK3, STM32MP251CAL3, STM32MP251DAI3, STM32MP251DAK3, STM32MP251DAL3, STM32MP251FAI3, STM32MP251FAK3, STM32MP251FAL3, STM32MP253AAI3, STM32MP253AAK3, STM32MP253AAL3, STM32MP253CAI3, STM32MP253CAK3, STM32MP253CAL3, STM32MP253DAI3, STM32MP253DAK3, STM32MP253DAL3, STM32MP253FAI3, STM32MP253FAK3, STM32MP253FAL3, STM32MP255AAI3, STM32MP255AAK3, STM32MP255AAL3, STM32MP255CAI3, STM32MP255CAK3, STM32MP255CAL3, STM32MP255DAI3, STM32MP255DAK3, STM32MP255DAL3, STM32MP255FAI3, STM32MP255FAK3, STM32MP255FAL3, STM32MP257AAI3, STM32MP257AAK3, STM32MP257AAL3, STM32MP257CAI3, STM32MP257CAK3, STM32MP257CAL3, STM32MP257DAI3, STM32MP257DAK3, STM32MP257DAL3, STM32MP257F-DK, STM32MP257F-EV1, STM32MP257FAI3, STM32MP257FAK3, STM32MP257FAL3, STM32U031C6T6, STM32U031C6U6, STM32U031C8T6, STM32U031C8U6, STM32U031F4P6, STM32U031F6P6, STM32U031F8P6, STM32U031G6Y6TR, STM32U031G8Y6TR, STM32U031K4U6, STM32U031K6U6, STM32U031K8U6, STM32U031R6I6, STM32U031R6T6, STM32U031R8I6, STM32U031R8T6, STM32U073C8T6, STM32U073C8U6, STM32U073CBT6, STM32U073CBU6, STM32U073CCT6, STM32U073CCU6, STM32U073H8Y6TR, STM32U073HBY6TR, STM32U073HCY6TR, STM32U073K8U6, STM32U073KBU6, STM32U073KCU6, STM32U073M8I6, STM32U073M8T6, STM32U073MBI6, STM32U073MBT6, STM32U073MCI6, STM32U073MCT6, STM32U073R8I6, STM32U073R8T6, STM32U073RBI6, STM32U073RBT6, STM32U073RCI6, STM32U073RCT6, STM32U083C-DK, STM32U083CCT6, STM32U083CCU6, STM32U083HCY6TR, STM32U083KCU6, STM32U083MCI6, STM32U083MCT6, STM32U083RCI6, STM32U083RCT6, STM32U535CBT6, STM32U535CBT6Q, STM32U535CBU6, STM32U535CBU6Q, STM32U535CCT6, STM32U535CCT6Q, STM32U535CCU6, STM32U535CCU6Q, STM32U535CET6, STM32U535CET6Q, STM32U535CEU6, STM32U535CEU6Q, STM32U535JEY6QTR, STM32U535NCY6QTR, STM32U535NEY6QTR, STM32U535RBI6, STM32U535RBI6Q, STM32U535RBT6, STM32U535RBT6Q, STM32U535RCI6, STM32U535RCI6Q, STM32U535RCT6, STM32U535RCT6Q, STM32U535REI6, STM32U535REI6Q, STM32U535RET6, STM32U535RET6Q, STM32U535VCI6, STM32U535VCI6Q, STM32U535VCT6, STM32U535VCT6Q, STM32U535VEI6, STM32U535VEI6Q, STM32U535VET6, STM32U535VET6Q, STM32U545CET6, STM32U545CET6Q, STM32U545CEU6, STM32U545CEU6Q, STM32U545JEY6QTR, STM32U545NEY6QTR, STM32U545REI6, STM32U545REI6Q, STM32U545RET6, STM32U545RET6Q, STM32U545VEI6, STM32U545VEI6Q, STM32U545VET6, STM32U545VET6Q, STM32U595AIH6, STM32U595AIH6Q, STM32U595AJH6, STM32U595AJH6Q, STM32U595QII6, STM32U595QII6Q, STM32U595QJI6, STM32U595QJI6Q, STM32U595RIT6, STM32U595RIT6Q, STM32U595RJT6, STM32U595RJT6Q, STM32U595VIT6, STM32U595VIT6Q, STM32U595VJT6, STM32U595VJT6Q, STM32U595ZIT6, STM32U595ZIT6Q, STM32U595ZIY6QTR, STM32U595ZJT6, STM32U595ZJT6Q, STM32U595ZJY6QTR, STM32U599BJY6QTR, STM32U599NIH6Q, STM32U599NJH6Q, STM32U599VIT6Q, STM32U599VJT6, STM32U599VJT6Q, STM32U599ZIT6Q, STM32U599ZIY6QTR, STM32U599ZJT6Q, STM32U599ZJY6QTR, STM32U5A5AJH6, STM32U5A5AJH6Q, STM32U5A5QII3Q , STM32U5A5QJI6, STM32U5A5QJI6Q, STM32U5A5RJT6, STM32U5A5RJT6Q, STM32U5A5VJT6, STM32U5A5VJT6Q, STM32U5A5ZJT6, STM32U5A5ZJT6Q, STM32U5A5ZJY6QTR, STM32U5A9BJY6QTR, STM32U5A9J-DK, STM32U5A9NJH6Q, STM32U5A9VJT6Q, STM32U5A9ZJT6Q, STM32U5A9ZJY6QTR, STM32U5F7VIT6, STM32U5F7VIT6Q, STM32U5F7VJT6, STM32U5F7VJT6Q, STM32U5F9BJY6QTR, STM32U5F9NJH6Q, STM32U5F9VIT6Q, STM32U5F9VJT6Q, STM32U5F9ZIJ6QTR, STM32U5F9ZIT6Q, STM32U5F9ZJJ6QTR, STM32U5F9ZJT6Q, STM32U5G7VJT6, STM32U5G7VJT6Q, STM32U5G9BJY6QTR, STM32U5G9J-DK1, STM32U5G9J-DK2, STM32U5G9NJH6Q, STM32U5G9VJT6Q, STM32U5G9ZJJ6QTR, STM32U5G9ZJT6Q, STM32WB05KZV6TR, STM32WB05KZV7TR, STM32WB05TZF6TR, STM32WB05TZF7TR, STM32WB06CCF6TR, STM32WB06CCF7TR, STM32WB06CCV6TR, STM32WB06CCV7TR, STM32WB06KCV6TR, STM32WB06KCV7TR, STM32WB07CCF6TR, STM32WB07CCF7TR, STM32WB07CCV6TR, STM32WB07CCV7TR, STM32WB07KCV6TR, STM32WB07KCV7TR, STM32WB09KEV6TR, STM32WB09KEV7TR, STM32WB09TEF6TR, STM32WB09TEF7TR, STM32WB1MMCH6, STM32WBA50KGU6, STM32WBA50KGU6TR, STM32WBA52CEU6, STM32WBA52CEU6TR, STM32WBA52CEU7, STM32WBA52CEU7TR, STM32WBA52CGU6, STM32WBA52CGU6TR, STM32WBA52CGU6U, STM32WBA52CGU7, STM32WBA52CGU7TR, STM32WBA52KEU6, STM32WBA52KEU6TR, STM32WBA52KGU6, STM32WBA52KGU6TR, STM32WBA54CEU6, STM32WBA54CEU6TR, STM32WBA54CEU7, STM32WBA54CEU7TR, STM32WBA54CGU6, STM32WBA54CGU6TR, STM32WBA54CGU7, STM32WBA54CGU7TR, STM32WBA54KEU6, STM32WBA54KEU6TR, STM32WBA54KEU7, STM32WBA54KEU7TR, STM32WBA54KGU6, STM32WBA54KGU6TR, STM32WBA54KGU7, STM32WBA54KGU7TR, STM32WBA55CEU6, STM32WBA55CEU6TR, STM32WBA55CEU7, STM32WBA55CEU7TR, STM32WBA55CGU6, STM32WBA55CGU6TR, STM32WBA55CGU6U, STM32WBA55CGU7, STM32WBA55CGU7TR, STM32WBA55G-DK1, STM32WBA55HEF6, STM32WBA55HEF7, STM32WBA55HGF6, STM32WBA55HGF7, STM32WBA55UEI6, STM32WBA55UEI6TR, STM32WBA55UEI7, STM32WBA55UEI7TR, STM32WBA55UGI6, STM32WBA55UGI6TR, STM32WBA55UGI7, STM32WBA55UGI7TR, STM32WL5MOCH6, STM32WL5MOCH6TR]
2026-06-03 06:40:38,960 [INFO] ApiDb:668 - CubeFinder database Data Model version=2.1
2026-06-03 06:40:38,961 [INFO] ApiDb:669 - CubeFinder database Configuration version=3.0.42
2026-06-03 06:40:38,961 [INFO] ApiDb:670 - CubeFinder database generation date=2026-05-06 (1778060171)
2026-06-03 06:40:38,961 [INFO] ApiDb:671 - CubeFinder database FW Pack versions=[FP-ATR-ASTRA1_V2.0.0, FP-SNS-FLIGHT1_V5.1.0, FP-SNS-MOTENV1_V5.1.0, FP-SNS-MOTENVWB1_V1.5.0, FP-SNS-SMARTAG2_V1.2.0, FP-SNS-STBOX1_V2.1.0, STM32Cube_FW_C0_V1.4.0, STM32Cube_FW_F4_V1.28.3, STM32Cube_FW_F7_V1.17.4, STM32Cube_FW_G0_V1.6.3, STM32Cube_FW_G4_V1.6.2, STM32Cube_FW_H5_V1.6.0, STM32Cube_FW_H7RS_V1.3.0, STM32Cube_FW_H7_V1.13.0, STM32Cube_FW_L0_V1.12.2, STM32Cube_FW_L4_V1.18.2, STM32Cube_FW_L5_V1.6.0, STM32Cube_FW_N6_V1.3.0, STM32Cube_FW_U0_V1.3.0, STM32Cube_FW_U3_V1.3.0, STM32Cube_FW_U5_V1.8.0, STM32Cube_FW_WB0_V1.4.0, STM32Cube_FW_WBA_V1.9.0, STM32Cube_FW_WB_V1.24.0, STM32Cube_FW_WL3_V1.4.0, STM32Cube_FW_WL_V1.5.0, X-CUBE-ALGOBUILD_V1.4.0, X-CUBE-ALS_V1.0.2, X-CUBE-AZRTOS-F4_V1.1.0, X-CUBE-AZRTOS-F7_V1.1.0, X-CUBE-AZRTOS-G0_V1.1.0, X-CUBE-AZRTOS-G4_V2.0.0, X-CUBE-AZRTOS-H7RS_V1.1.0, X-CUBE-AZRTOS-H7_V3.5.0, X-CUBE-AZRTOS-L4_V2.0.0, X-CUBE-AZRTOS-L5_V2.0.0, X-CUBE-AZRTOS-WB_V2.0.0, X-CUBE-AZRTOS-WL_V2.0.0, X-CUBE-BLE1_V7.1.0, X-CUBE-BLE2_V3.3.0, X-CUBE-BLEMGR_V4.1.0, X-CUBE-EEPRMA1_V5.2.0, X-CUBE-FREERTOS_V1.5.0, X-CUBE-GNSS1_V6.0.0, X-CUBE-MEMS1_V12.0.0, X-CUBE-NFC4_V3.0.0, X-CUBE-NFC7_V2.0.0, X-CUBE-SFXS2LP1_V4.0.0, X-CUBE-ST67W61_V1.2.0, X-CUBE-SUBG2_V5.0.0, X-CUBE-TOF1_V3.4.3]
2026-06-03 06:40:41,615 [INFO] ApiDb:240 - Found 646 in-development CPN: [B-G473E-ZEST1S, B-WB1M-WPAN1, B-WL5M-SUBG1, NUCLEO-C031C6, NUCLEO-C071RB, NUCLEO-H503RB, NUCLEO-H533RE, NUCLEO-H563ZI, NUCLEO-H7S3L8, NUCLEO-U031R8, NUCLEO-U083RC, NUCLEO-U545RE-Q, NUCLEO-U5A5ZJ-Q, NUCLEO-WB05KZ, NUCLEO-WB07CC, NUCLEO-WB09KE, NUCLEO-WBA52CG, NUCLEO-WBA55CG, STEVAL-PROTEUS1, STEVAL-SMARTAG2, STEVAL-STWINBX1, STM320518-EVAL, STM32C0116-DK, STM32C011D6Y3TR, STM32C011D6Y6TR, STM32C011F4P3, STM32C011F4P6, STM32C011F4U3, STM32C011F4U6TR, STM32C011F6P3, STM32C011F6P6, STM32C011F6U3, STM32C011F6U6TR, STM32C011J4M3, STM32C011J4M6, STM32C011J6M3, STM32C011J6M6, STM32C0316-DK, STM32C031C4T3, STM32C031C4T6, STM32C031C4U3, STM32C031C4U6, STM32C031C6T3, STM32C031C6T6, STM32C031C6U3, STM32C031C6U6, STM32C031F4P3, STM32C031F4P6, STM32C031F6P3, STM32C031F6P6, STM32C031G4U3, STM32C031G4U6, STM32C031G6U3, STM32C031G6U6, STM32C031K4T3, STM32C031K4T6, STM32C031K4U3, STM32C031K4U6, STM32C031K6T3, STM32C031K6T6, STM32C031K6U3, STM32C031K6U6, STM32C071C8T6, STM32C071C8T6N, STM32C071C8U6, STM32C071C8U6N, STM32C071CBT6, STM32C071CBT6N, STM32C071CBU6, STM32C071CBU6N, STM32C071F8P6, STM32C071F8P6N, STM32C071FBP6, STM32C071FBP6N, STM32C071FBY6TR, STM32C071G8U6, STM32C071G8U6N, STM32C071GBU6, STM32C071GBU6N, STM32C071K8T6, STM32C071K8T6N, STM32C071K8U6, STM32C071K8U6N, STM32C071KBT6, STM32C071KBT6N, STM32C071KBU6, STM32C071KBU6N, STM32C071R8T6, STM32C071R8T6N, STM32C071RBI6N, STM32C071RBT6, STM32C071RBT6N, STM32G071K8TXN, STM32G071K8UXN, STM32G081GBU6N, STM32G081KBT6N, STM32G081KBUXN, STM32G0B1CCT6N, STM32G0B1KCT6, STM32G0B1NEY6TR, STM32G0B1RCT6N, STM32G0C1CCT6, STM32G0C1CCT6N, STM32G0C1CCU6N, STM32G0C1CET6N, STM32G0C1CEU6N, STM32G0C1KCT6, STM32G0C1NEY6TR, STM32G0C1RCI6N, STM32G0C1RCT6N, STM32G0C1REI6N, STM32G0C1RET6N, STM32G0C1VCI6, STM32G0C1VEI6, STM32G411C6T3, STM32G411C6T6, STM32G411C6U3, STM32G411C6U6, STM32G411C8T3, STM32G411C8T6, STM32G411C8U3, STM32G411C8U6, STM32G411CBT3, STM32G411CBT6, STM32G411CBU3, STM32G411CBU6, STM32G411K6T3, STM32G411K6T6, STM32G411K6U3, STM32G411K6U6, STM32G411K8T3, STM32G411K8T6, STM32G411K8U3, STM32G411K8U6, STM32G411KBT3, STM32G411KBT6, STM32G411KBU3, STM32G411KBU6, STM32G411M6T3, STM32G411M6T6, STM32G411M8T3, STM32G411M8T6, STM32G411MBT3, STM32G411MBT6, STM32G411R6T3, STM32G411R6T6, STM32G411R8T3, STM32G411R8T6, STM32G411RBT3, STM32G411RBT6, STM32G414CBT3, STM32G414CBT6, STM32G414CBU3, STM32G414CBU6, STM32G414CCT3, STM32G414CCT6, STM32G414CCU3, STM32G414CCU6, STM32G414MBT3, STM32G414MBT6, STM32G414MCT3, STM32G414MCT6, STM32G414RBT3, STM32G414RBT6, STM32G414RCT3, STM32G414RCT6, STM32G414VBT3, STM32G414VBT6, STM32G414VCT3, STM32G414VCT6, STM32G431CBT3Z, STM32G431RBT3Z, STM32G471CCT6, STM32G471CCU6, STM32G471CET3, STM32G471CET6, STM32G471CEU3, STM32G471CEU6, STM32G471MCT6, STM32G471MET3, STM32G471MET6, STM32G471MEY6TR, STM32G471QCT6, STM32G471QET3, STM32G471RCT6, STM32G471RET3, STM32G471RET6, STM32G471VCH6, STM32G471VCI6, STM32G471VCT6, STM32G471VEH3, STM32G471VEH6, STM32G471VEI3, STM32G471VEI6, STM32G471VET3, STM32G471VET6, STM32G473QET3Z, STM32G473RET3Z, STM32G474CCT6, STM32G491RET3Z, STM32H503CBT6, STM32H503CBU6, STM32H503EBY6TR, STM32H503KBU6, STM32H503RBT6, STM32H523CCT6, STM32H523CCU6, STM32H523CET6, STM32H523CEU6, STM32H523HEY6TR, STM32H523RCT6, STM32H523RET6, STM32H523VCI6, STM32H523VCT6, STM32H523VEI6, STM32H523VET6, STM32H523ZCJ6, STM32H523ZCT6, STM32H523ZEJ6, STM32H523ZET6, STM32H533CET6, STM32H533CEU6, STM32H533HEY6TR, STM32H533RET6, STM32H533VEI6, STM32H533VET6, STM32H533ZEJ6, STM32H533ZET6, STM32H562AGI6, STM32H562AII6, STM32H562IGK6, STM32H562IGT6, STM32H562IIK6, STM32H562IIT6, STM32H562RGT6, STM32H562RGV6, STM32H562RIT6, STM32H562RIV6, STM32H562VGT6, STM32H562VIT6, STM32H562ZGT6, STM32H562ZIT6, STM32H563AGI6, STM32H563AII3Q, STM32H563AII6, STM32H563IGK6, STM32H563IGT6, STM32H563IIK3Q, STM32H563IIK6, STM32H563IIT3Q, STM32H563IIT6, STM32H563MIY3QTR, STM32H563RGT6, STM32H563RGV6, STM32H563RIT6, STM32H563RIV6, STM32H563VGT6, STM32H563VIT3Q, STM32H563VIT6, STM32H563ZGT6, STM32H563ZIT3Q, STM32H563ZIT6, STM32H573AII3Q, STM32H573AII6, STM32H573I-DK, STM32H573IIK3Q, STM32H573IIK6, STM32H573IIT3Q, STM32H573IIT6, STM32H573MIY3QTR, STM32H573RIT6, STM32H573RIV6, STM32H573VIT3Q, STM32H573VIT6, STM32H573ZIT3Q, STM32H573ZIT6, STM32H7R3A8I6, STM32H7R3I8K6, STM32H7R3I8T6, STM32H7R3L8H6, STM32H7R3L8H6H, STM32H7R3R8V6, STM32H7R3V8H6, STM32H7R3V8T6, STM32H7R3V8Y6TR, STM32H7R3Z8J6, STM32H7R3Z8T6, STM32H7R7A8I6, STM32H7R7I8K6, STM32H7R7I8T6, STM32H7R7L8H6, STM32H7R7L8H6H, STM32H7R7Z8J6, STM32H7S3A8I6, STM32H7S3I8K6, STM32H7S3I8T6, STM32H7S3L8H6, STM32H7S3L8H6H, STM32H7S3R8V6, STM32H7S3V8H6, STM32H7S3V8T6, STM32H7S3V8Y6TR, STM32H7S3Z8J6, STM32H7S3Z8T6, STM32H7S78-DK, STM32H7S7A8I6, STM32H7S7I8K6, STM32H7S7I8T6, STM32H7S7L8H6, STM32H7S7L8H6H, STM32H7S7Z8J6, STM32L4R5QGI6STR, STM32MP131AAE3, STM32MP131AAF3, STM32MP131AAG3, STM32MP131CAE3, STM32MP131CAF3, STM32MP131CAG3, STM32MP131DAE7, STM32MP131DAF7, STM32MP131DAG7, STM32MP131FAE7, STM32MP131FAF7, STM32MP131FAG7, STM32MP133AAE3, STM32MP133AAF3, STM32MP133AAG3, STM32MP133CAE3, STM32MP133CAF3, STM32MP133CAG3, STM32MP133DAE7, STM32MP133DAF7, STM32MP133DAG7, STM32MP133FAE7, STM32MP133FAF7, STM32MP133FAG7, STM32MP135AAE3, STM32MP135AAF3, STM32MP135AAG3, STM32MP135CAE3, STM32MP135CAF3, STM32MP135CAG3, STM32MP135DAE7, STM32MP135DAF7, STM32MP135DAG7, STM32MP135F-DK, STM32MP135FAE7, STM32MP135FAF7, STM32MP135FAF7T, STM32MP135FAF7U, STM32MP135FAG7, STM32MP251AAI3, STM32MP251AAK3, STM32MP251AAL3, STM32MP251CAI3, STM32MP251CAK3, STM32MP251CAL3, STM32MP251DAI3, STM32MP251DAK3, STM32MP251DAL3, STM32MP251FAI3, STM32MP251FAK3, STM32MP251FAL3, STM32MP253AAI3, STM32MP253AAK3, STM32MP253AAL3, STM32MP253CAI3, STM32MP253CAK3, STM32MP253CAL3, STM32MP253DAI3, STM32MP253DAK3, STM32MP253DAL3, STM32MP253FAI3, STM32MP253FAK3, STM32MP253FAL3, STM32MP255AAI3, STM32MP255AAK3, STM32MP255AAL3, STM32MP255CAI3, STM32MP255CAK3, STM32MP255CAL3, STM32MP255DAI3, STM32MP255DAK3, STM32MP255DAL3, STM32MP255FAI3, STM32MP255FAK3, STM32MP255FAL3, STM32MP257AAI3, STM32MP257AAK3, STM32MP257AAL3, STM32MP257CAI3, STM32MP257CAK3, STM32MP257CAL3, STM32MP257DAI3, STM32MP257DAK3, STM32MP257DAL3, STM32MP257F-DK, STM32MP257F-EV1, STM32MP257FAI3, STM32MP257FAK3, STM32MP257FAL3, STM32U031C6T6, STM32U031C6U6, STM32U031C8T6, STM32U031C8U6, STM32U031F4P6, STM32U031F6P6, STM32U031F8P6, STM32U031G6Y6TR, STM32U031G8Y6TR, STM32U031K4U6, STM32U031K6U6, STM32U031K8U6, STM32U031R6I6, STM32U031R6T6, STM32U031R8I6, STM32U031R8T6, STM32U073C8T6, STM32U073C8U6, STM32U073CBT6, STM32U073CBU6, STM32U073CCT6, STM32U073CCU6, STM32U073H8Y6TR, STM32U073HBY6TR, STM32U073HCY6TR, STM32U073K8U6, STM32U073KBU6, STM32U073KCU6, STM32U073M8I6, STM32U073M8T6, STM32U073MBI6, STM32U073MBT6, STM32U073MCI6, STM32U073MCT6, STM32U073R8I6, STM32U073R8T6, STM32U073RBI6, STM32U073RBT6, STM32U073RCI6, STM32U073RCT6, STM32U083C-DK, STM32U083CCT6, STM32U083CCU6, STM32U083HCY6TR, STM32U083KCU6, STM32U083MCI6, STM32U083MCT6, STM32U083RCI6, STM32U083RCT6, STM32U535CBT6, STM32U535CBT6Q, STM32U535CBU6, STM32U535CBU6Q, STM32U535CCT6, STM32U535CCT6Q, STM32U535CCU6, STM32U535CCU6Q, STM32U535CET6, STM32U535CET6Q, STM32U535CEU6, STM32U535CEU6Q, STM32U535JEY6QTR, STM32U535NCY6QTR, STM32U535NEY6QTR, STM32U535RBI6, STM32U535RBI6Q, STM32U535RBT6, STM32U535RBT6Q, STM32U535RCI6, STM32U535RCI6Q, STM32U535RCT6, STM32U535RCT6Q, STM32U535REI6, STM32U535REI6Q, STM32U535RET6, STM32U535RET6Q, STM32U535VCI6, STM32U535VCI6Q, STM32U535VCT6, STM32U535VCT6Q, STM32U535VEI6, STM32U535VEI6Q, STM32U535VET6, STM32U535VET6Q, STM32U545CET6, STM32U545CET6Q, STM32U545CEU6, STM32U545CEU6Q, STM32U545JEY6QTR, STM32U545NEY6QTR, STM32U545REI6, STM32U545REI6Q, STM32U545RET6, STM32U545RET6Q, STM32U545VEI6, STM32U545VEI6Q, STM32U545VET6, STM32U545VET6Q, STM32U595AIH6, STM32U595AIH6Q, STM32U595AJH6, STM32U595AJH6Q, STM32U595QII6, STM32U595QII6Q, STM32U595QJI6, STM32U595QJI6Q, STM32U595RIT6, STM32U595RIT6Q, STM32U595RJT6, STM32U595RJT6Q, STM32U595VIT6, STM32U595VIT6Q, STM32U595VJT6, STM32U595VJT6Q, STM32U595ZIT6, STM32U595ZIT6Q, STM32U595ZIY6QTR, STM32U595ZJT6, STM32U595ZJT6Q, STM32U595ZJY6QTR, STM32U599BJY6QTR, STM32U599NIH6Q, STM32U599NJH6Q, STM32U599VIT6Q, STM32U599VJT6, STM32U599VJT6Q, STM32U599ZIT6Q, STM32U599ZIY6QTR, STM32U599ZJT6Q, STM32U599ZJY6QTR, STM32U5A5AJH6, STM32U5A5AJH6Q, STM32U5A5QII3Q , STM32U5A5QJI6, STM32U5A5QJI6Q, STM32U5A5RJT6, STM32U5A5RJT6Q, STM32U5A5VJT6, STM32U5A5VJT6Q, STM32U5A5ZJT6, STM32U5A5ZJT6Q, STM32U5A5ZJY6QTR, STM32U5A9BJY6QTR, STM32U5A9J-DK, STM32U5A9NJH6Q, STM32U5A9VJT6Q, STM32U5A9ZJT6Q, STM32U5A9ZJY6QTR, STM32U5F7VIT6, STM32U5F7VIT6Q, STM32U5F7VJT6, STM32U5F7VJT6Q, STM32U5F9BJY6QTR, STM32U5F9NJH6Q, STM32U5F9VIT6Q, STM32U5F9VJT6Q, STM32U5F9ZIJ6QTR, STM32U5F9ZIT6Q, STM32U5F9ZJJ6QTR, STM32U5F9ZJT6Q, STM32U5G7VJT6, STM32U5G7VJT6Q, STM32U5G9BJY6QTR, STM32U5G9J-DK1, STM32U5G9J-DK2, STM32U5G9NJH6Q, STM32U5G9VJT6Q, STM32U5G9ZJJ6QTR, STM32U5G9ZJT6Q, STM32WB05KZV6TR, STM32WB05KZV7TR, STM32WB05TZF6TR, STM32WB05TZF7TR, STM32WB06CCF6TR, STM32WB06CCF7TR, STM32WB06CCV6TR, STM32WB06CCV7TR, STM32WB06KCV6TR, STM32WB06KCV7TR, STM32WB07CCF6TR, STM32WB07CCF7TR, STM32WB07CCV6TR, STM32WB07CCV7TR, STM32WB07KCV6TR, STM32WB07KCV7TR, STM32WB09KEV6TR, STM32WB09KEV7TR, STM32WB09TEF6TR, STM32WB09TEF7TR, STM32WB1MMCH6, STM32WBA50KGU6, STM32WBA50KGU6TR, STM32WBA52CEU6, STM32WBA52CEU6TR, STM32WBA52CEU7, STM32WBA52CEU7TR, STM32WBA52CGU6, STM32WBA52CGU6TR, STM32WBA52CGU6U, STM32WBA52CGU7, STM32WBA52CGU7TR, STM32WBA52KEU6, STM32WBA52KEU6TR, STM32WBA52KGU6, STM32WBA52KGU6TR, STM32WBA54CEU6, STM32WBA54CEU6TR, STM32WBA54CEU7, STM32WBA54CEU7TR, STM32WBA54CGU6, STM32WBA54CGU6TR, STM32WBA54CGU7, STM32WBA54CGU7TR, STM32WBA54KEU6, STM32WBA54KEU6TR, STM32WBA54KEU7, STM32WBA54KEU7TR, STM32WBA54KGU6, STM32WBA54KGU6TR, STM32WBA54KGU7, STM32WBA54KGU7TR, STM32WBA55CEU6, STM32WBA55CEU6TR, STM32WBA55CEU7, STM32WBA55CEU7TR, STM32WBA55CGU6, STM32WBA55CGU6TR, STM32WBA55CGU6U, STM32WBA55CGU7, STM32WBA55CGU7TR, STM32WBA55G-DK1, STM32WBA55HEF6, STM32WBA55HEF7, STM32WBA55HGF6, STM32WBA55HGF7, STM32WBA55UEI6, STM32WBA55UEI6TR, STM32WBA55UEI7, STM32WBA55UEI7TR, STM32WBA55UGI6, STM32WBA55UGI6TR, STM32WBA55UGI7, STM32WBA55UGI7TR, STM32WL5MOCH6, STM32WL5MOCH6TR]
2026-06-03 06:40:41,622 [INFO] DbMcus:218 - Found 5076 MCUs, 4958 are supported
2026-06-03 06:40:41,622 [INFO] ApiDb:423 - Load user favorites file C:\Users\Admin/.stm32cubeide/favorites.mcus.txt: 0 item(s)
2026-06-03 06:40:41,622 [INFO] ApiDb:427 - User favorites MCUs=[]
2026-06-03 06:40:41,623 [INFO] DbMcus:224 - Set 0 / 0 favorites MCUs
2026-06-03 06:40:42,156 [INFO] BoardInfo:889 - No configuration file found for board B-WBA5M-WPAN
2026-06-03 06:40:42,157 [INFO] DbBoards:161 - Board is not supported: B-WBA5M-WPAN
2026-06-03 06:40:42,162 [INFO] BoardInfo:889 - No configuration file found for board NUCLEO-C051C8
2026-06-03 06:40:42,163 [INFO] DbBoards:161 - Board is not supported: NUCLEO-C051C8
2026-06-03 06:40:42,166 [INFO] BoardInfo:889 - No configuration file found for board NUCLEO-C092RC
2026-06-03 06:40:42,167 [INFO] DbBoards:161 - Board is not supported: NUCLEO-C092RC
2026-06-03 06:40:42,229 [INFO] BoardInfo:889 - No configuration file found for board NUCLEO-H5E5ZJ
2026-06-03 06:40:42,230 [INFO] DbBoards:161 - Board is not supported: NUCLEO-H5E5ZJ
2026-06-03 06:40:42,275 [INFO] BoardInfo:889 - No configuration file found for board NUCLEO-N657X0-Q
2026-06-03 06:40:42,276 [INFO] DbBoards:161 - Board is not supported: NUCLEO-N657X0-Q
2026-06-03 06:40:42,281 [INFO] BoardInfo:889 - No configuration file found for board NUCLEO-U385RG-Q
2026-06-03 06:40:42,282 [INFO] DbBoards:161 - Board is not supported: NUCLEO-U385RG-Q
2026-06-03 06:40:42,283 [INFO] BoardInfo:889 - No configuration file found for board NUCLEO-U3C5ZI-Q
2026-06-03 06:40:42,283 [INFO] DbBoards:161 - Board is not supported: NUCLEO-U3C5ZI-Q
2026-06-03 06:40:42,297 [INFO] BoardInfo:889 - No configuration file found for board NUCLEO-WBA25CE1
2026-06-03 06:40:42,298 [INFO] DbBoards:161 - Board is not supported: NUCLEO-WBA25CE1
2026-06-03 06:40:42,303 [INFO] BoardInfo:889 - No configuration file found for board NUCLEO-WBA65RI
2026-06-03 06:40:42,304 [INFO] DbBoards:161 - Board is not supported: NUCLEO-WBA65RI
2026-06-03 06:40:42,306 [INFO] BoardInfo:889 - No configuration file found for board NUCLEO-WL33CC1
2026-06-03 06:40:42,306 [INFO] DbBoards:161 - Board is not supported: NUCLEO-WL33CC1
2026-06-03 06:40:42,308 [INFO] BoardInfo:889 - No configuration file found for board NUCLEO-WL33CC2
2026-06-03 06:40:42,308 [INFO] DbBoards:161 - Board is not supported: NUCLEO-WL33CC2
2026-06-03 06:40:42,309 [INFO] BoardInfo:889 - No configuration file found for board NUCLEO-WL3RKB1
2026-06-03 06:40:42,310 [INFO] DbBoards:161 - Board is not supported: NUCLEO-WL3RKB1
2026-06-03 06:40:42,312 [INFO] BoardInfo:889 - No configuration file found for board NUCLEO-WL3RKB2
2026-06-03 06:40:42,313 [INFO] DbBoards:161 - Board is not supported: NUCLEO-WL3RKB2
2026-06-03 06:40:42,321 [INFO] BoardInfo:889 - No configuration file found for board P-NUCLEO-WB55
2026-06-03 06:40:42,321 [INFO] DbBoards:161 - Kit is not supported: P-NUCLEO-WB55
2026-06-03 06:40:42,370 [INFO] BoardInfo:889 - No configuration file found for board STEVAL-BFA001V1B
2026-06-03 06:40:42,372 [INFO] DbBoards:161 - Kit is not supported: STEVAL-BFA001V1B
2026-06-03 06:40:42,373 [INFO] BoardInfo:889 - No configuration file found for board STEVAL-BFA001V2B
2026-06-03 06:40:42,374 [INFO] DbBoards:161 - Kit is not supported: STEVAL-BFA001V2B
2026-06-03 06:40:42,482 [INFO] BoardInfo:889 - No configuration file found for board STM32H5F5J-DK
2026-06-03 06:40:42,483 [INFO] DbBoards:161 - Board is not supported: STM32H5F5J-DK
2026-06-03 06:40:42,540 [INFO] BoardInfo:889 - No configuration file found for board STM32MP215F-DK
2026-06-03 06:40:42,541 [INFO] DbBoards:161 - Board is not supported: STM32MP215F-DK
2026-06-03 06:40:42,546 [INFO] BoardInfo:889 - No configuration file found for board STM32N6570-DK
2026-06-03 06:40:42,547 [INFO] DbBoards:161 - Board is not supported: STM32N6570-DK
2026-06-03 06:40:42,560 [INFO] BoardInfo:889 - No configuration file found for board STM32WBA65I-DK1
2026-06-03 06:40:42,561 [INFO] DbBoards:161 - Board is not supported: STM32WBA65I-DK1
2026-06-03 06:40:42,561 [INFO] DbBoards:168 - Found 218 boards, 198 are supported
2026-06-03 06:40:42,561 [INFO] DbBoards:169 - Found 218 boards, 25 of them is supported for  Bsp
2026-06-03 06:40:42,565 [INFO] ApiDb:423 - Load user favorites file C:\Users\Admin/.stm32cubeide/favorites.boards.txt: 0 item(s)
2026-06-03 06:40:42,565 [INFO] ApiDb:427 - User favorites Boards=[]
2026-06-03 06:40:42,566 [INFO] DbBoards:198 - Set 0 / 0 favorites Boards
2026-06-03 06:40:42,647 [INFO] UtilMem:75 - End LoadConfig() Used Memory: 338529024 Bytes (589299712)
2026-06-03 06:40:42,817 [WARN] ThirdParty:833 - waiting for thirdparty lock release [change project]
2026-06-03 06:40:42,817 [INFO] ThirdParty:835 - entering critical section [change project]
2026-06-03 06:40:42,817 [INFO] ThirdParty:1030 - CMSIS Pack Vendor :STMicroelectronics X-CUBE-AZRTOS-H7 3.5.0
2026-06-03 06:40:42,817 [INFO] ThirdParty:1030 - CMSIS Pack Vendor :STMicroelectronics X-CUBE-PM33A1 1.0.0
2026-06-03 06:40:42,817 [INFO] ThirdParty:1030 - CMSIS Pack Vendor :STMicroelectronics USBPD 4.1
2026-06-03 06:40:42,817 [INFO] ThirdParty:1030 - CMSIS Pack Vendor :STMicroelectronics X-CUBE-GNSS1 6.0.0
2026-06-03 06:40:42,817 [INFO] ThirdParty:1030 - CMSIS Pack Vendor :STMicroelectronics USB_HOST 2.0.0
2026-06-03 06:40:42,817 [INFO] ThirdParty:1030 - CMSIS Pack Vendor :STMicroelectronics FP-SNS-MOTENVWB1 1.4.0
2026-06-03 06:40:42,817 [INFO] ThirdParty:1030 - CMSIS Pack Vendor :STMicroelectronics X-CUBE-AZRTOS-F4 1.1.0
2026-06-03 06:40:42,817 [INFO] ThirdParty:1030 - CMSIS Pack Vendor :STMicroelectronics LIBJPEG 8.0.0
2026-06-03 06:40:42,817 [INFO] ThirdParty:1030 - CMSIS Pack Vendor :STMicroelectronics FP-ATR-ASTRA1 2.0.2
2026-06-03 06:40:42,817 [INFO] ThirdParty:1030 - CMSIS Pack Vendor :STMicroelectronics FP-ATR-ASTRA1 2.0.1
2026-06-03 06:40:42,817 [INFO] ThirdParty:1030 - CMSIS Pack Vendor :STMicroelectronics X-CUBE-SMBUS 2.1.0
2026-06-03 06:40:42,818 [INFO] ThirdParty:1030 - CMSIS Pack Vendor :STMicroelectronics X-CUBE-WB05N 1.1.0
2026-06-03 06:40:42,818 [INFO] ThirdParty:1030 - CMSIS Pack Vendor :STMicroelectronics X-CUBE-ISPU 2.1.0
2026-06-03 06:40:42,818 [INFO] ThirdParty:1030 - CMSIS Pack Vendor :STMicroelectronics X-CUBE-FREERTOS 1.2.0
2026-06-03 06:40:42,818 [INFO] ThirdParty:1030 - CMSIS Pack Vendor :STMicroelectronics X-CUBE-NFC12 1.0.0
2026-06-03 06:40:42,818 [INFO] ThirdParty:1030 - CMSIS Pack Vendor :STMicroelectronics X-CUBE-AZRTOS-F7 1.1.0
2026-06-03 06:40:42,818 [INFO] ThirdParty:1030 - CMSIS Pack Vendor :STMicroelectronics X-CUBE-AZRTOS-L5 2.0.0
2026-06-03 06:40:42,818 [INFO] ThirdParty:1030 - CMSIS Pack Vendor :STMicroelectronics USB_DEVICE 2.0.0
2026-06-03 06:40:42,818 [INFO] ThirdParty:1030 - CMSIS Pack Vendor :STMicroelectronics X-CUBE-NFC6 3.1.0
2026-06-03 06:40:42,818 [INFO] ThirdParty:1030 - CMSIS Pack Vendor :STMicroelectronics X-CUBE-MEMS1 11.0.0
2026-06-03 06:40:42,818 [INFO] ThirdParty:1030 - CMSIS Pack Vendor :STMicroelectronics X-CUBE-ALGOBUILD 1.5.0
2026-06-03 06:40:42,818 [INFO] ThirdParty:1030 - CMSIS Pack Vendor :STMicroelectronics FreeRTOS 0.0.1
2026-06-03 06:40:42,818 [INFO] ThirdParty:1030 - CMSIS Pack Vendor :STMicroelectronics X-CUBE-DPower 1.2.0
2026-06-03 06:40:42,818 [INFO] ThirdParty:1030 - CMSIS Pack Vendor :STMicroelectronics FP-SNS-FLIGHT1 5.0.2
2026-06-03 06:40:42,818 [INFO] ThirdParty:1030 - CMSIS Pack Vendor :STMicroelectronics X-CUBE-AI 9.0.0
2026-06-03 06:40:42,818 [INFO] ThirdParty:1030 - CMSIS Pack Vendor :STMicroelectronics PDM2PCM 3.3.0
2026-06-03 06:40:42,818 [INFO] ThirdParty:1030 - CMSIS Pack Vendor :STMicroelectronics X-CUBE-AZRTOS-H7 3.4.0
2026-06-03 06:40:42,818 [INFO] ThirdParty:1030 - CMSIS Pack Vendor :STMicroelectronics X-CUBE-DISPLAY 3.0.0
2026-06-03 06:40:42,818 [INFO] ThirdParty:1030 - CMSIS Pack Vendor :STMicroelectronics X-CUBE-GNSS1 7.1.1
2026-06-03 06:40:42,818 [INFO] ThirdParty:1030 - CMSIS Pack Vendor :STMicroelectronics X-CUBE-BLE1 7.0.0
2026-06-03 06:40:42,818 [INFO] ThirdParty:1030 - CMSIS Pack Vendor :STMicroelectronics X-CUBE-NFC10 1.0.0
2026-06-03 06:40:42,818 [INFO] ThirdParty:1030 - CMSIS Pack Vendor :STMicroelectronics X-CUBE-BLEMGR 4.0.0
2026-06-03 06:40:42,818 [INFO] ThirdParty:1030 - CMSIS Pack Vendor :STMicroelectronics X-CUBE-FREERTOS 1.3.1
2026-06-03 06:40:42,818 [INFO] ThirdParty:1030 - CMSIS Pack Vendor :STMicroelectronics HAL Drivers 0.0.0
2026-06-03 06:40:42,818 [INFO] ThirdParty:1030 - CMSIS Pack Vendor :emotas I-CUBE-CANOPEN 1.3.0
2026-06-03 06:40:42,818 [INFO] ThirdParty:1030 - CMSIS Pack Vendor :STMicroelectronics X-CUBE-FREERTOS 1.3.0
2026-06-03 06:40:42,818 [INFO] ThirdParty:1030 - CMSIS Pack Vendor :STMicroelectronics X-CUBE-NFC7 1.0.1
2026-06-03 06:40:42,818 [INFO] ThirdParty:1030 - CMSIS Pack Vendor :STMicroelectronics MBEDTLS 2.14.1
2026-06-03 06:40:42,819 [INFO] ThirdParty:1030 - CMSIS Pack Vendor :STMicroelectronics X-CUBE-GNSS1 7.1.0
2026-06-03 06:40:42,819 [INFO] ThirdParty:1030 - CMSIS Pack Vendor :STMicroelectronics X-CUBE-TOUCHGFX 4.26.0
2026-06-03 06:40:42,819 [INFO] ThirdParty:1030 - CMSIS Pack Vendor :STMicroelectronics X-CUBE-TOUCHGFX 4.26.1
2026-06-03 06:40:42,819 [INFO] ThirdParty:1030 - CMSIS Pack Vendor :STMicroelectronics X-CUBE-BLEMGR 3.1.0
2026-06-03 06:40:42,819 [INFO] ThirdParty:1030 - CMSIS Pack Vendor :STMicroelectronics X-CUBE-AI 10.0.0
2026-06-03 06:40:42,819 [INFO] ThirdParty:1030 - CMSIS Pack Vendor :STMicroelectronics FP-SNS-SMARTAG2 1.2.0
2026-06-03 06:40:42,819 [INFO] ThirdParty:1030 - CMSIS Pack Vendor :STMicroelectronics X-CUBE-MEMS1 11.1.0
2026-06-03 06:40:42,819 [INFO] ThirdParty:1030 - CMSIS Pack Vendor :STMicroelectronics X-CUBE-AZRTOS-WL 2.0.0
2026-06-03 06:40:42,819 [INFO] ThirdParty:1030 - CMSIS Pack Vendor :STMicroelectronics X-CUBE-DPower 1.3.0
2026-06-03 06:40:42,819 [INFO] ThirdParty:1030 - CMSIS Pack Vendor :STMicroelectronics FP-SNS-MOTENV1 5.0.0
2026-06-03 06:40:42,819 [INFO] ThirdParty:1030 - CMSIS Pack Vendor :STMicroelectronics USB_DEVICE 1.0.0
2026-06-03 06:40:42,819 [INFO] ThirdParty:1030 - CMSIS Pack Vendor :STMicroelectronics X-CUBE-AZRTOS-H7RS 1.2.0
2026-06-03 06:40:42,819 [INFO] ThirdParty:1030 - CMSIS Pack Vendor :wolfSSL I-CUBE-wolfMQTT 1.19.0
2026-06-03 06:40:42,819 [INFO] ThirdParty:1030 - CMSIS Pack Vendor :STMicroelectronics X-CUBE-AZRTOS-L4 2.0.0
2026-06-03 06:40:42,819 [INFO] ThirdParty:1030 - CMSIS Pack Vendor :STMicroelectronics ThreadX 0.0.2
2026-06-03 06:40:42,819 [INFO] ThirdParty:1030 - CMSIS Pack Vendor :WES I-CUBE-Cesium 1.3.0
2026-06-03 06:40:42,819 [INFO] ThirdParty:1030 - CMSIS Pack Vendor :STMicroelectronics lwIP 2.1.2
2026-06-03 06:40:42,819 [INFO] ThirdParty:1030 - CMSIS Pack Vendor :STMicroelectronics X-CUBE-SFXS2LP1 4.0.0
2026-06-03 06:40:42,819 [INFO] ThirdParty:1030 - CMSIS Pack Vendor :STMicroelectronics X-CUBE-BLE2 3.3.0
2026-06-03 06:40:42,819 [INFO] ThirdParty:1030 - CMSIS Pack Vendor :STMicroelectronics PDM2PCM 3.2.0
2026-06-03 06:40:42,819 [INFO] ThirdParty:1030 - CMSIS Pack Vendor :STMicroelectronics X-CUBE-WB05N 2.1.0
2026-06-03 06:40:42,819 [INFO] ThirdParty:1030 - CMSIS Pack Vendor :STMicroelectronics X-CUBE-AZRTOS-H7 3.3.0
2026-06-03 06:40:42,819 [INFO] ThirdParty:1030 - CMSIS Pack Vendor :STMicroelectronics X-CUBE-NFC9 1.0.0
2026-06-03 06:40:42,819 [INFO] ThirdParty:1030 - CMSIS Pack Vendor :STMicroelectronics X-CUBE-BLE1 7.1.0
2026-06-03 06:40:42,819 [INFO] ThirdParty:1030 - CMSIS Pack Vendor :STMicroelectronics USB_DEVICE 3.0.0
2026-06-03 06:40:42,819 [INFO] ThirdParty:1030 - CMSIS Pack Vendor :STMicroelectronics X-CUBE-TCPP 4.1.0
2026-06-03 06:40:42,819 [INFO] ThirdParty:1030 - CMSIS Pack Vendor :STMicroelectronics X-CUBE-EEPRMA1 5.2.0
2026-06-03 06:40:42,820 [INFO] ThirdParty:1030 - CMSIS Pack Vendor :STMicroelectronics X-CUBE-IPS 3.0.0
2026-06-03 06:40:42,820 [INFO] ThirdParty:1030 - CMSIS Pack Vendor :STMicroelectronics X-CUBE-AZRTOS-WB 2.0.0
2026-06-03 06:40:42,820 [INFO] ThirdParty:1030 - CMSIS Pack Vendor :STMicroelectronics X-CUBE-GNSS1 7.0.0
2026-06-03 06:40:42,820 [INFO] ThirdParty:1030 - CMSIS Pack Vendor :STMicroelectronics X-CUBE-GNSS1 7.0.1
2026-06-03 06:40:42,820 [INFO] ThirdParty:1030 - CMSIS Pack Vendor :STMicroelectronics X-CUBE-TOUCHGFX 4.25.0
2026-06-03 06:40:42,820 [INFO] ThirdParty:1030 - CMSIS Pack Vendor :STMicroelectronics FP-SNS-STBOX1 2.0.0
2026-06-03 06:40:42,820 [INFO] ThirdParty:1030 - CMSIS Pack Vendor :STMicroelectronics X-CUBE-MEMS1 12.0.0
2026-06-03 06:40:42,820 [INFO] ThirdParty:1030 - CMSIS Pack Vendor :STMicroelectronics X-CUBE-STSE01 2.0.0
2026-06-03 06:40:42,820 [INFO] ThirdParty:1030 - CMSIS Pack Vendor :STMicroelectronics X-CUBE-MEMS1 11.2.0
2026-06-03 06:40:42,820 [INFO] ThirdParty:1030 - CMSIS Pack Vendor :STMicroelectronics X-CUBE-AZRTOS-G0 1.1.0
2026-06-03 06:40:42,820 [INFO] ThirdParty:1030 - CMSIS Pack Vendor :STMicroelectronics X-CUBE-SAFEA1 1.2.2
2026-06-03 06:40:42,820 [INFO] ThirdParty:1030 - CMSIS Pack Vendor :STMicroelectronics X-CUBE-NFC4 3.0.0
2026-06-03 06:40:42,820 [INFO] ThirdParty:1030 - CMSIS Pack Vendor :STMicroelectronics X-CUBE-SUBG2 5.0.0
2026-06-03 06:40:42,820 [INFO] ThirdParty:1030 - CMSIS Pack Vendor :STMicroelectronics X-CUBE-AZRTOS-H7RS 1.1.0
2026-06-03 06:40:42,820 [INFO] ThirdParty:1030 - CMSIS Pack Vendor :STMicroelectronics STM32_WPAN 1.0.0
2026-06-03 06:40:42,820 [INFO] ThirdParty:1030 - CMSIS Pack Vendor :EmbeddedOffice I-CUBE-FS-RTOS 1.0.1
2026-06-03 06:40:42,820 [INFO] ThirdParty:1030 - CMSIS Pack Vendor :STMicroelectronics lwIP 2.0.3
2026-06-03 06:40:42,820 [INFO] ThirdParty:1030 - CMSIS Pack Vendor :Cesanta I-CUBE-Mongoose 7.13.0
2026-06-03 06:40:42,820 [INFO] ThirdParty:1030 - CMSIS Pack Vendor :STMicroelectronics USB_HOST 1.0.0
2026-06-03 06:40:42,820 [INFO] ThirdParty:1030 - CMSIS Pack Vendor :STMicroelectronics X-CUBE-AZRTOS-G4 2.0.0
2026-06-03 06:40:42,820 [INFO] ThirdParty:1030 - CMSIS Pack Vendor :STMicroelectronics X-CUBE-WB05N 2.0.0
2026-06-03 06:40:42,820 [INFO] ThirdParty:1030 - CMSIS Pack Vendor :STMicroelectronics PDM2PCM 3.1.0
2026-06-03 06:40:42,820 [INFO] ThirdParty:1030 - CMSIS Pack Vendor :STMicroelectronics X-CUBE-NFC7 2.0.0
2026-06-03 06:40:42,820 [INFO] ThirdParty:1030 - CMSIS Pack Vendor :RealThread X-CUBE-RT-Thread_Nano 4.1.1
2026-06-03 06:40:42,820 [INFO] ThirdParty:1030 - CMSIS Pack Vendor :STMicroelectronics FP-ATR-SIGFOX1 3.2.0
2026-06-03 06:40:42,820 [INFO] ThirdParty:1030 - CMSIS Pack Vendor :wolfSSL I-CUBE-wolfSSL 5.7.2
2026-06-03 06:40:42,820 [INFO] ThirdParty:1030 - CMSIS Pack Vendor :quantropi X-CUBE-qispace-sdk-base 1.9.3
2026-06-03 06:40:42,821 [INFO] ThirdParty:1030 - CMSIS Pack Vendor :STMicroelectronics X-CUBE-ISPU 2.0.0
2026-06-03 06:40:42,821 [INFO] ThirdParty:1030 - CMSIS Pack Vendor :STMicroelectronics X-CUBE-EEPRMA1 5.1.0
2026-06-03 06:40:42,821 [INFO] ThirdParty:1030 - CMSIS Pack Vendor :STMicroelectronics MBEDTLS 2.16.2
2026-06-03 06:40:42,821 [INFO] ThirdParty:1030 - CMSIS Pack Vendor :STMicroelectronics X-CUBE-ALS 1.0.2
2026-06-03 06:40:42,821 [INFO] ThirdParty:1030 - CMSIS Pack Vendor :STMicroelectronics X-CUBE-TOUCHGFX 4.24.0
2026-06-03 06:40:42,821 [INFO] ThirdParty:1030 - CMSIS Pack Vendor :ITTIA_DB I-CUBE-ITTIADB 8.9.0
2026-06-03 06:40:42,821 [INFO] ThirdParty:1030 - CMSIS Pack Vendor :STMicroelectronics X-CUBE-TOUCHGFX 4.24.2
2026-06-03 06:40:42,821 [INFO] ThirdParty:1030 - CMSIS Pack Vendor :STMicroelectronics X-CUBE-TOUCHGFX 4.24.1
2026-06-03 06:40:42,821 [INFO] ThirdParty:1030 - CMSIS Pack Vendor :STMicroelectronics X-CUBE-STSE01 1.0.0
2026-06-03 06:40:42,821 [INFO] ThirdParty:1030 - CMSIS Pack Vendor :wolfSSL I-CUBE-wolfTPM 3.4.0
2026-06-03 06:40:42,821 [INFO] ThirdParty:1030 - CMSIS Pack Vendor :portGmbH I-Cube-SoM-uGOAL 1.1.0
2026-06-03 06:40:42,821 [INFO] ThirdParty:1030 - CMSIS Pack Vendor :STMicroelectronics X-CUBE-NFC6 3.2.0
2026-06-03 06:40:42,821 [INFO] ThirdParty:1030 - CMSIS Pack Vendor :STMicroelectronics X-CUBE-AI 10.2.0
2026-06-03 06:40:42,821 [INFO] ThirdParty:1030 - CMSIS Pack Vendor :STMicroelectronics ThreadX 1.0.0
2026-06-03 06:40:42,821 [INFO] ThirdParty:1030 - CMSIS Pack Vendor :STMicroelectronics X-CUBE-MEMS1 12.1.0
2026-06-03 06:40:42,821 [INFO] ThirdParty:1030 - CMSIS Pack Vendor :SEGGER I-CUBE-embOS 1.3.1
2026-06-03 06:40:42,821 [INFO] ThirdParty:1030 - CMSIS Pack Vendor :STMicroelectronics X-CUBE-ALGOBUILD 1.4.0
2026-06-03 06:40:42,821 [INFO] ThirdParty:1030 - CMSIS Pack Vendor :STMicroelectronics X-CUBE-MEMS1 11.3.0
2026-06-03 06:40:42,821 [INFO] ThirdParty:1030 - CMSIS Pack Vendor :STMicroelectronics X-CUBE-AZRTOS-H7RS 1.0.0
2026-06-03 06:40:42,821 [INFO] ThirdParty:1030 - CMSIS Pack Vendor :STMicroelectronics FP-ATR-ASTRA1 2.0.0
2026-06-03 06:40:42,821 [INFO] ThirdParty:1030 - CMSIS Pack Vendor :STMicroelectronics X-CUBE-TOF1 3.4.2
2026-06-03 06:40:42,821 [INFO] ThirdParty:1030 - CMSIS Pack Vendor :STMicroelectronics X-CUBE-AI 9.1.0
2026-06-03 06:40:42,821 [INFO] ThirdParty:1030 - CMSIS Pack Vendor :Infineon AIROC-Wi-Fi-Bluetooth-STM32 1.6.1
2026-06-03 06:40:42,822 [INFO] ThirdParty:1030 - CMSIS Pack Vendor :wolfSSL I-CUBE-wolfSSH 1.4.17
2026-06-03 06:40:42,822 [INFO] ThirdParty:841 - exiting critical section [change project]
2026-06-03 06:40:43,509 [INFO] PinOutPanel:1561 - setPackage(No Configuration,No Configuration)
2026-06-03 06:40:43,512 [INFO] PinOutPanel:1561 - setPackage(STM32F407VGTx,LQFP100)
2026-06-03 06:40:44,150 [INFO] UtilMem:75 - Before build in PCC Used Memory: 386438664 Bytes (589299712)
2026-06-03 06:40:45,117 [INFO] UtilMem:75 - After build in PCC Used Memory: 457851056 Bytes (589299712)
2026-06-03 06:40:45,153 [INFO] IPUIPlugin:80 - create IPUIPlugin
2026-06-03 06:40:45,153 [INFO] IPUIPlugin:80 - create IPUIPlugin
2026-06-03 06:40:45,153 [INFO] IPUIPlugin:80 - create IPUIPlugin
2026-06-03 06:40:45,153 [INFO] IPUIPlugin:80 - create IPUIPlugin
2026-06-03 06:40:45,153 [INFO] IPUIPlugin:80 - create IPUIPlugin
2026-06-03 06:40:45,153 [INFO] IPUIPlugin:80 - create IPUIPlugin
2026-06-03 06:40:45,154 [INFO] IPUIPlugin:80 - create IPUIPlugin
2026-06-03 06:40:45,154 [INFO] IPUIPlugin:80 - create IPUIPlugin
2026-06-03 06:40:45,154 [INFO] IPUIPlugin:80 - create IPUIPlugin
2026-06-03 06:40:45,154 [INFO] IPUIPlugin:80 - create IPUIPlugin
2026-06-03 06:40:45,154 [INFO] IPUIPlugin:80 - create IPUIPlugin
2026-06-03 06:40:45,154 [INFO] IPUIPlugin:80 - create IPUIPlugin
2026-06-03 06:40:45,155 [INFO] IPUIPlugin:80 - create IPUIPlugin
2026-06-03 06:40:45,155 [INFO] IPUIPlugin:80 - create IPUIPlugin
2026-06-03 06:40:45,155 [INFO] IPUIPlugin:80 - create IPUIPlugin
2026-06-03 06:40:45,155 [INFO] IPUIPlugin:80 - create IPUIPlugin
2026-06-03 06:40:45,156 [INFO] IPUIPlugin:80 - create IPUIPlugin
2026-06-03 06:40:45,156 [INFO] IPUIPlugin:80 - create IPUIPlugin
2026-06-03 06:40:45,156 [INFO] IPUIPlugin:80 - create IPUIPlugin
2026-06-03 06:40:45,156 [INFO] IPUIPlugin:80 - create IPUIPlugin
2026-06-03 06:40:45,157 [INFO] IPUIPlugin:80 - create IPUIPlugin
2026-06-03 06:40:45,157 [INFO] IPUIPlugin:80 - create IPUIPlugin
2026-06-03 06:40:45,157 [INFO] IPUIPlugin:80 - create IPUIPlugin
2026-06-03 06:40:45,157 [INFO] IPUIPlugin:80 - create IPUIPlugin
2026-06-03 06:40:45,158 [INFO] IPUIPlugin:80 - create IPUIPlugin
2026-06-03 06:40:45,158 [INFO] IPUIPlugin:80 - create IPUIPlugin
2026-06-03 06:40:45,159 [INFO] IPUIPlugin:80 - create IPUIPlugin
2026-06-03 06:40:45,159 [INFO] IPUIPlugin:80 - create IPUIPlugin
2026-06-03 06:40:45,159 [INFO] IPUIPlugin:80 - create IPUIPlugin
2026-06-03 06:40:45,160 [INFO] IPUIPlugin:80 - create IPUIPlugin
2026-06-03 06:40:45,161 [INFO] IPUIPlugin:80 - create IPUIPlugin
2026-06-03 06:40:45,161 [INFO] IPUIPlugin:80 - create IPUIPlugin
2026-06-03 06:40:45,162 [INFO] IPUIPlugin:80 - create IPUIPlugin
2026-06-03 06:40:45,162 [INFO] IPUIPlugin:80 - create IPUIPlugin
2026-06-03 06:40:45,163 [INFO] IPUIPlugin:80 - create IPUIPlugin
2026-06-03 06:40:45,163 [INFO] IPUIPlugin:80 - create IPUIPlugin
2026-06-03 06:40:45,163 [INFO] IPUIPlugin:80 - create IPUIPlugin
2026-06-03 06:40:45,164 [INFO] IPUIPlugin:80 - create IPUIPlugin
2026-06-03 06:40:45,164 [INFO] IPUIPlugin:80 - create IPUIPlugin
2026-06-03 06:40:45,164 [INFO] IPUIPlugin:80 - create IPUIPlugin
2026-06-03 06:40:45,165 [INFO] IPUIPlugin:80 - create IPUIPlugin
2026-06-03 06:40:45,165 [INFO] IPUIPlugin:80 - create IPUIPlugin
2026-06-03 06:40:45,165 [INFO] IPUIPlugin:80 - create IPUIPlugin
2026-06-03 06:40:45,166 [INFO] IPUIPlugin:80 - create IPUIPlugin
2026-06-03 06:40:45,166 [INFO] IPUIPlugin:80 - create IPUIPlugin
2026-06-03 06:40:45,166 [INFO] IPUIPlugin:80 - create IPUIPlugin
2026-06-03 06:40:45,166 [INFO] IPUIPlugin:80 - create IPUIPlugin
2026-06-03 06:40:45,167 [INFO] IPUIPlugin:80 - create IPUIPlugin
2026-06-03 06:40:45,167 [INFO] IPUIPlugin:80 - create IPUIPlugin
2026-06-03 06:40:45,167 [INFO] IPUIPlugin:80 - create IPUIPlugin
2026-06-03 06:40:45,168 [INFO] IPUIPlugin:80 - create IPUIPlugin
2026-06-03 06:40:45,168 [INFO] IPUIPlugin:80 - create IPUIPlugin
2026-06-03 06:40:45,168 [INFO] IPUIPlugin:80 - create IPUIPlugin
2026-06-03 06:40:45,169 [INFO] IPUIPlugin:80 - create IPUIPlugin
2026-06-03 06:40:45,169 [INFO] IPUIPlugin:80 - create IPUIPlugin
2026-06-03 06:40:45,170 [INFO] IPUIPlugin:80 - create IPUIPlugin
2026-06-03 06:40:45,170 [INFO] IPUIPlugin:80 - create IPUIPlugin
2026-06-03 06:40:45,171 [INFO] IPUIPlugin:80 - create IPUIPlugin
2026-06-03 06:40:45,281 [INFO] ApiDbMcu:508 - Load IP Config File for PDM2PCM
2026-06-03 06:40:45,647 [INFO] CADModel:165 - CPN selected for project levelSTM32F407VGT6
2026-06-03 06:40:45,647 [INFO] CADModel:114 - Register for checkConnection events
2026-06-03 06:40:45,700 [INFO] OpenFileManager:363 - Restore cursor
2026-06-03 06:48:21,187 [INFO] UtilMem:75 - End SaveConfig() Used Memory: 924943936 Bytes (1073741824)
2026-06-03 06:48:22,042 [INFO] BlockDiagram:2766 - set Specific Code input for plugin: SYS
2026-06-03 06:48:22,042 [INFO] BlockDiagram:2766 - set Specific Code input for plugin: RCC
2026-06-03 06:48:22,042 [INFO] BlockDiagram:2766 - set Specific Code input for plugin: NVIC
2026-06-03 06:48:22,043 [INFO] BlockDiagram:2766 - set Specific Code input for plugin: GPIO
2026-06-03 06:48:22,046 [INFO] CodeGenerator:807 - code generatio: config db path: C:\ST\STM32CubeIDE_1.16.0\STM32CubeIDE\plugins\com.st.stm32cube.common.mx_6.12.0.202406281431\\db\
2026-06-03 06:48:22,238 [INFO] CodeEngine:255 - oldGeneratedFile, D:\Project_2026\Modbud_MFM383A-C\STM32F407VGT\MFM383\MXTmpFiles\license.tmp_save
2026-06-03 06:48:22,759 [INFO] CodeEngine:279 - Generated code: D:\Project_2026\Modbud_MFM383A-C\STM32F407VGT\MFM383\MXTmpFiles\license.tmp
2026-06-03 06:48:22,827 [INFO] CodeEngine:255 - oldGeneratedFile, D:\Project_2026\Modbud_MFM383A-C\STM32F407VGT\MFM383\MXTmpFiles\gpio.tmp_save
2026-06-03 06:48:23,038 [INFO] CodeEngine:279 - Generated code: D:\Project_2026\Modbud_MFM383A-C\STM32F407VGT\MFM383\MXTmpFiles\gpio.tmp
2026-06-03 06:48:23,085 [INFO] CodeEngine:255 - oldGeneratedFile, D:\Project_2026\Modbud_MFM383A-C\STM32F407VGT\MFM383\Core\Src\stm32f4xx_it.c_save
2026-06-03 06:48:23,261 [INFO] CodeEngine:279 - Generated code: D:\Project_2026\Modbud_MFM383A-C\STM32F407VGT\MFM383\Core\Src\stm32f4xx_it.c
2026-06-03 06:48:23,270 [INFO] CodeEngine:255 - oldGeneratedFile, D:\Project_2026\Modbud_MFM383A-C\STM32F407VGT\MFM383\Core\Inc\stm32f4xx_it.h_save
2026-06-03 06:48:23,708 [INFO] CodeEngine:279 - Generated code: D:\Project_2026\Modbud_MFM383A-C\STM32F407VGT\MFM383\Core\Inc\stm32f4xx_it.h
2026-06-03 06:48:23,750 [INFO] CodeEngine:255 - oldGeneratedFile, D:\Project_2026\Modbud_MFM383A-C\STM32F407VGT\MFM383\Core\Src\stm32f4xx_hal_msp.c_save
2026-06-03 06:48:24,047 [INFO] CodeEngine:279 - Generated code: D:\Project_2026\Modbud_MFM383A-C\STM32F407VGT\MFM383\Core\Src\stm32f4xx_hal_msp.c
2026-06-03 06:48:24,054 [INFO] CodeEngine:255 - oldGeneratedFile, D:\Project_2026\Modbud_MFM383A-C\STM32F407VGT\MFM383\MXTmpFiles\system.tmp_save
2026-06-03 06:48:24,199 [INFO] CodeEngine:279 - Generated code: D:\Project_2026\Modbud_MFM383A-C\STM32F407VGT\MFM383\MXTmpFiles\system.tmp
2026-06-03 06:48:24,263 [INFO] CodeEngine:311 - oldGeneratedFile, D:\Project_2026\Modbud_MFM383A-C\STM32F407VGT\MFM383\Core\Inc\stm32f4xx_hal_conf.h_save
2026-06-03 06:48:24,499 [INFO] CodeEngine:335 - Generated code: D:\Project_2026\Modbud_MFM383A-C\STM32F407VGT\MFM383\Core\Inc\stm32f4xx_hal_conf.h
2026-06-03 06:48:24,641 [INFO] CodeEngine:255 - oldGeneratedFile, D:\Project_2026\Modbud_MFM383A-C\STM32F407VGT\MFM383\Core\Inc\main.h_save
2026-06-03 06:48:24,827 [INFO] CodeEngine:279 - Generated code: D:\Project_2026\Modbud_MFM383A-C\STM32F407VGT\MFM383\Core\Inc\main.h
2026-06-03 06:48:24,846 [INFO] CodeEngine:255 - oldGeneratedFile, D:\Project_2026\Modbud_MFM383A-C\STM32F407VGT\MFM383\Core\Src\main.c_save
2026-06-03 06:48:25,049 [INFO] CodeEngine:279 - Generated code: D:\Project_2026\Modbud_MFM383A-C\STM32F407VGT\MFM383\Core\Src\main.c
2026-06-03 06:48:25,556 [INFO] ProjectBuilder:3249 - Time for Copy HAL[1] : 160mS.
2026-06-03 06:48:25,561 [INFO] ProjectBuilder:4828 - Project Generator version: 4.4.0-B60
2026-06-03 06:48:25,715 [INFO] ConfigFileManager:1531 - The Die is : DIE413
2026-06-03 06:48:25,734 [INFO] ApiDbMcu:508 - Load IP Config File for FATFS
2026-06-03 06:48:25,780 [INFO] ApiDbMcu:508 - Load IP Config File for FREERTOS
2026-06-03 06:48:25,788 [INFO] ApiDbMcu:508 - Load IP Config File for LIBJPEG
2026-06-03 06:48:25,901 [INFO] ApiDbMcu:508 - Load IP Config File for LWIP
2026-06-03 06:48:25,959 [INFO] ApiDbMcu:508 - Load IP Config File for MBEDTLS
2026-06-03 06:48:26,063 [INFO] ApiDbMcu:508 - Load IP Config File for USB_DEVICE
2026-06-03 06:48:26,082 [INFO] ApiDbMcu:508 - Load IP Config File for USB_HOST
2026-06-03 06:48:26,458 [INFO] LogOutputStream:77 - [STDOUT_REDIRECT] 
2026-06-03 06:48:27,747 [INFO] ProjectBuilder:5097 - Time for Generating toolchain IDE Files: 2185mS.
2026-06-03 06:48:27,748 [INFO] ProjectBuilder:3107 - Time for Copy CMSIS : 0mS.
2026-06-03 06:48:27,750 [INFO] ProjectBuilder:3107 - Time for Copy CMSIS : 0mS.
2026-06-03 06:48:59,934 [INFO] UtilMem:75 - End SaveConfig() Used Memory: 786291200 Bytes (1073741824)
2026-06-03 06:49:00,239 [INFO] BlockDiagram:2766 - set Specific Code input for plugin: SYS
2026-06-03 06:49:00,239 [INFO] BlockDiagram:2766 - set Specific Code input for plugin: RCC
2026-06-03 06:49:00,240 [INFO] BlockDiagram:2766 - set Specific Code input for plugin: NVIC
2026-06-03 06:49:00,240 [INFO] BlockDiagram:2766 - set Specific Code input for plugin: GPIO
2026-06-03 06:49:00,241 [INFO] CodeGenerator:807 - code generatio: config db path: C:\ST\STM32CubeIDE_1.16.0\STM32CubeIDE\plugins\com.st.stm32cube.common.mx_6.12.0.202406281431\\db\
2026-06-03 06:49:00,382 [INFO] CodeEngine:255 - oldGeneratedFile, D:\Project_2026\Modbud_MFM383A-C\STM32F407VGT\MFM383\MXTmpFiles\license.tmp_save
2026-06-03 06:49:00,532 [INFO] CodeEngine:279 - Generated code: D:\Project_2026\Modbud_MFM383A-C\STM32F407VGT\MFM383\MXTmpFiles\license.tmp
2026-06-03 06:49:00,560 [INFO] CodeEngine:255 - oldGeneratedFile, D:\Project_2026\Modbud_MFM383A-C\STM32F407VGT\MFM383\MXTmpFiles\gpio.tmp_save
2026-06-03 06:49:00,712 [INFO] CodeEngine:279 - Generated code: D:\Project_2026\Modbud_MFM383A-C\STM32F407VGT\MFM383\MXTmpFiles\gpio.tmp
2026-06-03 06:49:00,745 [INFO] CodeEngine:255 - oldGeneratedFile, D:\Project_2026\Modbud_MFM383A-C\STM32F407VGT\MFM383\Core\Src\stm32f4xx_it.c_save
2026-06-03 06:49:00,880 [INFO] CodeEngine:279 - Generated code: D:\Project_2026\Modbud_MFM383A-C\STM32F407VGT\MFM383\Core\Src\stm32f4xx_it.c
2026-06-03 06:49:00,888 [INFO] CodeEngine:255 - oldGeneratedFile, D:\Project_2026\Modbud_MFM383A-C\STM32F407VGT\MFM383\Core\Inc\stm32f4xx_it.h_save
2026-06-03 06:49:00,991 [INFO] CodeEngine:279 - Generated code: D:\Project_2026\Modbud_MFM383A-C\STM32F407VGT\MFM383\Core\Inc\stm32f4xx_it.h
2026-06-03 06:49:01,020 [INFO] CodeEngine:255 - oldGeneratedFile, D:\Project_2026\Modbud_MFM383A-C\STM32F407VGT\MFM383\Core\Src\stm32f4xx_hal_msp.c_save
2026-06-03 06:49:01,241 [INFO] CodeEngine:279 - Generated code: D:\Project_2026\Modbud_MFM383A-C\STM32F407VGT\MFM383\Core\Src\stm32f4xx_hal_msp.c
2026-06-03 06:49:01,249 [INFO] CodeEngine:255 - oldGeneratedFile, D:\Project_2026\Modbud_MFM383A-C\STM32F407VGT\MFM383\MXTmpFiles\system.tmp_save
2026-06-03 06:49:01,355 [INFO] CodeEngine:279 - Generated code: D:\Project_2026\Modbud_MFM383A-C\STM32F407VGT\MFM383\MXTmpFiles\system.tmp
2026-06-03 06:49:01,387 [INFO] CodeEngine:311 - oldGeneratedFile, D:\Project_2026\Modbud_MFM383A-C\STM32F407VGT\MFM383\Core\Inc\stm32f4xx_hal_conf.h_save
2026-06-03 06:49:01,624 [INFO] CodeEngine:335 - Generated code: D:\Project_2026\Modbud_MFM383A-C\STM32F407VGT\MFM383\Core\Inc\stm32f4xx_hal_conf.h
2026-06-03 06:49:01,725 [INFO] CodeEngine:255 - oldGeneratedFile, D:\Project_2026\Modbud_MFM383A-C\STM32F407VGT\MFM383\Core\Inc\main.h_save
2026-06-03 06:49:01,819 [INFO] CodeEngine:279 - Generated code: D:\Project_2026\Modbud_MFM383A-C\STM32F407VGT\MFM383\Core\Inc\main.h
2026-06-03 06:49:01,835 [INFO] CodeEngine:255 - oldGeneratedFile, D:\Project_2026\Modbud_MFM383A-C\STM32F407VGT\MFM383\Core\Src\main.c_save
2026-06-03 06:49:01,962 [INFO] CodeEngine:279 - Generated code: D:\Project_2026\Modbud_MFM383A-C\STM32F407VGT\MFM383\Core\Src\main.c
2026-06-03 06:49:02,378 [INFO] ProjectBuilder:3249 - Time for Copy HAL[1] : 153mS.
2026-06-03 06:49:02,381 [INFO] ProjectBuilder:4828 - Project Generator version: 4.4.0-B60
2026-06-03 06:49:02,488 [INFO] ConfigFileManager:1531 - The Die is : DIE413
2026-06-03 06:49:03,875 [INFO] ProjectBuilder:5097 - Time for Generating toolchain IDE Files: 1494mS.
2026-06-03 06:49:03,876 [INFO] ProjectBuilder:3107 - Time for Copy CMSIS : 1mS.
2026-06-03 06:49:03,879 [INFO] ProjectBuilder:3107 - Time for Copy CMSIS : 0mS.
2026-06-03 19:04:38,624 [INFO] WebApp:189 - Connection lost
2026-06-03 19:04:53,253 [INFO] WebApp:186 - Connection restablished
2026-06-03 19:04:53,373 [INFO] WebApp:189 - Connection lost
2026-06-03 19:04:53,558 [INFO] WebApp:186 - Connection restablished
2026-06-03 19:05:59,036 [ERROR] LogOutputStream:75 - [STDERR_REDIRECT] 
